KEYWORD_ID,KEYWORD_NAME,KEYWORDUP,MENTION_CNT
1,가지,가지,7
2,간식,간식,7
3,간장,간장,5
4,감귤,감귤,2
5,감자,감자,7
6,감자칩,감자칩,4
7,개맛,개맛,1
8,게장,게장,2
9,계란,계란,6
10,고구마,고구마,6
11,고기,고기,7
12,고깃집,고깃집,1
13,곰젤리,곰젤리,2
14,곱창,곱창,4
15,곶감,곶감,4
16,과일,과일,8
17,과자,과자,7
18,교촌치킨,교촌치킨,2
19,구이,구이,4
20,구합,구합,1
21,국,국,2
22,국물,국물,7
23,국수,국수,8
24,굴랍,굴랍,2
25,귤,귤,7
26,급식,급식,3
27,김치,김치,6
28,깍두기,깍두기,6
29,깨,깨,6
30,꿀,꿀,8
31,날치,날치,3
32,다이닝,다이닝,2
33,달걀,달걀,4
34,닭발,닭발,8
35,당고,당고,2
36,당근,당근,6
37,대게,대게,2
38,대파,대파,3
39,도넛,도넛,8
40,도시락,도시락,3
41,돼지,돼지,6
42,떡,떡,8
43,떡국,떡국,3
44,떡볶이,떡볶이,8
45,라떼,라떼,6
46,라면,라면,9
47,라바,라바,6
48,레시피,레시피,8
49,롤,롤,7
50,마요네즈,마요네즈,4
51,만두,만두,8
52,맛,맛,9
53,맛집,맛집,6
54,맥주,맥주,5
55,머랭,머랭,4
56,머스켓,머스켓,3
57,먹기,먹기,9
58,먹방,먹방,9
59,메뉴,메뉴,8
60,메이드카페,메이드카페,1
61,모찌,모찌,6
62,문어,문어,1
63,물떡,물떡,2
64,바게트,바게트,3
65,바나나,바나나,6
66,발라,발라,4
67,밥,밥,9
68,밥버거,밥버거,2
69,배,배,7
70,배떡,배떡,2
71,배스킨라빈스,배스킨라빈스,2
72,백종원,백종원,3
73,버블티,버블티,5
74,복숭아,복숭아,6
75,볶이,볶이,5
76,분식,분식,2
77,불닭,불닭,9
78,불닭볶음면,불닭볶음면,5
79,붕어빵,붕어빵,5
80,뷔페,뷔페,2
81,비빔,비빔,3
82,비빔밥,비빔밥,3
83,비상식량,비상식량,2
84,빙수,빙수,6
85,빵,빵,9
86,사과,사과,6
87,살,살,9
88,살이,살이,5
89,삼겹살,삼겹살,7
90,생선,생선,3
91,생크림,생크림,8
92,소세지,소세지,7
93,소스,소스,8
94,소주,소주,3
95,수박,수박,7
96,수세미,수세미,2
97,수저,수저,1
98,술,술,5
99,숯불,숯불,3
100,스낵,스낵,5
101,스테이크,스테이크,5
102,시식,시식,3
103,식당,식당,5
104,식빵,식빵,6
105,식품,식품,4
106,신라면,신라면,5
107,신맛,신맛,5
108,쌈장,쌈장,1
109,씨,씨,4
110,아보카도,아보카도,2
111,아이스크림,아이스크림,9
112,아침식사,아침식사,1
113,알밥,알밥,1
114,양념,양념,5
115,양파,양파,4
116,연어,연어,8
117,연어초밥,연어초밥,4
118,오믈렛,오믈렛,2
119,옥수수,옥수수,6
120,요거트,요거트,7
121,요리,요리,3
122,요리사,요리사,5
123,우유,우유,9
124,우유팩,우유팩,3
125,위장,위장,1
126,음식,음식,6
127,입,입,4
128,장어,장어,3
129,제품,제품,6
130,젤라또,젤라또,4
131,젤리,젤리,8
132,죽,죽,3
133,죽순,죽순,4
134,짜장,짜장,4
135,쫀득쿠키,쫀득쿠키,4
136,찜,찜,6
137,찜닭,찜닭,5
138,체리,체리,5
139,초밥,초밥,4
140,초코,초코,9
141,초코파이,초코파이,4
142,초콜릿,초콜릿,9
143,초콜릿케이크,초콜릿케이크,2
144,치마,치마,1
145,치실,치실,1
146,치즈,치즈,9
147,치즈볼,치즈볼,6
148,치즈스틱,치즈스틱,2
149,치킨,치킨,9
150,칩,칩,6
151,카나,카나,2
152,커피,커피,7
153,컵,컵,6
154,컵라면,컵라면,5
155,케비어,케비어,1
156,케이크,케이크,9
157,케익,케익,4
158,콜라,콜라,6
159,쿠우,쿠우,2
160,쿠키,쿠키,9
161,크로와상,크로와상,4
162,킨,킨,3
163,탕,탕,8
164,토스트,토스트,7
165,통닭,통닭,2
166,통조림,통조림,4
167,튀김,튀김,8
168,티,티,5
169,파,파,6
170,파네,파네,2
171,파스타,파스타,7
172,판다,판다,5
173,팔지,팔지,1
174,팝콘,팝콘,4
175,팥빙,팥빙,1
176,포도,포도,5
177,피자,피자,7
178,허니버터칩,허니버터칩,2
179,화과자,화과자,2
180,가래떡,가래떡,3
181,감자전,감자전,3
182,개구리,개구리,4
183,견과류,견과류,2
184,겹겹이,겹겹이,1
185,계란후라이,계란후라이,3
186,고추,고추,5
187,구매,구매,3
188,구우,구우,4
189,글리터,글리터,1
190,까눌레,까눌레,1
191,깡,깡,1
192,꼬끄,꼬끄,1
193,꼬치,꼬치,6
194,꿀떡,꿀떡,6
195,끼,끼,5
196,닭다리,닭다리,2
197,당,당,2
198,대추야자,대추야자,2
199,돈코츠,돈코츠,2
200,두부,두부,4
201,땅콩,땅콩,4
202,라멘,라멘,3
203,레몬,레몬,5
204,마늘,마늘,4
205,마늘빵,마늘빵,2
206,마카,마카,3
207,마카롱,마카롱,6
208,막대과자,막대과자,1
209,망고,망고,6
210,맥,맥,4
211,메뉴판,메뉴판,1
212,메론빵,메론빵,4
213,면,면,4
214,모과,모과,1
215,모짜렐라,모짜렐라,2
216,물고기,물고기,1
217,바클라바,바클라바,1
218,반찬,반찬,1
219,버거,버거,7
220,버섯,버섯,4
221,버터,버터,7
222,벌레,벌레,2
223,베이커리,베이커리,3
224,베이컨,베이컨,3
225,병조림,병조림,2
226,불가사리,불가사리,1
227,불고기,불고기,2
228,비늘,비늘,1
229,뽕,뽕,2
230,사탕,사탕,6
231,사탕수수,사탕수수,4
232,새우,새우,3
233,샌드위치,샌드위치,5
234,생선회,생선회,1
235,석류,석류,3
236,설탕,설탕,4
237,소,소,4
238,소맥,소맥,1
239,소면,소면,1
240,순대,순대,3
241,숯,숯,2
242,스무디,스무디,3
243,스시,스시,1
244,스쿱,스쿱,1
245,스타벅스,스타벅스,4
246,스테이,스테이,2
247,시럽,시럽,5
248,시리얼,시리얼,5
249,식,식,3
250,식감,식감,5
251,식용,식용,2
252,식이,식이,3
253,쌈,쌈,5
254,안주,안주,2
255,야끼소바,야끼소바,3
256,야채,야채,2
257,양갱,양갱,3
258,양배추,양배추,2
259,열대과일,열대과일,2
260,열매,열매,5
261,엿,엿,3
262,오리,오리,4
263,와플,와플,5
264,왕가탕후루,왕가탕후루,2
265,육포,육포,2
266,인삼,인삼,1
267,인절미,인절미,2
268,자몽,자몽,4
269,작물,작물,3
270,잡채,잡채,1
271,전문점,전문점,2
272,점토,점토,1
273,제과,제과,1
274,죠스,죠스,1
275,주스,주스,3
276,즙,즙,4
277,짜장면,짜장면,5
278,쪽파,쪽파,2
279,쫀드기,쫀드기,3
280,쫀득빵,쫀득빵,2
281,찌,찌,4
282,찰밥,찰밥,2
283,참깨,참깨,2
284,찹쌀,찹쌀,5
285,찹쌀떡,찹쌀떡,6
286,채소,채소,4
287,초콜렛,초콜렛,4
288,추석,추석,3
289,치즈케이크,치즈케이크,4
290,칠리,칠리,1
291,케찹,케찹,4
292,코카콜라,코카콜라,3
293,코코넛,코코넛,5
294,콩나물,콩나물,2
295,쿠카,쿠카,1
296,쿡,쿡,4
297,크래커,크래커,1
298,크랜베리,크랜베리,2
299,크레페,크레페,2
300,크림,크림,8
301,타키,타키,1
302,토마토,토마토,6
303,토핑된,토핑된,1
304,통귤,통귤,5
305,튜바,튜바,1
306,특산,특산,1
307,파바,파바,2
308,파빵,파빵,1
309,파이,파이,1
310,파인애플,파인애플,6
311,파파야,파파야,2
312,팬케이크,팬케이크,1
313,페레로,페레로,1
314,페퍼,페퍼,1
315,포슬,포슬,1
316,포켓몬빵,포켓몬빵,3
317,퐁당,퐁당,8
318,퐁듀,퐁듀,2
319,푸드,푸드,2
320,풍선껌,풍선껌,2
321,프레첼,프레첼,2
322,피단,피단,1
323,피스타치오,피스타치오,6
324,한우,한우,4
325,핫도그,핫도그,5
326,해산물,해산물,3
327,햄,햄,3
328,햄버거,햄버거,6
329,햇반,햇반,4
330,홈플러스,홈플러스,3
331,회,회,3
332,후렌치,후렌치,1
333,간장게장,간장게장,4
334,갈비,갈비,2
335,고다,고다,1
336,고디바,고디바,2
337,고추장,고추장,3
338,과즙,과즙,1
339,국룰,국룰,3
340,김,김,4
341,김장,김장,2
342,냉면,냉면,4
343,닭,닭,4
344,닭강정,닭강정,3
345,던킨,던킨,2
346,던킨도너츠,던킨도너츠,1
347,동파육,동파육,2
348,딸기모찌,딸기모찌,4
349,레시,레시,1
350,만둣국,만둣국,1
351,매,매,1
352,맥도날드,맥도날드,4
353,멸치,멸치,2
354,반상,반상,1
355,베이글,베이글,3
356,베이커,베이커,1
357,보쌈김치,보쌈김치,2
358,보양식,보양식,1
359,볶음,볶음,3
360,비빔면,비빔면,4
361,빵집,빵집,2
362,빼빼로,빼빼로,4
363,살로,살로,1
364,샌드,샌드,3
365,손맛,손맛,1
366,쇼핑,쇼핑,1
367,수박화채,수박화채,3
368,스니커즈,스니커즈,1
369,오징어,오징어,7
370,와인,와인,2
371,유부초밥,유부초밥,3
372,육,육,1
373,육즙,육즙,3
374,일식,일식,1
375,입맛,입맛,5
376,정식,정식,3
377,제육,제육,1
378,집밥,집밥,1
379,짜파게티,짜파게티,5
380,찐빵,찐빵,2
381,치밥,치밥,3
382,치즈버거,치즈버거,1
383,카레,카레,3
384,칼국수,칼국수,3
385,콘치,콘치,4
386,콘푸,콘푸,1
387,콩볼,콩볼,1
388,파김치,파김치,2
389,팥,팥,2
390,햄북,햄북,1
391,갈비찜,갈비찜,1
392,갈비탕,갈비탕,1
393,감,감,2
394,개밥,개밥,1
395,건빵,건빵,3
396,과카,과카,1
397,구찌,구찌,2
398,구토,구토,1
399,국밥,국밥,2
400,국밥집,국밥집,1
401,굴,굴,1
402,귀뚜라미,귀뚜라미,2
403,귤밭,귤밭,1
404,그릇,그릇,2
405,김밥,김밥,5
406,껌,껌,3
407,꿩,꿩,1
408,낫또,낫또,3
409,녹말,녹말,2
410,누룽지,누룽지,1
411,다이소,다이소,4
412,단호박,단호박,1
413,달걀후라이,달걀후라이,1
414,닭고기,닭고기,1
415,도너츠,도너츠,3
416,도토리묵,도토리묵,1
417,돈까스,돈까스,1
418,돼지껍데기,돼지껍데기,1
419,된장,된장,1
420,등골,등골,2
421,레몬에이드,레몬에이드,2
422,레스토랑,레스토랑,1
423,롯데리아,롯데리아,3
424,마가린,마가린,1
425,막걸리,막걸리,1
426,맛동산,맛동산,2
427,맛탕,맛탕,1
428,매운탕,매운탕,1
429,머스타드,머스타드,1
430,먹어봣다,먹어봣다,1
431,메인,메인,1
432,메추리,메추리,2
433,모카,모카,2
434,묵,묵,1
435,밀크,밀크,3
436,바오밥,바오밥,1
437,박하사탕,박하사탕,1
438,밥솥,밥솥,1
439,밥통,밥통,2
440,밥투정,밥투정,1
441,배추,배추,1
442,볶음밥,볶음밥,2
443,분식점,분식점,1
444,분식집,분식집,1
445,빵빵,빵빵,2
446,사료,사료,2
447,삼계탕,삼계탕,2
448,상추,상추,1
449,새우깡,새우깡,2
450,샐러드,샐러드,2
451,생수,생수,2
452,설렁탕,설렁탕,1
453,셰프,셰프,1
454,소시지,소시지,1
455,쇼콜라,쇼콜라,1
456,수산시장,수산시장,2
457,수제비,수제비,1
458,수확,수확,2
459,스파게티,스파게티,2
460,스팸떡,스팸떡,1
461,스프,스프,2
462,식용유,식용유,1
463,식탐,식탐,2
464,쌀,쌀,1
465,쌀밥,쌀밥,1
466,씨방,씨방,1
467,아몬드,아몬드,1
468,아침밥,아침밥,1
469,양념치킨,양념치킨,3
470,어묵,어묵,2
471,오므라이스,오므라이스,2
472,요구르트,요구르트,3
473,울산쫀드기,울산쫀드기,1
474,워터,워터,3
475,육수,육수,1
476,이케아,이케아,2
477,전기밥솥,전기밥솥,1
478,전어,전어,1
479,젖병,젖병,2
480,조개탕후루,조개탕후루,1
481,조리기구,조리기구,1
482,조리법,조리법,1
483,조림,조림,1
484,족발,족발,3
485,주먹밥,주먹밥,2
486,중국집,중국집,1
487,중식,중식,1
488,쥬스,쥬스,3
489,지방,지방,1
490,짜장라면,짜장라면,2
491,짬뽕,짬뽕,2
492,참치,참치,3
493,청포묵,청포묵,1
494,체굴,체굴,1
495,초코쿠키,초코쿠키,4
496,초콜릿공장,초콜릿공장,1
497,취두부,취두부,1
498,취사,취사,1
499,카라멜,카라멜,3
500,카스타드,카스타드,1
501,컵밥,컵밥,2
502,컵케이크,컵케이크,2
503,케첩,케첩,1
504,콘,콘,2
505,쿠킹호일,쿠킹호일,1
506,타르트,타르트,1
507,태깡,태깡,1
508,토마토주스,토마토주스,1
509,투게더,투게더,2
510,포카,포카,1
511,포카칩,포카칩,1
512,푸룬주스,푸룬주스,1
513,피,피,5
514,피자스쿨,피자스쿨,1
515,핫소스,핫소스,1
516,핫케익,핫케익,1
517,해먹,해먹,3
518,호두과자,호두과자,2
519,호빵,호빵,2
520,갈기,갈기,1
521,거미,거미,1
522,걸레,걸레,1
523,계란노른자,계란노른자,1
524,계란빵,계란빵,1
525,계란찜,계란찜,2
526,과유,과유,1
527,국뽕,국뽕,1
528,금귤,금귤,2
529,꽈리,꽈리,2
530,녹차,녹차,1
531,다시마,다시마,1
532,단백,단백,2
533,대식,대식,1
534,대추,대추,1
535,두부김치,두부김치,1
536,뚝배기,뚝배기,1
537,라핑탕,라핑탕,1
538,마끼아또,마끼아또,1
539,맛나,맛나,1
540,맛남샌드,맛남샌드,1
541,매실,매실,1
542,맥심,맥심,1
543,머핀,머핀,1
544,먹스나,먹스나,1
545,먹스나님,먹스나님,2
546,먹어봤슈,먹어봤슈,1
547,먹음,먹음,4
548,미라클,미라클,1
549,밀키스,밀키스,1
550,바나나빵,바나나빵,1
551,밥맛,밥맛,1
552,밥알,밥알,1
553,베리,베리,2
554,분유,분유,1
555,상품,상품,1
556,소라빵,소라빵,2
557,슈크림,슈크림,2
558,식단,식단,1
559,쑥떡,쑥떡,1
560,에스프레소,에스프레소,2
561,우동,우동,3
562,이유식,이유식,1
563,절임,절임,1
564,접시,접시,1
565,쥬레,쥬레,1
566,쥬시,쥬시,1
567,찜통,찜통,1
568,착즙,착즙,1
569,청양고추,청양고추,2
570,청포도,청포도,1
571,초코바나나,초코바나나,1
572,초코우유,초코우유,3
573,초코케익,초코케익,1
574,치,치,4
575,침수,침수,1
576,카카오,카카오,2
577,카페라떼,카페라떼,1
578,컨,컨,1
579,케로로빵,케로로빵,1
580,코볼,코볼,1
581,코스,코스,1
582,코스트코,코스트코,3
583,콩,콩,2
584,콩국,콩국,1
585,콩물,콩물,1
586,쿄호젤리,쿄호젤리,1
587,크리스피크림,크리스피크림,2
588,크림브륄레,크림브륄레,1
589,팬케익,팬케익,1
590,페티,페티,2
591,페페,페페,1
592,포테이토,포테이토,1
593,핫초코,핫초코,1
594,해물,해물,2
595,허니,허니,1
596,호박,호박,2
597,홍시,홍시,1
598,후라이팬,후라이팬,1
599,후식,후식,1
600,훠궈,훠궈,2
601,고래,고래,1
602,김치라면,김치라면,1
603,닭볶음탕,닭볶음탕,2
604,만두전골,만두전골,1
605,모밀,모밀,1
606,묵빵,묵빵,1
607,순두부,순두부,1
608,열라면,열라면,1
609,조개,조개,1
610,쫄면,쫄면,1
611,고등어,고등어,2
612,고래밥,고래밥,2
613,곰탕,곰탕,1
614,꽈자,꽈자,1
615,낙지,낙지,1
616,남탕,남탕,1
617,닭꼬치,닭꼬치,1
618,된장찌개,된장찌개,1
619,딸기탕후루,딸기탕후루,1
620,라시,라시,1
621,미역,미역,1
622,밀,밀,1
623,벌꿀,벌꿀,1
624,보리차,보리차,1
625,보쌈,보쌈,1
626,브레드,브레드,1
627,브로콜리,브로콜리,2
628,뼈,뼈,2
629,사발면,사발면,1
630,사시미,사시미,1
631,사자,사자,1
632,산낙지,산낙지,1
633,살수,살수,1
634,삼각김밥,삼각김밥,1
635,소고기,소고기,2
636,소시,소시,1
637,스크림,스크림,1
638,스폰지밥,스폰지밥,1
639,쌀국수,쌀국수,2
640,씨리얼,씨리얼,1
641,오뚜기,오뚜기,1
642,오리온,오리온,1
643,찜로,찜로,1
644,츠카,츠카,1
645,치맥,치맥,1
646,코바,코바,1
647,쿠키런,쿠키런,1
648,크런치,크런치,1
649,크런키,크런키,1
650,키바,키바,1
651,파가,파가,1
652,포케몬,포케몬,1
653,프라이,프라이,1
654,피리,피리,1
655,피즈,피즈,1
656,핫케이크,핫케이크,1
657,핫팩,핫팩,1
658,홍어,홍어,1
659,후르트텔,후르트텔,1
660,고라니,고라니,1
661,고자,고자,1
662,고추가,고추가,1
663,골뱅이,골뱅이,1
664,김치냉장고,김치냉장고,1
665,까치,까치,1
666,꽁초,꽁초,1
667,나물,나물,1
668,라바샥,라바샥,1
669,럭키,럭키,1
670,레베카,레베카,1
671,롤케이크,롤케이크,1
672,매실장아찌,매실장아찌,1
673,머그,머그,1
674,머치,머치,1
675,먹어보쟈,먹어보쟈,1
676,명란젓,명란젓,1
677,모나리자,모나리자,1
678,물건,물건,1
679,물밥,물밥,1
680,미역국,미역국,1
681,밀카,밀카,1
682,바세린,바세린,1
683,버거킹,버거킹,2
684,버터쿠키,버터쿠키,1
685,부대찌개,부대찌개,1
686,부리또,부리또,1
687,비스킷,비스킷,1
688,살사,살사,1
689,생굴,생굴,1
690,생활비,생활비,1
691,스네이크,스네이크,1
692,스튜,스튜,1
693,식기세척기,식기세척기,1
694,식성,식성,1
695,야자나무,야자나무,1
696,야자수,야자수,1
697,양동이,양동이,1
698,열대,열대,1
699,오일,오일,1
700,우럭,우럭,1
701,자살,자살,1
702,장아찌,장아찌,1
703,제비,제비,1
704,조식,조식,1
705,좁쌀,좁쌀,1
706,찬,찬,1
707,캐슈넛,캐슈넛,1
708,커리,커리,1
709,케잌,케잌,1
710,크레이프,크레이프,1
711,타코,타코,1
712,파니,파니,1
713,파자마파티,파자마파티,1
714,파채,파채,1
715,팥죽,팥죽,1
716,페르시아,페르시아,1
717,페타,페타,1
718,호두,호두,1
719,훈제,훈제,1
720,까르보불닭,까르보불닭,1
721,두산베어스,두산베어스,1
722,로투스도넛,로투스도넛,1
723,부추,부추,1
724,소보로빵,소보로빵,1
725,양과자,양과자,1
726,오리로,오리로,1
727,올리브,올리브,1
728,쿠토,쿠토,1
729,키친,키친,1
730,피스,피스,1
731,후라이드,후라이드,1
