post_id,keywordname
post_1,소시지
post_1,육식
post_2,드링크
post_2,음료
post_2,편의점
post_3,보리차
post_4,제품
post_4,찹쌀
post_4,도넛
post_5,제공
post_5,케이
post_5,먹방
post_8,정식
post_8,초밥
post_8,깍두기
post_8,불닭
post_8,연어
post_9,라면
post_9,디저트
post_10,초콜릿
post_10,과일
post_10,작물
post_10,옥수수
post_10,구황
post_10,케이
post_11,기름
post_12,분식집
post_12,분식
post_12,짜장
post_12,물라
post_12,불닭
post_12,라면
post_12,라구
post_13,제품
post_13,소시지
post_13,소세지
post_14,페스
post_14,과자
post_15,스푼
post_15,레시
post_15,카레
post_15,스테이크
post_15,재료
post_15,식빵
post_15,순이
post_15,레시피
post_15,스테이
post_15,토스트
post_15,버터
post_15,크래커
post_15,라면
post_15,밥도둑
post_15,요리
post_16,페스
post_16,과자
post_17,스프
post_17,라면
post_17,라구
post_18,먹방
post_19,콜라
post_20,스프
post_20,무화과
post_20,오리
post_20,순이
post_20,구매
post_20,초콜릿
post_20,스프레드
post_20,베리
post_20,올리브
post_20,미슐랭
post_20,버터
post_20,단맛
post_20,크래커
post_20,디저트
post_20,카오
post_20,요리
post_21,파스타
post_21,김치
post_21,마늘
post_21,간장
post_21,고추
post_21,해산물
post_21,양념
post_21,카레
post_21,스테이크
post_21,치토스
post_21,김치볶음밥
post_21,식빵
post_21,볶음
post_21,설탕
post_21,해먹
post_21,한밤
post_21,우유
post_21,치즈
post_21,오일
post_21,볶음밥
post_21,스테이
post_21,샌드위치
post_21,라이
post_21,토스트
post_21,미슐랭
post_21,버터
post_21,달걀
post_21,집밥
post_21,계란
post_21,연어
post_21,요리
post_21,샌드
post_22,곱창
post_22,식감
post_23,퍼지
post_23,과자
post_23,레시
post_23,베이
post_23,재료
post_23,레시피
post_23,쿠키
post_23,과일
post_23,베이글
post_23,베리
post_23,스콘
post_23,버터
post_23,단맛
post_23,꿀맛
post_23,라면
post_23,카오
post_24,잠봉뵈르
post_24,라구
post_25,쫀득
post_25,음식
post_25,간장
post_25,재료
post_25,꾸덕
post_25,버터
post_25,크래커
post_25,계란
post_25,먹방
post_25,요리
post_26,페스
post_26,과자
post_26,쿠키
post_27,코야
post_27,호두과자
post_27,과자
post_27,타코
post_27,타코야끼
post_27,라구
post_28,파스타
post_28,매실
post_28,삼양
post_28,크림
post_28,밀크
post_28,단백
post_29,제품
post_29,상품
post_29,크리미
post_29,마늘
post_29,땅콩
post_29,비빔면
post_29,재료
post_29,크림
post_29,칼빔면
post_29,구매
post_29,쫄면
post_29,스타벅스
post_29,소스
post_29,식용
post_29,비빔
post_29,버터
post_29,기름
post_29,배홍동
post_29,기프
post_29,농심
post_30,타르트
post_30,라면
post_31,과자
post_31,디저트
post_33,먹방
post_35,닭발
post_35,치민
post_37,터키쉬딜
post_37,젤리
post_37,라이
post_37,간식
post_38,메뉴
post_38,피자
post_38,피자헛
post_38,고기
post_38,불고기
post_39,스프
post_39,스프레드
post_39,카스타드
post_39,카스
post_39,칼디
post_39,디저트
post_40,아이스크림
post_40,레시
post_40,베이
post_40,크림
post_40,레시피
post_40,푸딩
post_40,베이킹
post_40,아이스
post_40,스크림
post_41,고추장
post_41,마늘
post_41,간장
post_41,고추
post_41,레시
post_41,참깨
post_41,양념
post_41,칼빔면
post_41,설탕
post_41,레시피
post_41,소스
post_41,불닭
post_41,기름
post_42,제품
post_42,베이
post_42,푸딩
post_42,베이킹
post_44,음식
post_44,레시
post_44,베이
post_44,레시피
post_44,밥솥
post_44,베이킹
post_44,요리
post_46,나물
post_46,콩나물
post_47,떡볶이
post_48,대추야자
post_48,간식
post_49,크림
post_49,딸기
post_50,쫀득
post_50,레시
post_50,베이
post_50,쫀득쿠키
post_50,쫀득쿠
post_50,레시피
post_50,쿠키
post_50,베이킹
post_51,후추
post_51,마늘
post_51,간장
post_51,레시
post_51,베이
post_51,양념
post_51,재료
post_51,마트
post_51,설탕
post_51,고기
post_51,해먹
post_51,레시피
post_51,베이킹
post_51,달걀
post_51,기름
post_51,요리
post_52,요구르트
post_52,메뉴
post_52,아이스크림
post_52,요거
post_52,크림
post_52,아이스
post_52,꾸덕
post_52,요거트
post_52,스크림
post_53,젤리
post_53,간식
post_54,치킨집
post_54,두릅
post_54,레시
post_54,베이
post_54,레시피
post_54,베이킹
post_54,치킨
post_56,파인애플
post_56,캔디
post_56,공짜
post_56,시럽
post_57,제품
post_57,라가
post_57,베이
post_57,스테이
post_57,라이
post_57,파이
post_58,무침
post_58,라구
post_59,메뉴
post_59,용량
post_59,음식
post_59,만두
post_59,한식
post_59,튀김
post_59,배추
post_59,재료
post_59,순이
post_59,피자
post_59,워터
post_59,국물
post_59,해물
post_59,생선
post_59,다이어터
post_59,도시락
post_59,소스
post_59,오븐
post_59,전자렌지
post_59,구이
post_59,기름
post_59,라면
post_59,오징어
post_59,돈가스
post_59,요리
post_60,짜파게티
post_60,용량
post_60,음식
post_60,구매
post_60,피자
post_60,워터
post_60,국물
post_60,생선
post_60,다이어터
post_60,소스
post_60,오븐
post_60,젖병
post_60,기름
post_60,식단
post_60,라면
post_60,라구
post_60,돈가스
post_60,요리
post_61,파인애플
post_61,베이
post_61,캔디
post_61,베이킹
post_61,통조림
post_61,조림
post_61,디저트
post_62,레몬
post_62,메뉴
post_62,음식
post_62,간장
post_62,재료
post_62,다이어터
post_62,도시락
post_62,소스
post_62,오븐
post_62,전자렌지
post_62,기름
post_62,식단
post_62,연어
post_62,시럽
post_62,요리
post_63,만두
post_63,모로
post_63,소스
post_63,오븐
post_63,가지
post_63,구이
post_63,요리
post_64,짜파게티
post_64,상품
post_64,레시
post_64,요리사
post_64,레시피
post_64,농심
post_64,요리
post_65,김치
post_65,참치
post_65,마늘
post_65,간장
post_65,과자
post_65,레시
post_65,양념
post_65,재료
post_65,버섯
post_65,양파
post_65,국물
post_65,설탕
post_65,해먹
post_65,레시피
post_65,팽이버섯
post_65,순두부
post_65,반찬
post_65,통조림
post_65,조림
post_65,식용
post_65,전자렌지
post_65,팽이
post_65,기름
post_65,카오
post_65,요리
post_65,두부
post_66,요거
post_66,라면
post_66,라구
post_67,음식
post_68,제품
post_68,스트코
post_68,과자
post_68,아이스크림
post_68,크림
post_68,초콜릿
post_68,코스
post_68,아이스
post_68,코스트코
post_68,간식
post_68,꼬다리
post_68,초코
post_68,라구
post_68,스크림
post_69,베이
post_69,설탕
post_69,순두부
post_69,베이킹
post_69,국수
post_69,간식
post_69,두부
post_70,재료
post_70,먹방
post_70,라구
post_71,레시
post_71,재료
post_71,레시피
post_71,날치
post_71,소스
post_71,불닭
post_71,연어
post_72,식혜
post_72,젤라틴
post_72,레시
post_72,마시
post_72,재료
post_72,워터
post_72,설탕
post_72,레시피
post_72,젤리
post_72,바나나
post_72,얼음
post_72,젤라
post_72,바나
post_72,라구
post_73,한과
post_73,과자
post_73,레시
post_73,레시피
post_74,마라탕
post_75,음식
post_75,베이
post_75,피자
post_75,베이킹
post_76,음식
post_76,마늘
post_76,간장
post_76,덮밥
post_76,레시
post_76,재료
post_76,양파
post_76,장어
post_76,설탕
post_76,레시피
post_76,소스
post_76,대파
post_76,달걀
post_76,라구
post_77,레시
post_77,베이
post_77,달고나
post_77,구매
post_77,레시피
post_77,베이킹
post_78,베이
post_78,카스테라
post_78,밥솥
post_78,베이킹
post_78,카스
post_79,카레
post_79,카스테라
post_79,마라탕
post_79,베리
post_79,밥솥
post_79,카스
post_79,요리
post_80,베이
post_80,요리사
post_80,베이킹
post_80,요리
post_81,레시
post_81,소고기
post_81,고기
post_81,레시피
post_82,홍어
post_82,간식
post_83,고추장
post_83,고추
post_84,코야
post_84,레시
post_84,튀김
post_84,스프
post_84,문어
post_84,재료
post_84,볶음
post_84,피자
post_84,타코
post_84,해먹
post_84,불닭볶음면
post_84,레시피
post_84,소스
post_84,치즈
post_84,타코야끼
post_84,옥수수
post_84,식용
post_84,불닭
post_84,달걀
post_85,레시
post_85,재료
post_85,식빵
post_85,피자
post_85,양파
post_85,해먹
post_85,레시피
post_85,치즈
post_85,옥수수
post_85,라이
post_85,간식
post_85,버터
post_86,베이
post_86,재료
post_86,마카
post_86,치즈
post_86,가지
post_86,부대찌개
post_86,식당
post_87,아이스크림
post_87,재료
post_87,크림
post_87,식감
post_87,입맛
post_87,해먹
post_87,아이스
post_87,가지
post_87,젤라
post_87,젤라또
post_87,스크림
post_88,프리마
post_88,프림
post_89,후추
post_89,레시
post_89,베이
post_89,슬라
post_89,재료
post_89,피자
post_89,양파
post_89,레시피
post_89,치즈
post_89,라이
post_89,베이킹
post_89,올리브
post_90,스트코
post_90,마트
post_90,코스
post_90,코스트코
post_90,이마트
post_91,찹쌀
post_91,쫀득
post_91,레시
post_91,재료
post_91,설탕
post_91,카스테라
post_91,우유
post_91,레시피
post_91,호박
post_91,단호박
post_91,카스
post_91,식용
post_92,삼겹살
post_92,레시
post_92,양파
post_92,고기
post_92,레시피
post_92,요리
post_93,크록스
post_93,간식
post_93,버터
post_94,음식
post_94,팟타이
post_94,레시
post_94,재료
post_94,타마
post_94,레시피
post_94,간식
post_94,라구
post_95,카레
post_95,떡볶이
post_95,분식
post_95,우동
post_95,쫄면
post_95,맛집
post_95,치즈
post_96,짜장
post_96,짜장면
post_96,개구리
post_97,피자스쿨
post_97,베이
post_97,피자
post_97,소스
post_97,베이킹
post_97,고구마
post_98,김치
post_98,마늘
post_98,레시
post_98,베이
post_98,참깨
post_98,재료
post_98,볶음
post_98,레시피
post_98,볶음밥
post_98,대파
post_98,베이킹
post_98,식용
post_98,간식
post_98,달걀
post_98,기름
post_98,계란
post_99,찹쌀
post_99,망고
post_99,레시
post_99,베이
post_99,재료
post_99,크림
post_99,수건케이크
post_99,케이크
post_99,설탕
post_99,우유
post_99,레시피
post_99,타피오카
post_99,과일
post_99,베이킹
post_99,찹쌀떡
post_99,버터
post_99,케이
post_99,디저트
post_100,김치
post_100,메뉴
post_100,후추
post_100,참치
post_100,밥버거
post_100,멸치
post_100,레시
post_100,재료
post_100,볶음
post_100,양파
post_100,설탕
post_100,해먹
post_100,레시피
post_100,치마
post_100,후라이
post_100,라이
post_100,통조림
post_100,조림
post_100,식용
post_100,달걀
post_100,기름
post_100,버거
post_101,메뉴
post_101,레시
post_101,크림
post_101,레시피
post_101,크런치
post_101,가루쿡
post_101,치즈
post_101,베리
post_101,간식
post_101,크림치즈
post_101,요리
post_102,레몬
post_102,레시
post_102,베이
post_102,재료
post_102,설탕
post_102,레시피
post_102,아몬드
post_102,바닐라
post_102,베이킹
post_102,버터
post_102,달걀
post_102,디저트
post_103,크림
post_103,치즈
post_104,레시
post_104,크림
post_104,수건케이크
post_104,케이크
post_104,설탕
post_104,우유
post_104,레시피
post_104,소스
post_104,바닐라
post_104,버터
post_104,달걀
post_104,케이
post_104,라구
post_104,시럽
post_106,꼬치
post_106,멸치
post_106,고추
post_106,레시
post_106,재료
post_106,국물
post_106,어묵
post_106,레시피
post_106,대파
post_106,가지
post_106,청양고추
post_107,제품
post_107,쫀득
post_107,누텔라
post_107,라보
post_107,재료
post_107,콜라
post_107,케이크
post_107,가지
post_107,고구마
post_107,케이
post_107,초코
post_108,음료
post_108,젖병
post_108,돈키호테
post_108,라구
post_109,베이
post_109,카페
post_109,보로
post_109,베이킹
post_109,디저트
post_110,상품
post_110,레시
post_110,재료
post_110,구매
post_110,초콜릿
post_110,케이크
post_110,레시피
post_110,다이소
post_110,간식
post_110,케이
post_110,기프
post_111,식감
post_111,초콜릿
post_111,꾸덕
post_111,초코
post_111,빙산롱옌
post_111,디저트
post_112,편의점
post_112,간식
post_113,한식
post_113,중식
post_113,식품
post_113,일식
post_113,요리사
post_113,라구
post_113,요리
post_114,만두
post_114,레시
post_114,떡볶이
post_114,국물
post_114,정식
post_114,해먹
post_114,레시피
post_114,치즈
post_114,편의점
post_114,간식
post_114,구이
post_114,달걀
post_114,라면
post_114,라볶이
post_115,중국식
post_115,레시
post_115,베이
post_115,재료
post_115,식빵
post_115,설탕
post_115,중국식빵
post_115,우유
post_115,레시피
post_115,베이킹
post_115,버터
post_115,계란
post_115,디저트
post_116,중국식
post_116,베이
post_116,식빵
post_116,중국식빵
post_116,베이킹
post_117,김치
post_117,메뉴
post_117,감자전
post_117,감자
post_117,저녁
post_117,맛집
post_117,통닭
post_117,치킨
post_117,라구
post_117,야식
post_117,두부
post_118,케익
post_118,레시
post_118,베이
post_118,재료
post_118,크림
post_118,케이크
post_118,설탕
post_118,딸기케이크
post_118,레시피
post_118,딸기
post_118,베이킹
post_118,케이
post_118,시럽
post_119,후추
post_119,고추장
post_119,멸치
post_119,마늘
post_119,고추
post_119,레시
post_119,소고기
post_119,떡국
post_119,재료
post_119,국물
post_119,고기
post_119,칼국수
post_119,레시피
post_119,대파
post_119,국수
post_119,달걀
post_120,베이
post_120,슬라
post_120,해먹
post_120,베이킹
post_120,시리얼
post_120,디저트
post_121,가지
post_122,후추
post_122,용량
post_122,재료
post_122,크림
post_122,버섯
post_122,감자
post_122,우유
post_122,소스
post_122,레스토랑
post_122,올리브
post_122,치킨
post_122,버터
post_123,제품
post_123,상품
post_123,케익
post_123,아이스크림
post_123,재료
post_123,식품
post_123,크림
post_123,식감
post_123,수건케이크
post_123,구매
post_123,케이크
post_123,아이스
post_123,송이
post_123,케이
post_123,디저트
post_123,스크림
post_124,쫀득
post_124,피스
post_124,두바이초코
post_124,누텔라
post_124,크림
post_124,순이
post_124,수건케이크
post_124,케이크
post_124,가지
post_124,고구마
post_124,케이
post_124,초코
post_124,피스타치오
post_124,디저트
post_124,카다이프
post_125,레시
post_125,베이
post_125,수건케이크
post_125,케이크
post_125,레시피
post_125,맛집
post_125,베이킹
post_125,케이
post_125,디저트
post_126,베이
post_126,수건케이크
post_126,케이크
post_126,베이킹
post_126,케이
post_126,디저트
post_127,캔디
post_127,서브웨이
post_127,쿠키
post_127,간식
post_127,풋롱쿠키
post_127,칼로리
post_127,라구
post_128,퍼지
post_128,스푼
post_128,마늘
post_128,고추
post_128,레시
post_128,참깨
post_128,스프
post_128,매콤
post_128,양념
post_128,재료
post_128,입맛
post_128,설탕
post_128,레시피
post_128,티아
post_128,가지
post_128,식용
post_128,간식
post_128,기름
post_128,라면
post_129,음식
post_129,레시
post_129,베이
post_129,슬라
post_129,레시피
post_129,오븐
post_129,라이
post_129,베이킹
post_129,올리브
post_129,간식
post_131,레몬
post_131,음식
post_131,마늘
post_131,고추
post_131,과자
post_131,레시
post_131,땅콩
post_131,새우
post_131,재료
post_131,마트
post_131,설탕
post_131,레시피
post_131,소스
post_131,샐러드
post_131,라구
post_132,제품
post_132,음식
post_132,젤리
post_132,편의점
post_133,버블
post_133,후추
post_133,레시
post_133,요거
post_133,오이
post_133,재료
post_133,레시피
post_133,소스
post_133,육즙
post_133,요거트
post_133,소세지
post_133,요리
post_134,쫀득
post_134,레시
post_134,베이
post_134,재료
post_134,설탕
post_134,코코넛
post_134,레시피
post_134,베이킹
post_134,간식
post_134,라구
post_135,닭발
post_135,튀김
post_135,새우
post_135,재료
post_135,마트
post_135,맛집
post_135,고구마
post_136,견과
post_136,베이
post_136,크림
post_136,초콜릿
post_136,설탕
post_136,두바이초콜릿
post_136,쿠키
post_136,치즈
post_136,베이킹
post_136,간식
post_136,치킨
post_136,버터
post_136,달걀
post_136,리스
post_136,크림치즈
post_136,디저트
post_137,후추
post_137,레시
post_137,베이
post_137,튀김
post_137,재료
post_137,감자
post_137,햄버거
post_137,레시피
post_137,오븐
post_137,치즈
post_137,팝콘
post_137,라이
post_137,베이킹
post_137,가지
post_137,간식
post_137,버터
post_137,버거
post_137,오징어
post_137,감자튀김
post_137,케첩
post_138,후추
post_138,용량
post_138,멸치
post_138,마늘
post_138,레시
post_138,소고기
post_138,스프
post_138,배추
post_138,떡볶이
post_138,재료
post_138,설탕
post_138,고기
post_138,어묵
post_138,레시피
post_138,간식
post_138,식당
post_138,키친
post_139,견과
post_139,재료
post_139,오리
post_139,초콜릿
post_139,과일
post_139,밀크
post_139,리스
post_139,프링글스
post_140,레시
post_140,베이
post_140,마시
post_140,달고나
post_140,우유
post_140,레시피
post_140,베이킹
post_140,간식
post_140,마시멜로
post_140,오징어
post_141,베이
post_141,베이킹
post_141,간식
post_142,간식
post_142,리스
post_143,베이
post_143,식품
post_143,캔디
post_143,베이킹
post_143,리스
post_144,베리
post_144,리피
post_144,라즈베리
post_145,라보
post_145,콜라
post_145,구매
post_145,라면
post_145,경동나비엔
post_146,라떼
post_146,간식
post_147,고추장
post_147,마늘
post_147,고추
post_147,레시
post_147,양념
post_147,재료
post_147,버섯
post_147,레시피
post_147,저녁
post_147,소스
post_147,팽이버섯
post_147,라이
post_147,간식
post_147,불닭
post_147,팽이
post_147,기름
post_147,맥주
post_147,요리
post_147,야식
post_148,젤라틴
post_148,베이
post_148,재료
post_148,크림
post_148,설탕
post_148,우유
post_148,푸딩
post_148,베이킹
post_148,달걀
post_148,젤라
post_148,계란
post_148,디저트
post_148,시럽
post_149,젤라틴
post_149,베이
post_149,재료
post_149,크림
post_149,설탕
post_149,우유
post_149,푸딩
post_149,베이킹
post_149,달걀
post_149,젤라
post_149,계란
post_149,디저트
post_149,시럽
post_150,제품
post_150,피스
post_150,견과
post_150,스프
post_150,초콜릿
post_150,스프레드
post_150,두바이초콜릿
post_150,편의점
post_150,가지
post_150,간식
post_150,피스타치오
post_150,라구
post_150,카다이프
post_151,레몬
post_151,후추
post_151,마늘
post_151,레시
post_151,베이
post_151,재료
post_151,양파
post_151,설탕
post_151,해먹
post_151,레시피
post_151,소스
post_151,오븐
post_151,라이
post_151,베이킹
post_151,올리브
post_151,간식
post_151,불닭
post_151,버터
post_152,레시
post_152,베이
post_152,레시피
post_152,베이킹
post_152,간식
post_153,레시
post_153,레시피
post_153,간식
post_153,기름
post_153,요리
post_154,음식
post_154,옥수수
post_154,간식
post_154,구이
post_155,음식
post_155,아이스
post_155,얼음
post_155,아메리카노
post_155,구이
post_156,저녁
post_156,메이트
post_156,리스
post_157,스프
post_157,로스
post_157,워터
post_157,다이소
post_157,복숭아
post_157,라이
post_157,라구
post_158,과자
post_158,레시
post_158,베이
post_158,소고기
post_158,토마토
post_158,요거
post_158,재료
post_158,마트
post_158,크림
post_158,양파
post_158,고기
post_158,해먹
post_158,레시피
post_158,소스
post_158,치즈
post_158,옥수수
post_158,베이킹
post_158,간식
post_158,맥주
post_158,요거트
post_159,메뉴
post_159,짜장
post_159,치킨
post_159,계란
post_160,레몬
post_160,취사
post_160,크리미
post_160,레시
post_160,베이
post_160,재료
post_160,크림
post_160,로스
post_160,케이크
post_160,말랑
post_160,설탕
post_160,레시피
post_160,쿠키
post_160,치즈
post_160,바닐라
post_160,밥솥
post_160,베이킹
post_160,라에
post_160,가지
post_160,간식
post_160,꾸덕
post_160,버터
post_160,달걀
post_160,케이
post_160,라면
post_160,크림치즈
post_160,치즈케이크
post_160,요리
post_161,상품
post_161,빼빼로
post_161,오리
post_161,기프
post_162,분식집
post_162,분식
post_163,페스
post_163,음식
post_163,미식
post_163,식당
post_164,레시
post_164,베이
post_164,마시
post_164,스프
post_164,재료
post_164,로스
post_164,머랭
post_164,설탕
post_164,스프레드
post_164,레시피
post_164,바닐라
post_164,베이킹
post_164,라에
post_164,달걀
post_164,마시멜로
post_164,디저트
post_164,시럽
post_165,레시
post_165,베이
post_165,해먹
post_165,레시피
post_165,치즈
post_165,베이킹
post_165,라구
post_165,푸드
post_165,요리
post_166,제품
post_166,베이
post_166,열라면
post_166,베이킹
post_166,라면
post_166,라구
post_166,요리
post_167,레시
post_167,베이
post_167,국물
post_167,레시피
post_167,마라탕
post_167,밥솥
post_167,베이킹
post_167,라구
post_167,요리
post_168,베이
post_168,베이킹
post_168,간식
post_168,디저트
post_169,마늘
post_169,레시
post_169,베이
post_169,새우
post_169,사리
post_169,레시피
post_169,순대
post_169,국밥
post_169,베이킹
post_169,순대국
post_169,곰탕
post_169,요리
post_170,망고
post_170,베이
post_170,베이킹
post_170,간식
post_170,디저트
post_171,핫도그
post_171,레시
post_171,레시피
post_171,간식
post_171,뻥튀기
post_171,맛스타
post_172,음식
post_172,레시
post_172,재료
post_172,해먹
post_172,레시피
post_172,푸드
post_173,베이
post_173,마시
post_173,초콜릿
post_173,베이킹
post_173,간식
post_173,마시멜로
post_173,파이
post_173,디저트
post_174,제품
post_174,간식
post_174,기름
post_174,디저트
post_175,케익
post_176,파인애플
post_176,레시
post_176,술집
post_176,샤베트
post_176,레시피
post_176,간식
post_177,베이
post_177,마시
post_177,버섯
post_177,베이킹
post_177,마시멜로
post_177,디저트
post_178,백종원
post_178,레시
post_178,요리사
post_178,레시피
post_178,셰프
post_178,라면
post_178,요리
post_179,초코쿠키
post_179,쿠키
post_179,빙수
post_179,설빙
post_179,초코
post_180,음식
post_180,레시
post_180,국물
post_180,갈비
post_180,레시피
post_180,갈비찜
post_181,요아정
post_181,아이스크림
post_181,레시
post_181,요거
post_181,재료
post_181,크림
post_181,레시피
post_181,아이스
post_181,간식
post_181,요거트
post_181,스크림
post_182,젤리
post_182,디저트
post_183,음식
post_184,베이
post_184,캔디
post_184,젤리
post_184,베이킹
post_184,디저트
post_185,베이
post_185,캔디
post_185,젤리
post_185,베이킹
post_186,레시
post_186,베이
post_186,크로
post_186,설탕
post_186,우유
post_186,레시피
post_186,바닐라
post_186,라이
post_186,베이킹
post_186,라에
post_186,버터
post_186,달걀
post_186,초코
post_186,카오
post_187,음식
post_187,초콜릿
post_187,두바이초콜릿
post_188,케익
post_188,레시
post_188,베이
post_188,재료
post_188,크림
post_188,감자
post_188,케이크
post_188,설탕
post_188,우유
post_188,레시피
post_188,호박
post_188,오븐
post_188,치즈
post_188,타피오카
post_188,옥수수
post_188,단호박
post_188,라이
post_188,베이킹
post_188,간식
post_188,케이
post_188,꿀맛
post_188,계란
post_188,크림치즈
post_188,치즈케이크
post_188,요리
post_189,레시
post_189,베이
post_189,고기
post_189,레시피
post_189,베이킹
post_189,쌈장
post_189,먹스타그램
post_190,베이
post_190,마트
post_190,치즈
post_190,베이킹
post_190,디저트
post_190,먹스타그램
post_191,삼계탕
post_191,먹스타그램
post_192,음식
post_192,레시
post_192,레시피
post_192,짜슐랭
post_192,간식
post_192,푸드
post_192,먹스타그램
post_193,하이디
post_193,하이디라오
post_193,먹스타그램
post_194,레시
post_194,베이
post_194,요거
post_194,레시피
post_194,베이킹
post_194,간식
post_194,요거트
post_194,디저트
post_195,레시
post_195,레시피
post_195,간식
post_196,음식
post_196,레시
post_196,레시피
post_196,편의점
post_196,라면
post_197,레시
post_197,베이
post_197,에이드
post_197,레시피
post_197,베이킹
post_197,디저트
post_198,상품
post_198,떡볶이
post_199,레시
post_199,레시피
post_199,샌드위치
post_199,달걀
post_199,샌드
post_200,사온
post_200,베이
post_200,스프
post_200,스프레드
post_200,베이킹
post_200,디저트
post_201,버섯
post_201,짜슐랭
post_202,설탕
post_202,국수
post_203,베이
post_203,음료
post_203,데카포
post_203,음료수
post_203,베이킹
post_203,디저트
post_204,제품
post_204,초콜릿
post_204,두바이초콜릿
post_204,편의점
post_205,베이
post_205,초콜릿
post_205,두바이초콜릿
post_205,베이킹
post_205,디저트
post_206,저녁
post_207,초콜릿
post_207,두바이초콜릿
post_207,카다이프
post_208,베이
post_208,젤리
post_208,개구리
post_208,베이킹
post_208,디저트
post_209,볶음
post_209,불닭볶음면
post_209,까르보불
post_209,까르보불닭
post_209,불닭
post_209,라면
post_209,요리
post_210,베이
post_210,초콜릿
post_210,케이크
post_210,베이킹
post_210,초코케
post_210,간식
post_210,케이
post_210,초코
post_210,디저트
post_210,요리
post_211,토스트
post_213,베이
post_213,케이크
post_213,치즈
post_213,베이킹
post_213,케이
post_213,치즈케이크
post_213,디저트
post_214,상추
post_215,레시
post_215,레시피
post_215,국수
post_215,연어
post_216,상품
post_216,마카롱
post_216,마카
post_216,팝콘
post_216,디저트
post_216,라구
post_216,수달
post_217,베이
post_217,베이킹
post_217,디저트
post_218,달걀
post_218,김밥
post_219,간식
post_219,궁채
post_220,설탕
post_220,사탕
post_220,식용
post_220,라구
post_221,베이
post_221,우유
post_221,푸딩
post_221,베이킹
post_221,디저트
post_222,샐러드
post_223,프리마
post_223,프림
post_223,디저트
post_224,베이
post_224,베이킹
post_224,디저트
post_225,식감
post_225,탕후루
post_225,얼음물
post_225,얼음
post_225,디저트
post_226,한과
post_226,과자
post_226,레시
post_226,레시피
post_227,베이
post_227,쿠나파
post_227,베이킹
post_227,디저트
post_228,한과
post_228,과자
post_228,먹방
post_228,디저트
