KEYWORD_ID,KEYWORD_NAME,KEYWORDUP
1,먹방,452
2,간식,299
3,디저트,276
4,레`시피,133
5,케이크,123
6,초콜릿,117
7,신기한간식,114
8,요거트,100
9,요리,88
10,베이킹,67
11,두바이초콜릿맛집,61
12,음식,60
13,야식,46
14,국수,44
15,과일,43
16,빵,42
17,엽기떡볶이,38
18,탕후루,38
19,아이스크림,37
20,치즈,37
21,밥,36
22,라면,35
23,피자,34
24,맛집,33
25,연어,32
26,치킨,28
27,식사,25
28,쫀득쿠키,23
29,제품,23
30,편의점,23
31,과자,23
32,우유,23
33,초코,23
34,젤리,22
35,고추,22
36,크리스마스간식,21
37,파스타,20
38,김치,20
39,버거,20
40,떡,19
41,생크림,19
42,요구르트,18
43,수박,18
44,쫀득,18
45,추성훈스테이크,18
46,계란,17
47,고기,17
48,일본통조림,16
49,소스,16
50,메뉴,16
51,머랭쿠키,14
52,버터,14
53,소세지,14
54,닭발,14
55,감자,14
56,살,14
57,양파,13
58,찹쌀떡,13
59,찜,13
60,사과,12
61,오징어,12
62,삼겹살,12
63,불닭,12
64,마카롱,12
65,먹기,12
66,딸기,12
67,음료,12
68,흑백요리사,11
69,사비,11
70,만두,11
71,쿠키,11
72,사탕,11
73,중국식빵,10
74,게장,10
75,가지,10
76,빙수,10
77,불닭볶음면,10
78,커피,10
79,도넛,10
80,바나나,10
81,맛,10
82,비빔면,10
83,콜라,10
84,빵추천,9
85,다이어트식단,9
86,젤라또,9
87,해산물,9
88,토마토,9
89,토스트,9
90,티라미수,9
91,당근,9
92,간장,9
93,귤,9
94,짜장면,9
95,먹스타그램,8
96,성심당무화과,8
97,팝콘,8
98,아시,8
99,입맛,8
100,베이커리,8
101,피스타치오,8
102,스타벅스,8
103,케익,8
104,깨,8
105,배,8
106,병,8
107,튀김,8
108,샌드위치,8
109,퐁당,8
110,떡볶이밀키트,7
111,떡볶이asmr,7
112,마시멜로우먹방,7
113,글리터,7
114,백종원,7
115,석류,7
116,크로와상,7
117,볶음,7
118,붕어빵,7
119,옥수수,7
120,타코야끼,7
121,통귤,7
122,두부,7
123,시리얼,7
124,고구마,7
125,깍두기,7
126,꼬치,7
127,마트,7
128,짜파게티,7
129,엽떡토핑,6
130,마인크래프트치킨,6
131,순대,6
132,파리바게트,6
133,빼빼로,6
134,채소,6
135,맥도날드,6
136,곱창,6
137,달걀,6
138,술,6
139,버블티,6
140,시럽,6
141,오리,6
142,식감,6
143,돼지,6
144,복숭아,6
145,사이다,6
146,쌈,6
147,칩,6
148,포도,6
149,계란후라이,6
150,땅콩,6
151,마늘,6
152,버섯,6
153,베이컨,6
154,파인애플,6
155,필수,6
156,스윗믹스젤리,5
157,선크림,5
158,스웨디쉬젤리,5
159,일본간식먹방,5
160,코스,5
161,제주도먹방,5
162,스시,5
163,훠궈,5
164,통닭,5
165,샐러드,5
166,육포,5
167,메론빵,5
168,곶감,5
169,분식,5
170,냉면,5
171,갈비,5
172,맥주,5
173,스낵,5
174,식당,5
175,신맛,5
176,올리브영,5
177,재료,5
178,취,5
179,츄러스,5
180,끼,5
181,베,5
182,새우,5
183,설탕,5
184,와플,5
185,코코넛,5
186,핫도그,5
187,성심당시루케이크,4
188,핫팟,4
189,대왕쿠키,4
190,경기도맛집,4
191,뷔페꿀팁,4
192,초간단요리,4
193,이탈리아음식,4
194,비빔밥,4
195,닭가슴살,4
196,숯불얼음구이,4
197,수빙수쌈장게장,4
198,김장,4
199,삼계탕,4
200,마시기,4
201,야채,4
202,고등어,4
203,에스프레소,4
204,배스킨라빈스추천,4
205,카스타드,4
206,롯데리아,4
207,가래떡,4
208,양념치킨,4
209,대추야자,4
210,구이,4
211,마요네즈,4
212,머랭,4
213,생선,4
214,식품,4
215,구우,4
216,자몽,4
217,주스,4
218,케찹,4
219,쿄호,4
220,쿡,4
221,한우,4
222,햄,4
223,햇반,4
224,회,4
225,콘치,4
226,레몬에이드,4
227,밀크,4
228,쥬스,4
229,먹음,4
230,코스트코,4
231,배라,3
232,성심당케익부띠끄,3
233,풋롱쿠키,3
234,밥솥,3
235,탄 푸루 모방,3
236,빵 굽기,3
237,대왕컵떡볶이,3
238,교촌치킨신메뉴,3
239,고추바사삭,3
240,펄볶이리뷰,3
241,먹방asmr,3
242,라이스페이퍼요리,3
243,김말이,3
244,파이,3
245,육수,3
246,머그,3
247,오므라이스,3
248,크레페,3
249,대게,3
250,수세미,3
251,매실장아찌,3
252,국밥집,3
253,카카오,3
254,스프,3
255,단백,3
256,연유,3
257,다이닝,3
258,어묵,3
259,가요,3
260,급식,3
261,대파,3
262,도시락,3
263,고래밥,3
264,머스켓,3
265,소주,3
266,시식,3
267,장어,3
268,한판,3
269,고춧가루,3
270,구매,3
271,라멘,3
272,스무디,3
273,식용,3
274,식이,3
275,야끼소바,3
276,양갱,3
277,엿,3
278,작물,3
279,콩나물,3
280,포켓몬빵,3
281,홈플러스,3
282,닭강정,3
283,유부초밥,3
284,육즙,3
285,정식,3
286,카레,3
287,갓,3
288,껌,3
289,낫또,3
290,호박,3
291,족발,3
292,참치,3
293,캔,3
294,해먹,3
295,먹스나님,3
296,우동,3
297,정수기,3
298,퍼먹는,3
299,킨조젤리만들기,2
300,일본초밥,2
301,응급실떡볶이,2
302,구데타마간식,2
303,과육,2
304,조리사,2
305,피쉬,2
306,집밥,2
307,치즈 미스,2
308,양파 보일,2
309,푸딩,2
310,서울푸드,2
311,롯데리아장어버거,2
312,인스타음식,2
313,에이블리간식,2
314,냉동식품,2
315,간장게장먹방,2
316,현지인맛집,2
317,인도네시아요리,2
318,미국mz간식,2
319,브라질치즈빵,2
320,일본칼디,2
321,치즈케이크레시피,2
322,라면끓이는법,2
323,이사장수건케이크,2
324,간장계란밥,2
325,상해맛집추천,2
326,찜닭,2
327,중국인먹방,2
328,후라이푸딩,2
329,샤인머스켓디저트,2
330,요아정토핑,2
331,마곡역맛집,2
332,프랑스간식,2
333,일본당고,2
334,10만원라면,2
335,대파감자라떼,2
336,멕시코간식,2
337,타이페이맛집,2
338,오토김밥,2
339,병조림,2
340,불닭마요연어깍두기정식,2
341,육회칼빔면,2
342,롤업스젤리,2
343,식단,2
344,야자나무,2
345,밀카,2
346,호두,2
347,과즙,2
348,립싱크,2
349,소보로빵,2
350,오일,2
351,울산쫀드기,2
352,타르트,2
353,뷔페,2
354,비상식량,2
355,아보카도,2
356,오믈렛,2
357,허니버터칩,2
358,감초,2
359,견과류,2
360,닭다리,2
361,돈코츠,2
362,모야,2
363,모짜렐라,2
364,알콜,2
365,양배추,2
366,유사,2
367,인절미,2
368,잔,2
369,전문점,2
370,크랜베리,2
371,터트려먹는,2
372,파바,2
373,파파야,2
374,퐁듀,2
375,푸드,2
376,풍선껌,2
377,던킨,2
378,동파육,2
379,멸치,2
380,와인,2
381,윤기,2
382,구찌,2
383,굴,2
384,녹말,2
385,된장,2
386,맛동산,2
387,모카,2
388,사료,2
389,생수,2
390,수산시장,2
391,수확,2
392,식탐,2
393,이케아,2
394,주먹밥,2
395,짬뽕,2
396,탕맛,2
397,투게더,2
398,포카,2
399,꽈리,2
400,소라빵,2
401,크리스피크림,2
402,페티,2
403,낙지,2
404,미역,2
405,뼈,2
406,삼각김밥,2
407,초코퐁당,1
408,초코초꾸떡,1
409,말차라떼,1
410,플라이밀쉐이크,1
411,맛있는조합,1
412,코코아밤,1
413,훠궈#하이디라오,1
414,일본패스트푸드,1
415,젯데리아메뉴,1
416,돼지김치찜레시피,1
417,밥도둑,1
418,부산삼시세끼,1
419,택시기사맛집,1
420,먹방브이로그,1
421,시식코너고기,1
422,팥빙젤라또파르페,1
423,메가커피추천,1
424,컵빙수추천,1
425,누드와인,1
426,알리오올리오레시피,1
427,무제한소고기,1
428,호텔식샤브뷔페,1
429,가족외식,1
430,뷔페추천,1
431,고급튀김,1
432,벽돌초콜릿케이크,1
433,교촌치킨오마카세,1
434,신맛챌린지,1
435,연어날치알마요,1
436,광어회,1
437,깻잎막회,1
438,날치알막회,1
439,차슈,1
440,전자레인지음식,1
441,푸딩만들기,1
442,영화관간식,1
443,대만뱀피자,1
444,어니언칩,1
445,부페,1
446,추성훈맛집,1
447,유튜브간식,1
448,후라이드치킨,1
449,비비큐치킨,1
450,발렌타인데이초콜릿,1
451,생딸기듬뿍우유생크림,1
452,스트로베리말차가나슈,1
453,피자헛신상,1
454,피자헛추천메뉴,1
455,설리당과일,1
456,떡볶이랜덤토핑,1
457,#중국수건케이크,1
458,두찜,1
459,푸드트럭,1
460,신당동떡볶이과자,1
461,캐비어알밥,1
462,정지선셰프,1
463,소금빵,1
464,마시멜로우스모어초콜릿,1
465,스탠리텀블러꿀팁,1
466,삼겹김치전,1
467,폭식로그,1
468,맥주추천,1
469,강서구맛집,1
470,술잘마시는법,1
471,콰트로미트피자,1
472,떡기계,1
473,튀르키예간식,1
474,재난식량,1
475,일본스시맛집,1
476,쿠키만드는법,1
477,제주공항근처맛집,1
478,추억의간식,1
479,떡볶이사고펄,1
480,치킨플러스,1
481,카오빙리우즈,1
482,왕가탕후루신메뉴,1
483,먹방유튜버,1
484,먹는풍선,1
485,산낙지먹방,1
486,걸작떡볶이치킨,1
487,스윗마라치킨,1
488,타피오카펄먹방,1
489,삼미식당,1
490,대만연어초밥,1
491,먹뱉,1
492,다식,1
493,대세레드치킨,1
494,무상협찬,1
495,허니립밤!,1
496,튀르,1
497,이달의맛,1
498,드은,1
499,스네이크,1
500,풀무,1
501,수분,1
502,GS25#스윗벚꽃젤리샤베트,1
503,바스켓팝콘,1
504,먹견,1
505,코카콜라,1
506,생파,1
507,오픈피드,1
508,블린더초콜렛,1
509,꿀떡,1
510,해묵,1
511,마시멜로우크림치즈케이크,1
512,바찌바찌,1
513,닭밝,1
514,에너지드링크추천,1
515,해각포,1
516,육회바른연어,1
517,두릅,1
518,짜파게티콘테스트,1
519,밥솥카스테라,1
520,달걀볶음밥,1
521,봉구스밥버거,1
522,젖병음료,1
523,감자튀김,1
524,나비엔보일라면,1
525,문방구간식,1
526,불닭팽이쌈,1
527,랭킹닭컴,1
528,잇메이트,1
529,60계치킨,1
530,짜장계란치킨,1
531,마시멜로스프레드,1
532,개구리알,1
533,간물,1
534,홋카이도 치즈 케이크,1
535,구미,1
536,추천 #메론프라푸치노,1
537,멜론 빵,1
538,오레오 레코페,1
539,반짝임,1
540,일본 음식,1
541,도키 우드,1
542,도쿄 미식가,1
543,페이스트블,1
544,대만간식asmr,1
545,과일 콘 피트,1
546,러시아어,1
547,끓는점,1
548,고깃집,1
549,문어,1
550,아침식사,1
551,알밤,1
552,치마,1
553,치실,1
554,케비어,1
555,팥빙프라페,1
556,겹겹이,1
557,냠사친,1
558,동물농장,1
559,모과,1
560,반찬,1
561,쁘띠첼,1
562,소면,1
563,스쿱,1
564,스테비,1
565,약혐주,1
566,오카,1
567,인삼,1
568,잡채,1
569,제과,1
570,죠스,1
571,칠리,1
572,콩가루,1
573,쿄효젤리,1
574,쿠카,1
575,텀블러,1
576,토핑된,1
577,해장,1
578,후렌치,1
579,고다,1
580,던킨도너츠,1
581,만둣국,1
582,반상,1
583,보양식,1
584,상차림,1
585,손맛,1
586,쇼핑,1
587,스니커즈,1
588,일식,1
589,제육,1
590,쫀맛,1
591,고간,1
592,고오스,1
593,귤밭,1
594,내기,1
595,누룽지,1
596,도토리묵,1
597,돈까스,1
598,돼지껍데기,1
599,레스토랑,1
600,막걸리,1
601,맛탕,1
602,매운탕,1
603,먹어봣다,1
604,물라,1
605,물컵,1
606,바오밥,1
607,밥투정,1
608,상추,1
609,셰프,1
610,수제비,1
611,스팸떡,1
612,식중독,1
613,아몬드,1
614,아침밥,1
615,전기밥솥,1
616,전어,1
617,조리기구,1
618,조리법,1
619,중식,1
620,찬물,1
621,청포묵,1
622,취사,1
623,취한,1
624,케첩,1
625,간식유튜버,1
626,걸레,1
627,계란노른자,1
628,과유,1
629,녹차,1
630,다시마,1
631,대식,1
632,데스,1
633,뚝배기,1
634,라핑탕,1
635,마끼아또,1
636,맛나,1
637,맛남샌드,1
638,매실,1
639,맥심,1
640,머핀,1
641,먹어봤슈,1
642,밀키스,1
643,바비,1
644,분량,1
645,분유,1
646,상품,1
647,샤베트,1
648,오븐,1
649,유듀바들,1
650,이유식,1
651,입욕,1
652,절임,1
653,접시,1
654,취할까,1
655,카페라떼,1
656,컨,1
657,케로로빵,1
658,크림브륄레,1
659,티백,1
660,페페,1
661,평소,1
662,포테이토,1
663,홍시,1
664,모밀,1
665,조개,1
666,쫄면,1
667,곰탕,1
668,궁뎅,1
669,꽈자,1
670,보리차,1
671,보쌈,1
672,복,1
673,브레드,1
674,사발면,1
675,사시미,1
676,소시,1
677,스폰지밥,1
678,오뚜기,1
679,츠카,1
680,치맥,1
681,크런키,1
682,파가,1
683,프라이,1
684,피리,1
685,핫팩,1
686,홍어,1
687,고자,1
688,골뱅이,1
689,김치냉장고,1
690,럭키,1
691,레베카,1
692,머치,1
693,먹어보쟈,1
694,메이드,1
695,명란젓,1
696,모나리자,1
697,물건,1
698,물의,1
699,부대찌개,1
700,비스킷,1
701,생활비,1
702,스튜,1
703,식기세척기,1
704,식성,1
705,야자수,1
706,엿먹으,1
707,오리너구리,1
708,일상,1
709,입충,1
710,저녁,1
711,조식,1
712,치민,1
713,케잌,1
714,크레이프,1
715,파자마파티,1
716,파채,1
717,팥죽,1
718,훈제,1
719,까르보불닭,1
720,두산베어스,1
721,로투스도넛,1
722,부추,1
723,키친,1
724,푸팟퐁커리,1
725,키위,2
726,스위즐스,1
727,동결건조,2
728,통대창,1
729,초콜렛,5
730,레몬,1
731,솔트워터,1
732,노각무침,1
733,망고,3
734,보일링어니언,1
735,코하쿠토,1
736,파니포포,1
737,라바샥,5
738,마시멜로우,1
739,마라탕,2
740,핵아이셔,2
741,메론킷,1
742,밤,1
743,메로나,1
744,플러프잼,1
745,모찌,2
746,파삭,2
747,샤인머스캣,2