VIDEO_ID,TITLE,DESCRIPTION,CHANNEL_TITLE,PUBLISHED_AT,DURATION,VIEW_COUNT,LIKE_COUNT,COMMENT_COUNT,PLATFORM,KEYWORD_ID
ohharu오하루_20250730,틈새오모리김치라면&꼬마김밥 #mukbang,,Ohharu오하루,2025-07-30,PT2M55S,1283,112,6,youtube,271
ohharu오하루_20250729,뿌링명랑핫도그 Bburinkle Korean Corn Dog,1.명랑핫도그를 준비한다. 2.바른미각 뿌링클 시즈닝을 뿌린다. 3.요거트 소스와 함께 맛있게 먹는다:)💛,Ohharu오하루,2025-07-29,PT1M4S,5985,338,12,youtube,449
ohharu오하루_20250728,찐찐찐 곱도리탕 맛집 찾음 #계근상 #mukbang,,Ohharu오하루,2025-07-28,PT2M45S,5839,308,20,youtube,245
ohharu오하루_20250719,소금빵 크림브륄레 #꿀조합 #설레임쿨리쉬,,Ohharu오하루,2025-07-19,PT56S,7752,231,6,youtube,87
ohharu오하루_20250718,"노랑고래 찹쌀꽈배기,치즈볼,찹쌀도너츠.통치즈핫도그 Sweet Rice Doughnut #mukbang",,Ohharu오하루,2025-07-18,PT2M58S,11807,609,16,youtube,236
ohharu오하루_20250714,이제야 올리는 베라 아이스크림 묵빵 #mukbang,,Ohharu오하루,2025-07-14,PT3M,10213,569,14,youtube,510
ohharu오하루_20250713,와플에 6가지맛 젤라또 얹어먹기!! Gelato Nutella Waffle #mukbang,,Ohharu오하루,2025-07-13,PT2M49S,9796,451,19,youtube,206
ohharu오하루_20250710,프랭크 버거 묵빵!FRANK BURGER MUKBANG,오랜만에 요 구도로 찍어봤는데 오똔가요! 버거가 너무 많아서 신메뉴 위주로 먹어봤습니당 이 중 제 원픽은 고기 ㄱㅏ득이였던 마지막 JG버거...,Ohharu오하루,2025-07-10,PT2M2S,11054,517,14,youtube,506
ohharu오하루_20250708,치즈3봉 불닭볶음탕면❤️‍🔥 Stew Buldak #mukbang,"반숙란 넣은 마늘불닭볶음탕면! 치즈도 3봉 라면도 3봉! 배불러서 밥은 못말았어요ㅎㅎ 먹다가 너무 더워서 점점 꼬질꼬질 신신애가 되어가는 즁,, 이제 머리 질끈 묶고 먹을게요,,,❤️‍🔥",Ohharu오하루,2025-07-08,PT2M50S,31645,1296,24,youtube,83
ohharu오하루_20250706,쫀득 마카롱 우유 말먹🥛🍬Macarons soaked in milk #mukbang,,Ohharu오하루,2025-07-06,PT2M20S,62638,4127,54,youtube,49
ohharu오하루_20250702,내 기준 1등 마라탕 묵빵... #먹방,,Ohharu오하루,2025-07-02,PT3M,20094,829,22,youtube,45
ohharu오하루_20250702,#광고 널담 고단백&저당크림빵🩵Milk cream bun #mukbang,,Ohharu오하루,2025-07-02,PT1M7S,11630,473,10,youtube,317
ohharu오하루_20250630,폭염엔 열무국수에 묵은지참치김밥 #mukbang Noodle and gimbap,,Ohharu오하루,2025-06-30,PT1M46S,9642,365,8,youtube,263
ohharu오하루_20250626,봄날엔 초코퐁당 ASMR ChocoPongdang🤎 #mukbang,행복하다,Ohharu오하루,2025-06-26,PT1M13S,14699,620,11,youtube,845
ohharu오하루_20250625,#광고 더미식 신상! 오징어라면&오징어초빔면🦑 #mukbang,,Ohharu오하루,2025-06-25,PT2M16S,9553,351,13,youtube,335
ohharu오하루_20250624,조이 아이스크림 초코쉘 뿌려먹기 #mukbang,조이 아스크림이 맛있다는 소문을 듣고 5종 다 먹어봤어요!!!! 빠질 수 없는 초코쉘 뿌려먹기!!!!!,Ohharu오하루,2025-06-24,PT2M46S,7626,234,10,youtube,628
ohharu오하루_20250616,하루 조회수 100만 뿌링치즈볼 먹방 #cheeseball,,Ohharu오하루,2025-06-16,PT2M59S,53159,2545,44,youtube,61
ohharu오하루_20250610,오늘의 야식. 매콤국물닭발♥️ #mukbang,,Ohharu오하루,2025-06-10,PT2M42S,11377,540,11,youtube,261
ohharu오하루_20250608,마시멜로우 소라빵!!!! Marshmallow Conch Bread #mukbang,,Ohharu오하루,2025-06-08,PT1M28S,9911,371,10,youtube,46
ohharu오하루_20250607,대창에 불닭.. ASMR Daechang&Buldak #mukbang,"대창이랑 곱창에 불닭컵라면2개 끓였어요!!@ 대파김치랑 부추김치도 구워왔더니 도른 맛... 다먹구 대창기름에 깍두기볶음밥까지 야무지겡 먹었어요! 너무너무너무 맛있었어여.....다음엔 바삭하게 통대창으로 숨길 수 없는 진실의 미간,, 햄봌했습니다,,♥️",Ohharu오하루,2025-06-07,PT2M32S,10543,507,10,youtube,83
ohharu오하루_20250606,고기듬뿍두루치기 2단계 매운맛 #mukbang,전 이거 처음 먹어봤는데요!!!! 또 나만 이제야 먹은거져ㅠㅡㅠ,Ohharu오하루,2025-06-06,PT2M58S,42733,839,13,youtube,233
ohharu오하루_20250528,"지락실 재영작가님 불닭레시피로 끓인,,#buldak 에 타코야키까지","재영작가님 레시피 남겨둘게요😲♥️ 준비물! 매운볶음면 1개, 양파 반개, 체다치즈 한장, 계란노른자, 마요네즈  1. 얇게 썬 양파 반 개를 식용유에 살짝 갈색이 될 때 까지 볶는다. 2. 물 400을 넣고 끓인다음 면을 익혀준다. 3. 면이 2/3쯤 익었을 때 액상스프와 체다치즈 한 장을 넣고 잘 섞으며 졸여준다. 4. 물이 자작하게 남은 상태에서 그릇에 옮겨 담고 계란 노른자와 마요네즈를 뿌리면 완성!",Ohharu오하루,2025-05-28,PT2M49S,12994,677,10,youtube,38
ohharu오하루_20250523,유부초밥에 냉모밀+쫄면+떡볶이까지 #정직유뷰 #mukbang,"여러분 1초에 2개씩 팔린다는 유부초밥에다가 맛도리 사이드들까지 다 가져왔어요!!!@@  이번에 나온 신메뉴 제육유부에 냉모밀 조합 말해 뭐해,, 쫄면에 마요유부에다가 마지막 국물떡볶이로 마무리!! 가격도 저렴한데다 맛까지 도라방스에요,, 배터지게 잘 먹었어요:)!!!!",Ohharu오하루,2025-05-23,PT2M45S,10192,442,6,youtube,299
ohharu오하루_20250521,9가지맛 조개 마카롱! #mukbang,,Ohharu오하루,2025-05-21,PT2M2S,9715,448,14,youtube,49
ohharu오하루_20250517,드디어 먹어본 연어 깍두기에 냉모밀 조합 #mukbang,,Ohharu오하루,2025-05-17,PT1M34S,10714,456,7,youtube,279
ohharu오하루_20250507,Frozen S'more Marshmallow ASMR 프로즌 스모어 마시멜로우 #mukbang,,Ohharu오하루,2025-05-07,PT1M41S,9484,381,9,youtube,46
ohharu오하루_20250427,공복에 먹는 짜장면에 슈프림치킨 #mukbang #asmr,,Ohharu오하루,2025-04-27,PT2M47S,8825,438,9,youtube,142
ohharu오하루_20250423,실비한우곱찜닭 매운맛 ASMR #mukbang,,Ohharu오하루,2025-04-23,PT2M36S,9402,375,7,youtube,435
ohharu오하루_20250422,#제품제공 실비김치 첫 도전 CRAZY Spicy Kimchi and Shinramen ASMR Mukbang,CJ제일제당으로부터 제품을 무상 지급 받아 제작된 콘텐츠입니다 #습김치 #CJ습김치 #CJ실비김치 #CJ제일제당실비김치 #비비고김치 #숏폼챌린지 #실비김치숏폼챌린지,Ohharu오하루,2025-04-22,PT1M27S,16162,483,9,youtube,273
ohharu오하루_20250419,토핑 가득 마라짜파게티 #mukbang #food,,Ohharu오하루,2025-04-19,PT1M29S,10915,449,11,youtube,412
ohharu오하루_20250417,12가지맛 수제 양갱 #mukbang,,Ohharu오하루,2025-04-17,PT1M59S,9907,352,5,youtube,206
ohharu오하루_20250415,요아정 오억개 먹음 #mukbang,,Ohharu오하루,2025-04-15,PT2M55S,7843,236,5,youtube,136
ohharu오하루_20250410,동파육 ASMR #mukbang,,Ohharu오하루,2025-04-10,PT1M2S,9102,265,3,youtube,347
ohharu오하루_20250404,직접 만든 대왕연어초밥 EATING SOUND Mukbang | Big Salmon Sushi,,Ohharu오하루,2025-04-04,PT3M4S,7687,307,18,youtube,710
ohharu오하루_20250404,"핫뿌링클,콘치즈불닭!!❤️‍🔥Hot Bburinkle Chicken , Corn Cheese Buldak ASMR #mukbang",,Ohharu오하루,2025-04-04,PT1M44S,10508,338,3,youtube,83
ohharu오하루_20250402,마라샹궈 찐맛집.......❤️‍🔥❤️‍🔥 #mukbang #food,,Ohharu오하루,2025-04-02,PT1M4S,9906,354,11,youtube,44
ohharu오하루_20250329,"맘스터치 핫치즈빅싸이순살,마라짜파게티 EATING SOUND Mukbang",말이 필요없ㄴ......,Ohharu오하루,2025-03-29,PT3M9S,63323,2532,38,youtube,55
ohharu오하루_20250328,이건 못참ㅇㅏ핫치즈싸이순살에 마라짜파게티🔥🔥 #mukbang #food 치즈볼까지,,Ohharu오하루,2025-03-28,PT1M20S,7828,280,5,youtube,412
ohharu오하루_20250325,"후추치즈열라면에 김밥,,,❤️‍🔥❤️‍🔥#mukbang #food",,Ohharu오하루,2025-03-25,PT1M2S,9695,460,10,youtube,271
ohharu오하루_20250323,#AD 쫀득한 젤라또 만들기?!?🍦 #파베크림콘Making Gelato 🍦CU에서 판매중🩵#파베크림콘 #라라스윗 #CU신상 #편의점신상 #mukbang,,Ohharu오하루,2025-03-23,PT1M12S,7655,201,2,youtube,35
ohharu오하루_20250320,6-step Matcha macaron 6단계 말차 마카롱💚 #mukbang #shorts,,Ohharu오하루,2025-03-20,PT1M31S,7623,316,3,youtube,49
ohharu오하루_20250316,종류별 초콜릿 먹어보기 Cheese chocolate is super yummy❕🧀🍫💛#mukbang,#food #shorts,Ohharu오하루,2025-03-16,PT1M15S,6125,222,3,youtube,148
ohharu오하루_20250314,4가지 쿠키 반죽 먹기  Eating four flavored cookie dough scoops 🍪🤍 #mukbang #eatingshow,,Ohharu오하루,2025-03-14,PT1M36S,8185,355,7,youtube,163
ohharu오하루_20250312,편의점 세로먹방 댓글모음 #mukbang #shorts,,Ohharu오하루,2025-03-12,PT57S,12173,349,7,youtube,61
ohharu오하루_20250308,#광고 레전드 빠삭한 60계 크크크치킨 ASMR 🍗 Korean crispy Chicken and Spicy Tteokbokki #mukbang,,Ohharu오하루,2025-03-08,PT1M43S,5055,188,6,youtube,874
ohharu오하루_20250305,치즈 듬뿍 불닭볶음탕면 먹방 댓글모음,,Ohharu오하루,2025-03-05,PT55S,6061,243,6,youtube,61
ohharu오하루_20250305,치즈 가득 명랑 핫도그 먹방,#mukbang #핫도그 #asmr #eatingsounds #eatingshow,Ohharu오하루,2025-03-05,PT3M1S,4054,135,5,youtube,61
ohharu오하루_20250304,명랑 핫도그 먹방 댓글모음,,Ohharu오하루,2025-03-04,PT1M,5978,223,1,youtube,61
ohharu오하루_20250228,집에서 만드는 초간단 김치만두전골🔥 #shorts #homecook,,Ohharu오하루,2025-02-28,PT46S,7405,315,3,youtube,273
ohharu오하루_20250225,스테이크 올린 꾸덕 존맛탱 크림 파스타#mukbang,,Ohharu오하루,2025-02-25,PT55S,7546,352,9,youtube,286
ohharu오하루_20250225,꾸우우우덕한 원팬 크림 파스타 만들기🤍 #shorts #cooking,,Ohharu오하루,2025-02-25,PT32S,15835,438,7,youtube,287
ohharu오하루_20250217,레전드 꾸덕한 불닭 로제 중국당면🔥 #mukbang,,Ohharu오하루,2025-02-17,PT40S,18283,866,9,youtube,83
ohharu오하루_20250217,불닭 로제 중국당면 파스타.. 소리 레전드🔥!! EATING SOUND Mukbang[한국어 자막],"꾸덕한 로제 중국당면 파스타를 만들어봤어요!!! 버터에 양파,베이컨,다진마늘 넣고 볶다가 우유랑 생크림 1:1 비율로 넣고 고추장,불닭소스,고춧가루(생략가능)넣고 12시간 물에 불려둔 중국당면 넣고 체다치즈 2장 넣으면 완성이에요!!! 진짜 맛있으니까 여러분 꼭 해 드셔보세요!!!!!!!!!!@@@",Ohharu오하루,2025-02-17,PT3M1S,10204,319,13,youtube,83
ohharu오하루_20250201,오늘 야식 차돌순두부열라면 열라맛있음 Korean Spicy Soft Tofu Ramen #mukbang,,Ohharu오하루,2025-02-01,PT1M28S,18121,756,15,youtube,356
ohharu오하루_20250131,마라탕 먹는 날 Chinese Spicy Hot Pot🔥 ASMR Mukbang,,Ohharu오하루,2025-01-31,PT1M28S,5152,219,1,youtube,45
ohharu오하루_20250130,Dumpling Ramen and Gimbap Mukbang 🔥 만두라면에 김밥,,Ohharu오하루,2025-01-30,PT53S,4608,151,2,youtube,271
ohharu오하루_20241206,Mac & Cheese with Spicy noodles tteokbokki ASMR Mukbang,#eatingshow #맥앤치즈 #불닭 #eatingsounds #asmreating #koreangirl #foodlover #macandcheese #buldak,Ohharu오하루,2024-12-06,PT1M28S,6100,242,3,youtube,83
ohharu오하루_20241127,Spicy K-Chicken 핫치즈빅싸이순살 + 밥 ASMR Mukbang,#eatingshow #cheeseball #koreanfood #buldak #치밥 #맘스터치,Ohharu오하루,2024-11-27,PT2M27S,13137,319,2,youtube,194
ohharu오하루_20241122,How to eat ramen without any leftovers 라면 먹방 #shinramen #asmrfood,#eatingshow #mukbang #foodshorts #koreanfood #라면,Ohharu오하루,2024-11-22,PT2M4S,8164,188,2,youtube,61
