POST_ID,KEYWORD_ID,POST_TEXT,HASHTAGS,AUTHOR_ID,POST_DATE,LIKE_COUNT,PLATFORM
hongji_yam_2025-05-23,1,"대전 갔더니 1,800원에 과일모찌를 팔아요🧐 🏷️ @youngchunmozzi_official 9주","#asmr, #mukbang, #asmrmukbang, #먹방, #찹쌀떡, #과일모찌, #딸기모찌, #dessert, #mochi, #eatingshow",hongji_yam_2025-05-23,2025-05-23,4.1만,instagram
hongji_yam_2025-02-20,1,빽다방에서 웬 두바이초콜릿..?🍫 이제서야 두바이초콜릿?인가 했다가 ㄹㅇ 너무!!!! 맛있어서!!!! 인정 인정 대~~인정하고 또 사먹기루 다짐함.😎 🏷️ 빽다방 @paikscoffee_official 22주,"#asmr, #mukbang, #asmrmukbang, #먹방, #dubaichocolate, #두바이초콜릿, #두바이초코, #초콜릿, #초콜릿먹방, #초코, #피스타치오, #디저트",hongji_yam_2025-02-20,2025-02-20,2만,instagram
hongji_yam_2024-11-25,1,"🔥 핫치즈싸이순살 + 치즈볼 🧀 맵찔이도 중독시켜버린 요물같은 이 양념,, 매운데 진짜 깔끔하게 매워서 맛있어요!! 월요일은 힘드니까 치킨 한 사바리 ~ 🍗 맘스터치 핫치즈싸이순살 @momstouch.love 35주","#asmr, #asmrmukbang, #mukbang, #chicken, #spicyfood, #koreanchicken, #cheeseballs, #핫치즈싸이순살, #맘스터치, #치킨맛집, #치킨먹방, #치즈볼",hongji_yam_2024-11-25,2024-11-25,2.9만,instagram
hongji_yam_2025-07-30,13,"🦀빠작한 빠다크랩 왕창 들어간 치킨?! 살다살다 이런 치킨은 처음 보는디 존맛 양념+숯불향+빠작한 빠다크랩+ 갈릭후추 후레이크 감칠맛 = 극락이에요,,🌈 바삭한 치킨 안에 치즈 왕창 든 모치치랑도 넘 잘 어울려서 추천🌟 민생회복소비쿠폰 사용도 가능하니까 얼른 먹어보기~! 🏷️ 20시간","#광고, #기영이숯불두마리치킨, #빠다크랩숯불치킨, #asmr, #mukbang, #asmrmukbang, #eatingshow, #koreanfood, #モッパン, #chicken, #치킨추천, #야식, #치킨맛집, #구성환, #오뚜기순후추, #원피스, #모치치",hongji_yam_2025-07-30,2025-07-30,430,instagram
hongji_yam_2025-07-29,1,"두바이떠먹치케는 처음 보시죠? 저두요ㅠ🤤 쿠키도 진짜 미친놈인 것,,,, *사장님께서 맛보라고 보내주신 건데 공익을 위해 올립니다,,🤤 🏷️ 1일","#부산, #허대빵, #asmr, #mukbang, #asmrmukbang, #먹방, #eatingshow, #モッパン, #디저트먹방, #두바이초코, #베이글산도, #쫀득빵, #부산빵지순례",hongji_yam_2025-07-29,2025-07-29,1999,instagram
hongji_yam_2025-07-29,1,"크기부터 미친 두바이 베이글산도에 쫀득빵💚 *사장님께서 맛보라고 보내주신 건데 공익을 위해 올립니다,,🤤 🏷️ 1일","#부산, #허대빵, #asmr, #mukbang, #asmrmukbang, #먹방, #eatingshow, #モッパン, #디저트먹방, #두바이초코, #베이글산도, #쫀득빵, #부산빵지순례",hongji_yam_2025-07-29,2025-07-29,7668,instagram
hongji_yam_2025-07-27,1,봄날엔 약과에 구름퐁 올려먹기🤩 식감 좋고 달달한데 맛있는 디저트 땡길 때 요로케 먹어보세요 호호! 아주 짱맛도리🤍 🏷️ 3일,"#봄날엔, #초코퐁당구름크림떡, #asmr, #mukbang, #asmrmukbang, #먹방, #eatingshow, #モッパン, #약과, #크림떡, #디저트먹방, #꿀조합, #구름크림떡, #여수언니",hongji_yam_2025-07-27,2025-07-27,1834,instagram
hongji_yam_2025-07-26,1,남자친구 손맛 가득한 집밥!🏠🍱 4일,"#asmr, #mukbang, #asmrmukbang, #먹방, #eatingshow, #モッパン, #미역국, #오이소박이, #부추겉절이, #스팸, #도시락, #집밥, #homefood, #koreanfood",hongji_yam_2025-07-26,2025-07-26,3106,instagram
hongji_yam_2025-07-25,16,쿨리쉬 꿀조합 4가지 낋여왔어요😎 빵순이라 긍가 제 원픽은 단팥빵 조합! 쿨리쉬가 고냥 부드러움만 있는 게 아니라 샤베트같은 사각사각한 식감도 있어서 빵이랑 같이 먹었더니 더 맛있더라구요?! 여러분은 어떤 조합이 제일 맛있어 보이나요~?💙 🏷️ 5일,"#광고, #롯데, #쿨리쉬, #asmr, #mukbang, #asmrmukbang, #eatingshow, #koreanfood, #モッパン, #아이스크림, #coolish, #설레임, #단팥빵, #꼬깔콘, #크림브륄레",hongji_yam_2025-07-25,2025-07-25,1850,instagram
hongji_yam_2025-07-24,1,두친자가 두바이모찌뿌요 안 먹으면 유죄💦 🏷️ دبي 6일,"#크리미, #두바이모찌뿌요, #asmr, #mukbang, #asmrmukbang, #먹방, #eatingshow, #モッパン, #두바이초콜릿, #두바이초코, #dubaichocolate, #디저트먹방, #모찌뿌요, #CokelatDubai, #شوكولاتة",hongji_yam_2025-07-24,2025-07-24,3077,instagram
hongji_yam_2025-07-23,1,깨먹는 두바이초코 티라미수는 처음 볼 걸요?!😎 마켓컬리랑 카카오톡 선물하기에서 간편하게 구매 가능✅ 이번 여름엔 시원~하고 달달하게 꿀조합 그대로 꼭 먹어보세요>< 🏷️ @hart_tiramisu 1주,"#광고, #하트티라미수, #asmr, #mukbang, #asmrmukbang, #먹방, #eatingshow, #モッパン, #티라미수, #두바이초콜릿, #두바이초코, #꿀조합, #디저트, #케이크, #tiramisu, #dubaichocolate, #여름간식",hongji_yam_2025-07-23,2025-07-23,3499,instagram
hongji_yam_2025-07-22,1,남자친구표 간장국수+치즈감자전 🍜🧀🥔 1주,"#asmr, #mukbang, #asmrmukbang, #먹방, #eatingshow, #モッパン, #간장국수, #감자전, #치즈감자전, #집밥, #homefood, #koreanfood",hongji_yam_2025-07-22,2025-07-22,4886,instagram
hongji_yam_2025-07-21,1,카스테라 맛있게 먹는 법😎 이번에 바닐라/오레오 쉐이크가 출시됐는데 찍어 먹는 게 요즘 유행이라 하더라고요?! 좀 더 촉촉+사르륵 녹는 식감에 단맛도 좀 더 추가되는 느낌이라 갠적으로 넘 맛있게 먹었어요! 수박주스 처돌이라 수박주스도 먹었는데 망고/딸기/파인애플/수박 4가지나 있으니 시원한 생과일주스도 드셔보세요🥭🍓🍍🍉 🏷️ 각 지역별 지점 검색🔎 1주,"#광고, #치즈당, #asmr, #mukbang, #asmrmukbang, #eatingshow, #koreanfood, #モッパン, #카스테라, #대왕카스테라, #빵먹방, #디저트, #수박주스, #오레오쉐이크",hongji_yam_2025-07-21,2025-07-21,2576,instagram
hongji_yam_2025-07-20,1,남자친구표 대왕 수제버거+감자튀김 🍔🍟 1주,"#asmr, #mukbang, #asmrmukbang, #먹방, #eatingshow, #モッパン, #hambuger, #햄버거, #수제버거, #감자튀김, #집밥, #homefood, #frenchfries",hongji_yam_2025-07-20,2025-07-20,2.6만,instagram
hongji_yam_2025-07-19,1,티코+소금빵=하룰라라🌈 1주,"#asmr, #mukbang, #asmrmukbang, #먹방, #eatingshow, #koreanfood, #モッパン, #소금빵, #티코, #꿀조합, #塩パン, #아이스크림, #빵먹방, #디저트",hongji_yam_2025-07-19,2025-07-19,6790,instagram
hongji_yam_2025-07-19,1,"남자친구표 고추장등갈비 레시피 문의 폭주💥 남자친구는 요리사가 아니어서 뚝딱 감으로 만들어주는 거 절대 아니구!! 유튜브에서 이것저것 레시피 많이 보고 괜찮은 부분들 섞어서 만든다고 합니다! 필요한 재료는 프로필 링크 올려뒀어요 등갈비 1kg 버터 20g 대파 1대 양파 1개 청양고추 2개 후추 20바퀴 물 600ml 진간장 4T, 설탕 4T, 고추장 4T 고춧가루 2T 다진마늘 1T, 케첩 1T, 식초 1T 이번 레시피는 <류수영 고추장버터등갈비> 에서 참고하여 만들어줬다고 하니 자세한 조리과정 필요하신 분들은 유튜브 검색 추천드려요🔎 1주","#asmr, #mukbang, #asmrmukbang, #먹방, #eatingshow, #koreanfood, #モッパン, #등갈비, #고추장등갈비, #등갈비맛집, #양념등갈비, #치즈등갈비, #야식, #야식추천, #집밥, #집밥요리, #homefood, #레시피",hongji_yam_2025-07-19,2025-07-19,3948,instagram
hongji_yam_2025-07-18,13,혹시 쯔란.. 좋아하세요..? 왜케 마쉿서..? 치킨+쯔란=???? 상상이 안 가는 조합인디 먹자마자 왜 출시했는지 바로 납득이가 돼버려. 양꼬치 못 먹는 저두•• 야무지게 먹어버린 고 녀석! 치킨 자체가 맛있어서 60계는 믿먹~🤍 🏷️ 1주,"#광고, #60계치킨, #쯔란윙봉, #asmr, #mukbang, #asmrmukbang, #eatingshow, #koreanfood, #chicken, #モッパン, #치킨, #치킨추천, #야식, #야식추천, #쯔란",hongji_yam_2025-07-18,2025-07-18,1162,instagram
hongji_yam_2025-07-17,1,남자친구의 첫 고추장등갈비! 말 안 되는 비주얼🤤 수정됨 · 1주,"#asmr, #mukbang, #asmrmukbang, #먹방, #eatingshow, #koreanfood, #モッパン, #등갈비, #고추장등갈비, #등갈비맛집, #양념등갈비, #치즈등갈비, #야식, #야식추천, #집밥, #집밥요리, #homefood",hongji_yam_2025-07-17,2025-07-17,1.4만,instagram
hongji_yam_2025-07-16,1,두바이초코 먹다가 냅다 수술 커밍아웃 해버리기💦 작년에 스마일라식 했는데 최저가로 수술할 수 있는 방법을 이제야 알아버려서 여러분이라두•• 꼭 할인 받고 하셨음 하는 마음에 후다닥 정보 낋여왔어요!!!!! 시력교정술(라식•라섹•스마일•렌즈삽입)부터 백내장/드림렌즈/아이링/노안수술 등 모두닥에서는 필요한 수술을 최저가로 받아볼 수 있는데 대학생/직장인 할인몰에서 추가할인까지 받으려면 프로필 링크 참고!🌟 대학생/직장인 할인몰에 입점한 병•의원에 한정함 @modoodoc 수정됨 · 2주,"#광고, #모두닥, #ASMR, #먹방asmr, #asmrmukbang, #モッパン, #eatingshow, #dubaichocolate, #두바이쫀득쿠키, #두바이초콜릿, #두바이초코쿠키, #팔레트디저트, #쫀득쿠키, #스마일라식, #라식, #라섹, #렌즈삽입술",hongji_yam_2025-07-16,2025-07-16,5279,instagram
hongji_yam_2025-07-15,1,세븐일레븐에 이정후정식이 나왔다는 소식!🔊 51종이나 되는 랜덤 띠부씰도 들어있고 더블클래식버거 / 포크바베큐플래터도시락 / 함박스테이크김밥 3가지나 있어서 날마다 다른 메뉴로 골라먹는 재미까지! 🍔 더블클래식버거 - 신선란 야채 가득! 패티 2장에 치즈까지 맛없없! 🍱 포크바베큐플래터도시락 - 다양한 반찬 가득한 한국 도시락의 미국화! 🍙 함박스테이크김밥 - 함박이 통으로 들어간 김밥에 파스타 조합이 존맛! 편의점에서 밥 먹을 때 앞으로 자주 먹을 듯!⚾️ 🏷️ 2주,"#광고, #세븐일레븐, #이정후정식, #asmr, #mukbang, #asmrmukbang, #먹방, #eatingshow, #도시락, #편의점도시락, #편의점신상, #신상리뷰, #モッパン, #세븐일레븐신상, #세븐신상, #세븐일레븐이정후, #편의점도시락, #편의점햄버거, #편의점김밥, #야구",hongji_yam_2025-07-15,2025-07-15,578,instagram
hongji_yam_2025-07-14,14,남자친구표 김치말이냉국수 + 만두 = 여름 극뽁🏖️💦 수정됨 · 2주,"#asmr, #mukbang, #asmrmukbang, #eatingshow, #김치말이냉국수, #국수, #만두, #고기만두, #モッパン",hongji_yam_2025-07-14,2025-07-14,3353,instagram
hongji_yam_2025-07-13,1,랜덤 과일모찌 만들어주는 남자친구🍓🤍 2주,"#asmr, #mukbang, #asmrmukbang, #먹방, #eatingshow, #koreanfood, #찹쌀떡, #과일모찌, #수제과일모찌, #망고찹쌀떡, #메론찹쌀떡, #복숭아찹쌀떡, #mochi, #モッパン",hongji_yam_2025-07-13,2025-07-13,9627,instagram
hongji_yam_2025-07-12,1,남자친구의 5첩반상은 날 과식하게 만들어💦 2주,"#asmr, #mukbang, #asmrmukbang, #먹방, #eatingshow, #밥도둑, #김치찌개, #돼지고기김치찌개, #삼겹살, #콩나물무침, #감자채볶음, #koreanfood, #homefood, #집밥",hongji_yam_2025-07-12,2025-07-12,3819,instagram
hongji_yam_2025-07-11,1,"아니 스텔라에 이렇게 꾸덕한 치즈폭탄 크림떡볶이가 있었어..?🫢 닭강정은 또 왜케 잘해,,🤤🤤 🏷️ 2주","#스텔라떡볶이, #매콤크림떡볶이, #양념닭강정, #asmr, #mukbang, #asmrmukbang, #먹방, #eatingshow, #tteokbokki, #크림떡볶이, #닭강정, #떡볶이맛집, #닭강정맛집, #chicken, #koreanfood, #モッパン",hongji_yam_2025-07-11,2025-07-11,2611,instagram
hongji_yam_2025-07-10,16,"초코크림 아니고 고운팥 가득 든 찐빵 맛집,,🤤 인스타로 미리 예약도 받으시는데 저는 오픈런 해서 현장 구매 했어요!🌟 🏷️ @jeju_arajjinppang 2주","#제주, #아라찐빵, #asmr, #mukbang, #asmrmukbang, #eatingshow, #dessert, #빵지순례, #제주빵지순례, #제주도빵집, #제주도맛집, #제주빵집, #제주빵집투어, #jejuisland, #찐빵",hongji_yam_2025-07-10,2025-07-10,1976,instagram
hongji_yam_2025-07-09,1,"드디어 남자친구가 간장게장까지 접수,,🦀🩷 미친 거 아니겠냐고요~!!!!! 3주","#asmr, #mukbang, #asmrmukbang, #먹방, #eatingshow, #간장게장, #게장, #밥도둑, #Ganjanggejang, #soysaucemarinatedcrab, #crab, #koreanfood, #homefood, #집밥",hongji_yam_2025-07-09,2025-07-09,1.6만,instagram
hongji_yam_2025-07-06,1,제주도 가서 딱새우회 안 먹었음 다시 가야 됨ㅠ🦐 3주,"#asmr, #mukbang, #asmrmukbang, #먹방, #eatingshow, #rawshrimp, #shrimp, #생새우, #딱새우회, #딱새우",hongji_yam_2025-07-06,2025-07-06,8279,instagram
hongji_yam_2025-07-05,1,너무 궁금했던 골드망고 찹쌀떡!!!!!🤤🥭 🏷️ 3주,"#성수, #한정선, #asmr, #mukbang, #asmrmukbang, #먹방, #eatingshow, #mochi, #koreanfood, #찹쌀떡, #과일모찌, #딸기모찌, #성수동카페",hongji_yam_2025-07-05,2025-07-05,1.1만,instagram
hongji_yam_2025-07-04,1,"맘스터치 신메뉴 풍미가 진짜 댑악이잖아,,? 풍미,불향 가득 딥스모크소스로 만든 신상 버거인데 식감•풍미•재료•영양•포만감•가격 다 만족스러운 완벽한 육각형 버거예요🌟🩷 야채도 가득하고 치킨패티 바삭+부드러움 말모ㅠ 치킨 버거 땡길 때 맘터 가면 신메뉴 꼭 드셔보세요>< 🏷️ 3주","#광고, #맘스터치, #와우스모크디럭스, #와우스모크디럭스버거, #asmr, #mukbang, #asmrmukbang, #먹방, #eatingshow, #chicken, #hambuger, #신상버거, #버거추천, #햄버거맛집, #치즈볼",hongji_yam_2025-07-04,2025-07-04,3796,instagram
hongji_yam_2025-07-03,1,"지금 BBQ치킨 앱으로 주문해야 하는 이유🌟 >>7월 25일까지<< BBQ앱으로 치킨 주문하면 🎫 FC바르샤 서울 직관 티켓부터 🍗 황금올리브 반마리 🧀 랜덤치즈볼 10알 🥔 모둠 감자튀김 🍡 BBQ소떡 🍋 레몬보이 245ml 쿠폰까지! FC바르셀로나 서울 매치 직관 경기까지 3주 남았는데 남은 티켓은 BBQ뿐,,! BBQ 창사 30주년 이벤트로 FC바르셀로나를 서울에서 볼 수 있게 FC서울과의 경기를 준비했대요! 꽝없는 100% 당첨 이벤트로 자동 참여 가능하니까 꼭 BBQ앱으로 치킨 시켜드세요!🌟 🏷️ 3주","#BBQ, #황금올리브, #asmr, #mukbang, #asmrmukbang, #먹방, #eatingshow, #chicken, #비비큐, #669, #야식, #치킨먹방, #치킨, #황올, #랜덤치즈볼, #치즈볼, #치킨추천, #야식추천, #FC바르셀로나, #바르사",hongji_yam_2025-07-03,2025-07-03,1678,instagram
hongji_yam_2025-07-02,1,나만 알고 싶은데 이미 유명해진 아이스크림🍦 🏷️ 4주,"#조이아이스크림, #리얼애플바, #asmr, #mukbang, #asmrmukbang, #먹방, #eatingshow, #icecream, #아이스크림먹방, #쫀득, #그릭요거트, #블루베리요거트, #샤베트",hongji_yam_2025-07-02,2025-07-02,4292,instagram
hongji_yam_2025-07-01,1,두바이 벽돌케이크는 진짜 미친 거 아닐까요🫢 ㄹㅇ 대존맛파티ㅠ 🏷️ @arom_bake 4주,"#인천, #아롬베이크, #asmr, #mukbang, #asmrmukbang, #먹방, #eatingshow, #dessert, #빵지순례, #두바이초콜릿, #dubaichocolate, #인천빵집, #벽돌케이크, #turkishcake, #yaspastachocolate",hongji_yam_2025-07-01,2025-07-01,2496,instagram
hongji_yam_2025-06-30,1,두바이 모찌뿌요는 처음 볼 걸요~?🤤 🏷️ @creamy_bk 4주,"#부산, #크리미, #asmr, #mukbang, #asmrmukbang, #먹방, #eatingshow, #dessert, #빵지순례, #부산빵지순례, #전포동카페, #모찌뿌요, #두바이초콜릿, #dubaichocolate",hongji_yam_2025-06-30,2025-06-30,8565,instagram
hongji_yam_2025-06-29,1,아누누님도 보고 파삭도 사오고 완조니 럭키~🍀 플레인 요거트랑 먹으면 100배 꿀맛 💯 🏷️ @pasaackorea @anunu.kr 4주,"#더현대서울, #asmr, #mukbang, #asmrmukbang, #먹방, #eatingshow, #dessert, #파삭, #동결건조, #팝업스토어, #간식",hongji_yam_2025-06-29,2025-06-29,4386,instagram
hongji_yam_2025-06-28,1,"3년째 단골인 소금빵집이 서울에 왔어요,,🥹🤍 더현대서울 팝업으로 7/3까지 계신다고 하니 서울분들 꼭,, 드셔보세요!!!! 절호의 찬~스😋 🏷️ @cafechoi 4주","#더현대서울, #카페초이, #asmr, #mukbang, #asmrmukbang, #먹방, #eatingshow, #dessert, #디저트, #빵지순례, #강릉빵집, #소금빵, #소금빵맛집, #명란마요소금빵, #saltbread, #팝업스토어, #강릉소금빵",hongji_yam_2025-06-28,2025-06-28,7942,instagram
hongji_yam_2025-06-27,1,간장새우장 너무 많이 먹어서 이번엔 양념새우장🦐 4주,"#asmr, #mukbang, #asmrmukbang, #먹방, #eatingshow, #rawshrimp, #shrimp, #homefood, #koreanfood, #양념새우장, #간장새우장, #생새우, #새우, #집밥",hongji_yam_2025-06-27,2025-06-27,2.3만,instagram
hongji_yam_2025-06-26,1,시녕픽은 믿고 먹어요..🤤 뒤집어지게 맛있어ㅠ @sing_note_s2 고생해따🩷 🏷️ 4주,"#빵더랜드, #리벌스, #asmr, #mukbang, #asmrmukbang, #먹방, #eatingshow, #dessert, #디저트, #빵지순례, #케이크, #케이크맛집, #케이크먹방, #흑임자우도땅콩케이크, #피스타치오레어치즈",hongji_yam_2025-06-26,2025-06-26,1504,instagram
hongji_yam_2025-06-25,1,"육즙 가득! 통실한 통새우만두+비빔면🦐 만두로 단백질까지 야무지게 채운 꿀조합,,💪🏻 🏷️ @bibigo.kr 5주","#광고, #비비고통새우만두, #asmr, #mukbang, #asmrmukbang, #먹방, #eatingshow, #비비고만두, #비비고새우만두, #얇은피만두, #고기만두, #bibigo, #bibigomando",hongji_yam_2025-06-25,2025-06-25,2294,instagram
hongji_yam_2025-06-24,1,에어컨+수박=여름 극락 조합🍉🥶 5주,"#asmr, #mukbang, #asmrmukbang, #먹방, #eatingshow, #watermelon, #watermelonpunch, #수박, #과일먹방, #여름과일",hongji_yam_2025-06-24,2025-06-24,1279,instagram
hongji_yam_2025-06-22,16,제주도 가면 이 집 빵 드셔보실래요..?🤤 🏷️ @jinjin_baking 5주,"#제주, #진진제과, #asmr, #mukbang, #asmrmukbang, #eatingshow, #dessert, #빵지순례, #제주빵지순례, #제주도빵집, #제주도맛집, #제주빵집, #제주빵집투어, #jejuisland, #모찌빵",hongji_yam_2025-06-22,2025-06-22,3023,instagram
hongji_yam_2025-06-20,16,부산 최애 구움과자집 공개합니다••🤤 벌써 2년째 먹으러 다니고 시켜 묵는 곳🤍 🏷️ @oven_temperature_ 5주,"#부산, #오븐의온도, #asmr, #mukbang, #asmrmukbang, #eatingshow, #dessert, #빵지순례, #구움과자, #구움과자맛집, #휘낭시에, #구구콘, #쿠키, #쿠키맛집, #부산빵지순례",hongji_yam_2025-06-20,2025-06-20,5660,instagram
hongji_yam_2025-07-04,16,명란마요 소금빵 원탑 등극💦 두바이 보고 갔다가 명란마요 쟁여왔어요🤤🩷 🏷️ @sogeum._.dohwa 수정됨 · 3주,"#천안, #소금도화, #asmr, #mukbang, #asmrmukbang, #eatingshow, #dessert, #saltbread, #소금빵, #소금빵맛집, #빵지순례, #천안빵집, #천안카페추천, #불당동, #명란마요소금빵",hongji_yam_2025-07-04,2025-07-04,8035,instagram
hongji_yam_2025-06-16,1,쫀득빵 맛집 찾아부렀네.. 미친 두바이까지🤎 🏷️ @arom_bake 6주,"#아롬베이크, #asmr, #mukbang, #asmrmukbang, #먹방, #eatingshow, #dessert, #디저트, #빵지순례, #인천디저트, #쫀득빵, #모찌빵, #두바이초코",hongji_yam_2025-06-16,2025-06-16,7893,instagram
hongji_yam_2025-06-15,1,가장 요청 많았던 남자친구표 간장새우장 3탄🦐 6주,"#asmr, #mukbang, #asmrmukbang, #먹방, #eatingshow, #rawshrimp, #shrimp, #homefood, #koreanfood, #간장새우장, #생새우, #새우, #집밥, #간장새우초밥, #새우초밥",hongji_yam_2025-06-15,2025-06-15,4만,instagram
hongji_yam_2025-06-14,1,"자두러버라면 라라스윗 신상 꼭 먹기,,🌟 오렌지, 포도에 이어 자두 제로바가 출시됐는데 진짜 자두랑 싱크로율 100% 💦💦 심지어 저당도 아니고 무당,, 0g,,!!!! 식감도 완전 슬러시 질감이라 사각 + 사르르 식감 미쵸버려ㅠ 어케 하셨어요…. 진짜 최고임….🤍 제 원픽 는 GS편의점 18일날 입점된대요!!! (심지어 1+1으로) 같이 쟁이러 가요🌟🌟 🏷️ @lalasweet_icecream 수정됨 · 6주","#광고, #자두제로바, #라라스윗, #asmr, #mukbang, #asmrmukbang, #먹방, #eatingshow, #icecream, #아이스크림, #제로바, #포도제로바, #오렌지제로바, #라라스윗신상, #신상리뷰, #신상디저트",hongji_yam_2025-06-14,2025-06-14,1601,instagram
hongji_yam_2025-06-13,1,인천에도 벽돌케이크 파는 곳이 생겼어요🤭✨ 🏷️ @arom_bake 6주,"#아롬베이크, #asmr, #mukbang, #asmrmukbang, #먹방, #eatingshow, #dessert, #디저트, #빵지순례, #인천디저트, #벽돌케이크, #turkishcake, #yaspastachocolate, #redvelvetcake",hongji_yam_2025-06-13,2025-06-13,3129,instagram
hongji_yam_2025-06-12,1,통연어는 잡고 뜯어줘야 제 맛😋 무슨 소스가 제일 맛있을까요?! 6주,"#asmr, #mukbang, #asmrmukbang, #먹방, #eatingshow, #salmon, #buldak, #통연어, #연어, #연어맛집, #불닭",hongji_yam_2025-06-12,2025-06-12,3888,instagram
hongji_yam_2025-06-11,1,여름이니까 통수박화채 주기적 수혈🥶🍉 7주,"#asmr, #mukbang, #asmrmukbang, #먹방, #eatingshow, #dessert, #수박화채, #통수박, #수박, #watermelon, #watermelonpunch, #화채",hongji_yam_2025-06-11,2025-06-11,2861,instagram
hongji_yam_2025-06-10,16,"저장하세요. 인생 소금빵집 여기로 할게요,,✨ 🏷️ @sauve_bakery 7주","#대구, #소베, #asmr, #mukbang, #asmrmukbang, #eatingshow, #dessert, #saltbread, #소금빵, #소금빵맛집, #빵지순례, #대구빵집, #대구카페추천",hongji_yam_2025-06-10,2025-06-10,1만,instagram
hongji_yam_2025-06-09,1,단면이 말해주는 개쩌는 두바이수건케이크!!!!!💚 긴 말 안 해요. 당장 주문 갈겨!!!!!!🤤 *단순 선물이지만 이 존맛탱을 저만 알 수 없어서 공익을 위해 올립니다..🌟 🏷️ @palette_dessert_ 7주,"#팔레트디저트, #asmr, #mukbang, #asmrmukbang, #먹방, #eatingshow, #dessert, #두바이초콜릿, #두바이수건케이크, #두바이초코, #디저트, #피스타치오, #인천디저트",hongji_yam_2025-06-09,2025-06-09,3.1만,instagram
hongji_yam_2025-06-08,1,중국먹방에서만 보던 우유말먹빵이 CU신상으로!🍞 🏷️ @cu_official 7주,"#cu편의점, #asmr, #mukbang, #asmrmukbang, #eatingshow, #dessert, #우유에말아먹는빵, #우유말먹빵, #식빵, #먹방, #편의점신상, #신상리뷰",hongji_yam_2025-06-08,2025-06-08,3400,instagram
hongji_yam_2025-06-07,1,인생 카스테라 영접..🤤 퐁신+부들부들ㅜㅜㅜ 크림도 너무 맛있어서 기절🫠 안 느끼함!!!!! 🏷️ @cheesedang_official 7주,"#치즈당, #asmr, #mukbang, #asmrmukbang, #먹방, #eatingshow, #dessert, #카스테라, #대왕카스테라, #크림빵, #황치즈, #초코, #생크림빵",hongji_yam_2025-06-07,2025-06-07,3494,instagram
hongji_yam_2025-06-06,1,부산 빵순이들은 다 아는(?) 랍스타빵🦞 식감파는 못 참는 비줠이라 서울에서 부산까지•••🚙 🏷️ @moody_bread_market 7주,"#무디브레드마켓, #asmr, #mukbang, #asmrmukbang, #먹방, #eatingshow, #dessert, #pastry, #아라고스타, #페스츄리, #부산빵집, #빵지순례, #크림빵, #전포동카페",hongji_yam_2025-06-06,2025-06-06,1199,instagram
hongji_yam_2025-06-05,1,더운 날엔 역시 수박화채가 최고야🍉 🏷️ 7주,"#과일에반하다, #asmr, #mukbang, #asmrmukbang, #먹방, #eatingshow, #dessert, #watermelonpunch, #fruit, #수박화채, #화채, #과일화채, #빙수",hongji_yam_2025-06-05,2025-06-05,2773,instagram
hongji_yam_2025-06-04,1,"두바이쫀득쿠키 원탑 아니냐고요.. 단면 좀 봐🥹 말랑쫀득한데 얇은 쫀득쿠키 안에 무슨 피쵸&카다이프가 야구공만하게 들어있는 감동적인 단면과 미친 식감!!!!!🌟 * 단순 선물로 노출의무는 없으나 너무 너무 맛있어서 올립니다,,🤎 🏷️ @palette_dessert_ 수정됨 · 8주","#팔레트디저트, #asmr, #mukbang, #asmrmukbang, #먹방, #eatingshow, #dessert, #두바이초콜릿, #두바이쫀득쿠키, #쫀득쿠키, #두바이초코, #디저트, #피스타치오",hongji_yam_2025-06-04,2025-06-04,2.6만,instagram
hongji_yam_2025-06-03,1,지락실 안 봤어도 재영작가님 불닭레시피는 꼭 해먹기🥹 🏷️ @earth_arcade @samyangfoods 8주,"#지락실불닭, #asmr, #mukbang, #asmrmukbang, #먹방, #eatingshow, #buldak, #지락실, #불닭, #불닭레시피, #야식, #야식추천, #지구오락실",hongji_yam_2025-06-03,2025-06-03,2693,instagram
hongji_yam_2025-06-02,1,진짜 역대급! 벽돌같은 두바이초콜릿 뺑스위스🍫 🏷️ @tennecafe 8주,"#테니, #asmr, #mukbang, #asmrmukbang, #eatingshow, #dessert, #먹방, #뺑스위스, #두바이초콜릿, #피스타치오, #성수동카페, #빵택배, #dubaichocolate",hongji_yam_2025-06-02,2025-06-02,5486,instagram
hongji_yam_2025-06-01,1,"여수언니 신메뉴 폼 진짜 미쳤다!!!!🍫🤎 초코순이를 위한,, 초코퐁당 초코초꾸떡🥹 🏷️ @bomnaln_official @yeosu.unnie 수정됨 · 8주","#asmr, #mukbang, #asmrmukbang, #먹방, #eatingshow, #디저트, #떡, #떡먹방, #초코퐁당초코초꾸떡, #오도독챌린지, #tteok, #chocolate, #여수언니, #봄날엔",hongji_yam_2025-06-01,2025-06-01,7910,instagram
hongji_yam_2025-06-01,1,빵순이는 다 아는 콩볼모음.zip 근데 아직도 비스코티는 어딘지 기억을 못한 이슈 @sing_note_s2 그녀의 빵세상이 좋아요🌏🩷 🏷️ @jjurong_bake @bbito_bakery @bongss__nola @bbangssunimom @veliss_vegan 수정됨 · 8주,"#쭈롱베이커리, #삐토베이커리, #봉쓰놀라, #쑤니맘베이커리, #벨리스, #asmr, #mukbang, #asmrmukbang, #먹방, #eatingshow, #dessert, #콩볼, #디저트, #간식, #황치즈",hongji_yam_2025-06-01,2025-06-01,1124,instagram
hongji_yam_2025-05-30,1,이마트 노브랜드엔 개쩌는 떡마리가 있어요🤓 🏷️ @nobrandkorea.official 8주,"#노브랜드, #asmr, #mukbang, #asmrmukbang, #먹방, #eatingshow, #떡, #떡먹방, #떡마리, #dessert, #koreanfood, #tteok, #이마트",hongji_yam_2025-05-30,2025-05-30,6580,instagram
hongji_yam_2025-05-29,1,2탄) 대전 갔다가 구움과자 신세계를 찾아버려✨ 🏷️ @jd_moonhwasa 8주,"#정동문화사, #asmr, #mukbang, #asmrmukbang, #eatingshow, #dessert, #먹방, #구움과자, #휘낭시에, #에그타르트, #까눌레, #대전빵지순례",hongji_yam_2025-05-29,2025-05-29,2778,instagram
hongji_yam_2025-05-29,1,1탄) 대전 갔다가 구움과자 신세계를 찾아버려✨ 🏷️ @jd_moonhwasa 8주,"#정동문화사, #asmr, #mukbang, #asmrmukbang, #eatingshow, #dessert, #먹방, #구움과자, #휘낭시에, #에그타르트, #까눌레, #대전빵지순례",hongji_yam_2025-05-29,2025-05-29,2368,instagram
hongji_yam_2025-05-28,1,육비라면 원조(?)보다 맛있을지 궁금했던 조합🌟 🏷️ @nongshim 9주,"#배홍동칼빔면, #asmr, #mukbang, #asmrmukbang, #먹방, #eatingshow, #육회, #육회비빔라면, #비빔면, #rawmeat, #koreanfood",hongji_yam_2025-05-28,2025-05-28,4997,instagram
hongji_yam_2025-05-27,1,비요뜨 초코링 양이 적어서 초코링을 왕창 사버림 🏷️ 9주,"#초코룹스, #asmr, #mukbang, #asmrmukbang, #먹방, #eatingshow, #비요뜨, #비요뜨초코링, #요거트, #요거트볼, #yogurt, #yogurtbowl",hongji_yam_2025-05-27,2025-05-27,1만,instagram
hongji_yam_2025-05-25,1,스텔라 짜장떡볶이 맛집인 거 왜 나만 몰랐지ㅠ 별튀김으로 왕 유명한 스텔라떡볶이에 짜장계란떡볶이가 있더라고요?! 떡부터 말랑쫄깃 + 분모자도 들어있고 소스도 감칠맛 대박이라ㅠㅠㅠㅠ 찰떡궁합인 탕수육 + 파김치랑 꼬옥 같이 잡솨봐유 ~~~ 🩷 🏷️ @stella_tteokbokki 9주,"#AD, #asmr, #mukbang, #asmrmukbang, #먹방, #떡볶이, #짜장떡볶이, #짜장계란떡볶이, #야식, #야식추천, #탕수육, #파김치, #tteokbokki, #koreanfood, #스텔라떡볶이",hongji_yam_2025-05-25,2025-05-25,5684,instagram
hongji_yam_2025-05-21,1,성심당 빵 먹빵 🍞 1. 고기한쌈 샌드위치 2. 야끼소바빵 3. 튀김소보로 4. 튀소구마 5. 초코튀소 🏷️ 10주,"#성심당, #asmr, #mukbang, #asmrmukbang, #먹방, #eatingshow, #빵지순례, #빵먹방, #대전빵지순례, #빵맛집, #디저트, #dessert",hongji_yam_2025-05-21,2025-05-21,943,instagram
hongji_yam_2025-05-19,1,"찹쌀떡에 바치케를 넣어 먹어요..?🍡🍰 이 집 떡이 진짜 부들부들 녹아버려요ㅠㅠㅠ 제발,, 잡솨보시길ㅠ🥹 🏷️ @cc77_official 10주","#제품제공, #asmr, #mukbang, #asmrmukbang, #먹방, #찹쌀떡, #바치케, #바스크치즈케이크, #치즈케이크, #모찌, #dessert, #mochi, #eatingshow, #cheesecake",hongji_yam_2025-05-19,2025-05-19,4150,instagram
hongji_yam_2025-05-17,1,초코순이라면 요월 신메뉴 꼭 잡솨봐ㅠ 🍫🤎 🏷️ @yogurtworld_official 10주,"#asmr, #mukbang, #asmrmukbang, #먹방, #아이스크림, #요거트아이스크림, #초코아이스크림, #저당딥초코아이스크림, #두바이초코, #디저트, #dessert, #dubaichocolate, #icecream",hongji_yam_2025-05-17,2025-05-17,1828,instagram
hongji_yam_2025-05-15,1,하다하다 남자친구가 집에서 통닭을 튀겨줘요🍗 처음 튀겨보는데 이렇게 맛있게 잘하는 게 맞나요ㅠㅠㅠㅠㅠㅠ 너무 마쉬따..🩷 10주,"#asmr, #mukbang, #asmrmukbang, #먹방, #치킨, #통닭, #koreanfood, #chicken, #집밥, #homefood, #야식",hongji_yam_2025-05-15,2025-05-15,4808,instagram
hongji_yam_2025-05-13,1,나 진지해요. 외우세요. 성심당 가면 망고롤!!!!🥭 🏷️ @sungsimdang_cakeboutique 11주,"#asmr, #mukbang, #asmrmukbang, #먹방, #케이크, #케이크먹방, #디저트, #롤케이크, #망고롤, #망고시루, #성심당, #성심당케익부띠끄, #mangocake, #mango, #cake, #dessert",hongji_yam_2025-05-13,2025-05-13,5227,instagram
hongji_yam_2025-05-11,1,"쫀득쿠키에도 두바이초코가,,💚🤎 🏷️ @dallatto.ee 11주","#달라또, #asmr, #mukbang, #asmrmukbang, #먹방, #쫀득쿠키, #두바이초콜릿, #두바이초코, #간식추천, #dessert, #dubaichocolate",hongji_yam_2025-05-11,2025-05-11,2642,instagram
hongji_yam_2025-05-09,1,하~도 알고리즘에 떠서 먹어보는 연어날치알무침🤤 이거 진자 미친놈이네요..? 기절쌈바리~~~~💃🏻 11주,"#asmr, #mukbang, #asmrmukbang, #먹방, #연어, #연어먹방, #날치알, #불닭, #연어날치알무침, #연어깍두기, #buldak, #salmon",hongji_yam_2025-05-09,2025-05-09,5735,instagram
hongji_yam_2025-05-07,1,현남친이 만들어준 전남친 토스트ㅋㅋㅋ🫐🧀🍞 12주,"#asmr, #mukbang, #asmrmukbang, #먹방, #토스트, #전남친토스트, #레시피, #크림치즈, #블루베리콩포트, #toast, #creamcheese, #blueberry",hongji_yam_2025-05-07,2025-05-07,2101,instagram
hongji_yam_2025-05-05,1,남자친구표 일식카레에 야무지게 싹싹김치🥬 이리온김치에서 김치를 보내주셔서!!! 카레랑 석박지 + 배추김치 조합으로 넘 맛있게 먹었어요 >< 🏷️ @comeonkimchi 수정됨 · 12주,"#제품제공, #이리온김치, #asmr, #mukbang, #asmrmukbang, #먹방, #김치, #석박지, #배추김치, #김치맛집, #김치먹방, #kimchi, #seokbakji, #집밥",hongji_yam_2025-05-05,2025-05-05,602,instagram
hongji_yam_2025-05-03,1,과일모찌 추천 1등🥇모찌이야기는 어떨까요🧐 🏷️ @mochistory_official 12주,"#모찌이야기, #asmr, #mukbang, #asmrmukbang, #먹방, #과일모찌, #모찌, #찹쌀떡, #떡먹방, #Fruitmochi, #mochi, #tteok, #딸기모찌",hongji_yam_2025-05-03,2025-05-03,6415,instagram
hongji_yam_2025-05-01,1,이마트에서 발견한 대왕 연어초밥🍣 두께는 좀 얇지만 소스도 맛있고 저녁에 가면 할인도 해줘서 완존 이득~~😋 🏷️ 이마트 @emartstore 12주,"#asmr, #mukbang, #asmrmukbang, #먹방, #연어초밥, #대왕연어초밥, #연어, #초밥, #스시, #suishi, #salmon, #이마트",hongji_yam_2025-05-01,2025-05-01,8788,instagram
hongji_yam_2025-04-29,1,메가커피에 나타난 마루는강쥐 케이크🍠🍰 냉동제품이라 얼려진 상태로 내주시는데 다 해동하지 말고 딱 픽업해와서 바로 먹었더니 중간부분이 사각사각하니 더 맛나요ㅠㅠㅠ🥹 🏷️ @mega.mgc.coffee_official 13주,"#메가커피, #asmr, #mukbang, #asmrmukbang, #먹방, #고구마케이크, #케이크먹방, #케이크, #디저트, #sweetpotato, #cake, #dessert",hongji_yam_2025-04-29,2025-04-29,4274,instagram
hongji_yam_2025-04-27,1,남자친구가 만들어준 간장새우장 리뉴얼버전🦐 지난 번이랑은 다른 레시피에 새우도 다른 걸 써서 그런가 진짜 100배 더 맛있어졌어요ㅠㅠㅠㅠㅠ 여보 짱!!!!! 고맙습니다😙🩷 13주,"#asmr, #mukbang, #asmrmukbang, #먹방, #새우먹방, #생새우, #간장새우, #새우장, #해산물, #간장새우장, #shrimp, #rawshrimp",hongji_yam_2025-04-27,2025-04-27,1.1만,instagram
hongji_yam_2025-04-25,1,"출시하자마자 난리날 떡참 레전드 신메뉴🌟 맵슈프림 떡치밥 세트,, 요고 아주 요물!!!! 매콤한 양념 + 고소하고 부드러운 슈프림소스 진짜 야무진 조합이라 밥 생각이 절로 나요🤤 ✅ 4월 주문 시 최대 6천원 할인! + KT 달달혜택 적용 시 최대 9천원 할인! 🏷️ 떡참 @tteok.cham 수정됨 · 13주","#협찬, #asmr, #mukbang, #asmrmukbang, #먹방, #떡볶이, #슈프림치킨, #맵슈프림치킨, #맵슈프림, #치밥, #참치마요, #tteokbokki, #chicken, #koreanfood",hongji_yam_2025-04-25,2025-04-25,2만,instagram
hongji_yam_2025-04-23,1,쫀득빵 좋아하면 일본 편의점에서 이거 꼭 먹기🥹 말랑퐁신하면서 쫀득하고 먹을수록 꿍덕해져서 가성비 빵맛집은 일본 편의점으로 정하겠어요 🏷️ 14주,"#세븐일레븐, #asmr, #mukbang, #asmrmukbang, #먹방, #편의점간식, #일본편의점, #일본디저트, #쫀득빵, #편의점빵",hongji_yam_2025-04-23,2025-04-23,978,instagram
hongji_yam_2025-04-21,1,요거트월드 두바이초코가 제일 조아🍫 카다이프 추가 100번 하고 싶어요 진짜루. 저당으로 변경은 마지막 양심🌟 🏷️ @yogurtworld_official 14주,"#요거트월드, #asmr, #mukbang, #asmrmukbang, #먹방, #요거트아이스크림, #두바이초콜릿, #두바이초코, #dubaichocolate, #아이스크림",hongji_yam_2025-04-21,2025-04-21,1685,instagram
hongji_yam_2025-04-19,1,편의점 두바이초콜릿 디저트 중 1등 드립니다🥇 사오고 하루 지났는데도 이렇게 카다이프가 바삭하다구요..? 피쵸 스프레드도 꾸덕하고 초코크림+초코시트까지 알차다!!!!🌟 🏷️ 피스타치오 딥 초코케이크 @gs25_official 14주,"#asmr, #mukbang, #asmrmukbang, #먹방, #편의점신상, #편의점간식, #케이크, #케이크먹방, #두바이초콜릿, #두바이초코, #신상간식, #dubaichocolate",hongji_yam_2025-04-19,2025-04-19,1635,instagram
hongji_yam_2025-04-17,1,소금빵 좋아하는데 여길 모른다? 인생 손해💦🤦🏻‍♀️ 제가 진좌 이거 때매 3년째!!!! 서울-강릉 왕복을 을매나 하는지~~ 물론 택배도 돼서 시켜 먹긴 하지만 매장먹은 레전드니까 강릉=카페초이🌟 🏷️ 카페초이 @cafechoi 14주,"#asmr, #mukbang, #asmrmukbang, #먹방, #소금빵, #saltbread, #빵지순례, #강릉카페, #빵맛집, #소금빵맛집, #강릉데이트, #gangneung",hongji_yam_2025-04-17,2025-04-17,2.8만,instagram
hongji_yam_2025-04-15,1,일본에서 안 먹으면 손해보는 아이스크림🍦 진짜 믿고 잡솨봐. 내가 사랑하는 초코코팅 들어간 식감천재 아이스크림에 선정🌟 🏷️ 로손편의점 @akiko_lawson 15주,"#asmr, #mukbang, #asmrmukbang, #먹방, #일본편의점, #편의점간식, #아이스크림, #초코, #lawson, #icecream, #dessert, #chocolate, #アイスクリーム",hongji_yam_2025-04-15,2025-04-15,5228,instagram
hongji_yam_2025-04-13,1,"치즈 듬뿍 까르보 불닭볶음면🧀🔥 44트만에 먹은 나라도,, 사랑해줘요,,🫶🏻 치즈 진짜 많이 넣어서 하나두 안 매웠답니다^_^ 🏷️ 까르보 불닭볶음면 @samyangfoods 15주","#asmr, #mukbang, #asmrmukbang, #먹방, #buldak, #불닭, #불닭볶음면, #koreanfood, #cheese, #치즈, #spicyfood",hongji_yam_2025-04-13,2025-04-13,7379,instagram
hongji_yam_2025-04-12,1,"해외직구 대신 직접 미국에서 사온 스노볼🩷 완전 궁금했는데 생각보다 호불호 갈리길래 해외직구 할까말까 100만번 고민하다 잊었는데,, 미국 갔더니 낱개로 팔길래 사왔어유! 🏷️ Hostess snoballs @hostess_snacks 15주","#asmr, #mukbang, #asmrmukbang, #먹방, #미국간식, #snoballs, #스노볼, #마시멜로, #초코디저트, #디저트, #dessert, #hostess",hongji_yam_2025-04-12,2025-04-12,3653,instagram
hongji_yam_2025-04-10,1,일본에 가면 패밀리마트 치킨을 드세요 🍗 왜냐면 맛집이거등요. 🏷️ 패밀리마트 @familymart.japan 15주,"#asmr, #mukbang, #asmrmukbang, #먹방, #일본편의점, #familymart, #편의점, #치킨, #chicken, #야식",hongji_yam_2025-04-10,2025-04-10,678,instagram
hongji_yam_2025-04-08,1,"삿포로 빵쇼핑 대성공. 알고보니 맛집이잖아? 그냥 너무 맛있어 보여서 배불러도 사온 진정한 빵순이의 빵사랑^0^ 때깔부터 자꾸 날 부르더니 역시 맛있어,,🥹 🏷️ 동구리 베이커리 @donguribakehouse 16주","#asmr, #mukbang, #asmrmukbang, #먹방, #일본빵집, #빵지순례, #삿포로카페, #삿포로빵집, #훗카이도, #hokkaido, #sapporo",hongji_yam_2025-04-08,2025-04-08,530,instagram
hongji_yam_2025-04-06,1,왕 큰 베이글샌드에 크림 대신 크림치즈! 🥯 쫀득한 빵피에 크치 가득이라 촵촵꾸덕꿍덕 식감 파티 난리나부러ㅠ 크기도 무게도 진짜 미쳤거등요??? 부산 가면 허대빵. 못 가면 택배라두 먹어. 🏷️ 허대빵 @heodaebbang_hdj 16주,"#asmr, #mukbang, #asmrmukbang, #먹방, #빵지순례, #허대빵, #베이글, #베이글샌드, #크림치즈, #부산빵집, #부산빵지순례, #빵택배",hongji_yam_2025-04-06,2025-04-06,1982,instagram
hongji_yam_2025-04-04,1,미국언냐들이 먹던 개쩌는 초코케이크 영접🍫 이번에 괌 여행 갔다가 호텔 안에 카페에서 누가봐도 맛있어 보이는 대왕 케이키를 발견. 16주,"#asmr, #mukbang, #asmrmukbang, #먹방, #초코케이크, #케이크, #케이크맛집, #마카롱, #두바이초콜릿, #괌여행, #chocolatecake, #cake, #macaron",hongji_yam_2025-04-04,2025-04-04,540,instagram
hongji_yam_2025-04-02,1,완전 궁금했던 여수언니표 요아정 떡버전?! 갠적으로 해동이 좀 더 된 상태가 요거트맛이 잘 느껴져서 더 맛나더라고요! 초코코팅 두께 진짜 완.벽🌟 🏷️ 여수언니 @yeosu.unnie 17주,"#asmr, #mukbang, #asmrmukbang, #먹방, #여수언니, #봄날의떡, #요거트, #찹쌀떡, #모찌, #koreandessert, #Ricecake, #koreanfood",hongji_yam_2025-04-02,2025-04-02,2956,instagram
hongji_yam_2025-03-31,1,이 집은 쫀득빵만 잘하는 게 아니거든요..?🐷 지난번에 올린 쫀득빵맛집인디 그거 말고도 사실 다 잘해서!!!! 왕 추천인디 일단 보고 가시죠. 🏷️ 허대빵 @heodaebbang_hdj 17주,"#asmr, #mukbang, #asmrmukbang, #먹방, #빵지순례, #허대빵, #떠먹크치, #떠먹케, #부산빵집, #부산빵지순례, #빵택배",hongji_yam_2025-03-31,2025-03-31,1088,instagram
hongji_yam_2025-03-29,1,"제주도에서 이 떡을 왜 안 사와. 왜!!!! 맛도 진짜 왕 많고 크림이 한가득! 떡피도 완전 몰랑쫀득해서 행복한 맛🥹 냉동떡이라 먹기 20분 전에 꺼내놓고 먹으면 되는데 살짝 얼어있을 때 찰떡아이스같은st,,,🤤 🏷️ 제라헌 @jerahun.official 17주","#asmr, #mukbang, #asmrmukbang, #먹방, #제주도카페, #제주도카페추천, #디저트맛집, #제라헌, #크림떡, #찹쌀떡, #떡먹방, #Ricecake, #koreandessert, #동문시장",hongji_yam_2025-03-29,2025-03-29,2578,instagram
hongji_yam_2025-03-27,1,마라짜파게티에 파김치 싸악..🤤 마라탕은 못 먹는데 마라짜파게티는 맛있더라……. 물론 맵습니다🥵 🏷️ 마라짜파게티 큰사발면 @nongshim 17주,"#asmr, #mukbang, #asmrmukbang, #먹방, #짜파게티, #마라짜파게티, #파김치, #야식",hongji_yam_2025-03-27,2025-03-27,802,instagram
hongji_yam_2025-03-25,1,부산 빵지순례 가면 허대빵 꼭 들림..🩷 이 집 모찌빵 빵피는 진짜. 안 먹아보면. 손해라구요. 🏷️ 허대빵 @heodaebbang_hdj 18주,"#asmr, #mukbang, #asmrmukbang, #먹방, #빵지순례, #허대빵, #모찌빵, #크림치즈모찌빵, #크림치즈, #쫀득빵, #부산빵집, #부산빵지순례, #빵택배",hongji_yam_2025-03-25,2025-03-25,1.2만,instagram
hongji_yam_2025-03-23,1,햄부기햄북햄북스딱스 프랭크버거 쫀맛🤩 이 집 햄버거만 잘하는 게 아니라 닭다리도 잘한다는 사실을 아셨나요…🍗 🏷️ 프랭크버거 @frankburger_official_ 18주,"#asmr, #mukbang, #asmrmukbang, #먹방, #햄버거, #햄버거맛집, #닭다리, #감자튀김, #야식, #hamburger, #potatochips, #chicken",hongji_yam_2025-03-23,2025-03-23,1040,instagram
hongji_yam_2025-03-21,1,"제주도 에그타르트 = 베이커블 🥧 옛날부터 완전 먹어보고 싶었던 에그타르트 맛집인디 제주도 갔다가 예쁜 언니한테 선물을 받았지 모예요,,🩷 🏷️ 베이커블 @bakeable_jeju 18주","#asmr, #mukbang, #asmrmukbang, #먹방, #에그타르트, #에그타르트맛집, #제주도카페, #제주도카페추천, #디저트맛집, #베이커블",hongji_yam_2025-03-21,2025-03-21,1191,instagram
hongji_yam_2025-03-19,1,제주도 필수코스 모찌집에서 온 통귤모찌!🍊 지난번 과일모찌 한 판에 이어 통귤모찌도 사왔지요😎 완전 쪼온딕ㅠㅠㅠㅠㅠ 🏷️ 할머니떡집 오메기떡 @granmam9513 19주,"#asmr, #mukbang, #asmrmukbang, #먹방, #과일모찌, #귤모찌, #딸기모찌, #할머니떡집, #찹쌀떡, #올레시장, #서귀포맛집, #제주도맛집, #ricecake, #mochi",hongji_yam_2025-03-19,2025-03-19,5293,instagram
hongji_yam_2025-03-17,1,올레시장에서 사온 흑돼지강정🐷😋 닭강정 찾다가 발견한 흑돼지강정!!! 때깔이 넘 좋아서 냅다 큰 사이즈로 사왔는데 양이 왕왕 많아서 배가 터져버림. 🏷️ 올레시장 흑돼지강정 19주,"#asmr, #mukbang, #asmrmukbang, #먹방, #올레시장, #서귀포맛집, #흑돼지강정, #닭강정, #jejuisland",hongji_yam_2025-03-17,2025-03-17,841,instagram
hongji_yam_2025-03-16,1,이 집 버터샌드 잘하네.. 재능있어..🤤 다들 1편 보고 왔나요🤩 샌드는 바삭쫀득고소상콤 맛있는 맛 식감 다 느낄 수 있읍니다. 제주도 필수코스로 인정하겠어요. 제주도 못 가더라도 온라인 주문 각임ㅠ 🏷️ 오늘제주 @cafe_oneul_jeju 19주,"#asmr, #mukbang, #asmrmukbang, #먹방, #오늘제주, #제주도카페, #제주도기념품, #하르방, #마들렌, #버터샌드, #우도땅콩, #제주도맛",hongji_yam_2025-03-16,2025-03-16,221,instagram
hongji_yam_2025-03-16,1,제주도에서 요 하르방 꼭 데려오세요🍊🌟 2편도 있으니까 다 보면 부지런히 2편 보러 가시오. 왕 귀여운 하르방느랑 하르방샌드🩷 맛있어서 진짜 대대대대만족🤤 🏷️ 오늘제주 @cafe_oneul_jeju 19주,"#asmr, #mukbang, #asmrmukbang, #먹방, #오늘제주, #제주도카페, #제주도기념품, #하르방, #마들렌, #버터샌드, #우도땅콩, #제주도맛집",hongji_yam_2025-03-16,2025-03-16,243,instagram
hongji_yam_2025-03-14,1,"제주도 가면 딱새우회는 꼭 먹고오기,,🌟 올레시장 갔다가 옛날에 생선회 사먹었던 가게에서 딱새우회 사왔는데 한 팩만 사온 거 땅치고 후회했읍니다^_^ 🏷️ 우정회센타 딱새우회 19주","#asmr, #mukbang, #asmrmukbang, #먹방, #딱새우회, #딱새우, #생새우, #올레시장, #서귀포맛집, #제주도맛집, #rawshrimp",hongji_yam_2025-03-14,2025-03-14,8215,instagram
hongji_yam_2025-03-13,1,제주도 가야 할 이유를 이제야 찾았습니다🤩 쩝쩝박사 박뚜기님이 너~~무 맛나게 드시길래 제주 도착하자마자 오픈 시간 거의 맞춰서 갔는데 평일에도 줄서서 먹는 찐맛집이었던 것. 단짠 제대로에 소금빵도 버터리하고 왕 크고 왕 바삭해서 아른거려요🥹 🏷️ 명란마요소금빵 @____pickup 19주,"#asmr, #mukbang, #asmrmukbang, #먹방, #소금빵, #명란마요소금빵, #제주도카페, #제주도빵집, #제주도맛집, #제주도카페추천, #제주도먹방, #소금빵맛집, #saltbread",hongji_yam_2025-03-13,2025-03-13,1537,instagram
hongji_yam_2025-03-12,1,기사식당 저리가라인 남친표 제육볶음+상추쌈🤤 항상 엄마표 제육볶음 택배로 받아서 먹다가!!!! 이번에 똑 떨어져서 남자친구가 뚝딱 만들어줬는데 진짜 기사식당 제육보다 마쉿서..🥹🥹🥹 미역국도 보글보글 끓여줬는데 넘나 맛나부러ㅠㅠㅠㅠㅠ 20주,"#asmr, #mukbang, #asmrmukbang, #먹방, #한식, #집밥, #koreanfood, #homefood, #제육볶음, #쌈밥, #bulgogi",hongji_yam_2025-03-12,2025-03-12,915,instagram
hongji_yam_2025-03-11,1,"세상에 이 딸기케이크가 7,980원..?🍰 논산 딸기라 딸기도 짱 맛있는데 크림이랑 시트가 보드라워서ㅠㅠㅠ 훌렁훌렁 넘어가부러요😋 🏷️ 이마트 떠먹는 논산딸기 케이크 @emartstore 20주","#asmr, #mukbang, #asmrmukbang, #먹방, #딸기, #strawberry, #케이크, #딸기케이크, #cake, #strawberrycake, #생크림케이크",hongji_yam_2025-03-11,2025-03-11,211,instagram
hongji_yam_2025-03-10,1,남자친구가 만들어준 새우장 등장이오🍤 새우장 영상이 널리 널리 퍼져서 많은 분들이 새우장도 또 먹어달라고 요청해주셔서 이번엔 남친메이드로~!😋 20주,"#asmr, #mukbang, #asmrmukbang, #먹방, #한식, #집밥, #새우장, #새우, #shrimp, #koreanfood, #soysauceshrimp",hongji_yam_2025-03-10,2025-03-10,2만,instagram
hongji_yam_2025-03-09,1,남자친구가 만들어준 뜨끈한♨️치즈쫄순 심지어 요고 다이어트 레시피라는 거!!! 유주얌님 레시피로 만들었대요🧡😋 🏷️ 다이어트 치즈쫄순 @yuju.yamm 20주,"#asmr, #mukbang, #asmrmukbang, #먹방, #한식, #순두부찌개, #순두부, #다이어트식단, #쫄면순두부, #집밥, #koreanfood, #dietfood",hongji_yam_2025-03-09,2025-03-09,8979,instagram
hongji_yam_2025-03-08,1,만들어 먹는 과일모찌인데 바람떡을 곁들인🍓 과일모찌 만들어 먹는다고 한지 100만년이 지나서야 드디어 해먹습니다..^^ 🏷️ 아리울떡공방 바람떡 @ariulmarket 20주,"#asmr, #mukbang, #asmrmukbang, #먹방, #과일모찌, #바람떡, #모찌, #딸기, #koreanfood, #ricecake, #mochi, #strawberry",hongji_yam_2025-03-08,2025-03-08,886,instagram
hongji_yam_2025-03-07,1,통새우 들어간 오동통 왕새우만두🍤🥟 오독오독 새우 식감도 좋고 만두 육즙도 살아있어서 아쥬 맛도리고등요~~🤤 🏷️ 통새우왕만두 20주,"#asmr, #mukbang, #asmrmukbang, #먹방, #만두, #만두맛집, #dumpling, #새우만두, #야식, #야식추천",hongji_yam_2025-03-07,2025-03-07,262,instagram
hongji_yam_2025-03-06,1,남자친구가 만들어준 맛도리 연어장🧡🤤 부드럽고 쫀득한 연어에 특제 간장이 쫙 베여서 양파랑 찰떡ㅠ 완전 밥도둑 리얼 밥도둑!!!!🚨 20주,"#asmr, #mukbang, #asmrmukbang, #먹방, #연어장, #연어, #연어덮밥, #사케동, #salmon, #쫀득쫀득, #chewy",hongji_yam_2025-03-06,2025-03-06,1227,instagram
hongji_yam_2025-03-05,1,🍜윤기 좔좔 짜장면 + 육즙 콸콸 동파육만두🥟 이 조합 사랑하게 될 것 같아..🩷 짜장면이랑 동파육만두 진짜 찰떡!!!!! 🏷️ 상하키친 짜장면 풍미각 동파육만두 @poongmigak 21주,"#asmr, #mukbang, #asmrmukbang, #먹방, #짜장면, #밀키트, #동파육, #동파육만두, #만두, #만두맛집, #koreanfood, #dumpling, #jjajangmyeon",hongji_yam_2025-03-05,2025-03-05,530,instagram
hongji_yam_2025-03-04,1,"새송이버섯 이렇게 먹으니까 미쳤잖아🤦🏻‍♀️ 여러분 무조건 기억하세요🙏🏻 새송이버섯은 에어프라이어 🌟180도 20분🌟 소금, 후추, 올리브유는 비닐에 넣고 한 방에!!!! 21주","#asmr, #mukbang, #asmrmukbang, #먹방, #집밥, #새송이버섯, #버섯, #레시피, #homefood, #fyp",hongji_yam_2025-03-04,2025-03-04,562,instagram
hongji_yam_2025-03-03,1,드디어 편의점에도 꿀젤리모나카 출시🥹 유행일 때 안 나오고 잊을만 하니까 갑자기 나오는 아메모나카 편의점.ver 맛은 어땠냐면요~~? 🏷️ GS25편의점 @gs25_official 21주,"#asmr, #mukbang, #asmrmukbang, #먹방, #편의점신상, #신상간식, #신상리뷰, #간식, #아메모나카, #꿀젤리, #꿀젤리모나카, #모나카, #쫀득쫀득",hongji_yam_2025-03-03,2025-03-03,275,instagram
hongji_yam_2025-03-02,1,"남자친구가 동파육을 만들어줬는데,,🤤 레전드 맛있어요!!!!! 때깔부터 사기야 너무 맛있어.. 벌써 3번째 만들어준 건데 3번 다 맛도리세요🙏🏻 21주","#asmr, #mukbang, #asmrmukbang, #먹방, #집밥, #동파육, #중식, #볶음밥, #homefood, #fyp",hongji_yam_2025-03-02,2025-03-02,1.7만,instagram
hongji_yam_2025-03-01,1,"제육볶음을 사랑하는 나… 제육을 먹어🤤 집밥 최애 메뉴!!!! 제육볶음,,🤍 너무 맛있자노ㅓ..? 여러분은 최애 집밥 모예요?!! 21주","#asmr, #mukbang, #asmrmukbang, #먹방, #집밥, #제육볶음, #반찬, #homefood, #koreanfood, #fyp",hongji_yam_2025-03-01,2025-03-01,588,instagram
hongji_yam_2025-02-28,1,슈프림치킨의 마무리는 치밥이닭!!!🍗 소스 많이 꼭 요청해서 남은 치킨이랑 소스로 치밥을 꼬옥. 해드십쇼🌟🌟🌟 🏷️ 슈프림치킨 순살 @cheogajip_go 21주,"#asmr, #mukbang, #asmrmukbang, #먹방, #chicken, #koreanchicken, #치킨, #치킨먹방, #치밥, #야식, #야식추천, #슈프림치킨, #처갓집, #치킨추천",hongji_yam_2025-02-28,2025-02-28,356,instagram
hongji_yam_2025-02-27,1,과즙 한바가지 나오는 새콤달달 파인애플🍍 과일 먹방 요청이 많아서 딸기 먹으려다 너무 비싸길래 파인애플 먹는 사람이 되.💦 21주,"#asmr, #mukbang, #asmrmukbang, #먹방, #pineapple, #fruit, #dessert, #과일, #과일먹방, #파인애플, #새콤달콤",hongji_yam_2025-02-27,2025-02-27,272,instagram
hongji_yam_2025-02-26,1,"🌟슈프림치킨 먹어야 하는 이유🌟 처갓집 앱으로!!!!! 슈프림 순살 3종(슈프림, 꼬꼬뱅, 블랙라벨) 중에 하나 주면하면 1마리당 후라이드 순살 반마리를 준대요>.< 28일까지라고 하니까 당장 시켜!!!! 🏷️ 슈프림치킨 순살 @cheogajip_go 22주","#asmr, #mukbang, #asmrmukbang, #먹방, #chicken, #koreanchicken, #치킨, #치킨먹방, #야식, #야식추천, #슈프림치킨, #처갓집, #치킨추천",hongji_yam_2025-02-26,2025-02-26,8471,instagram
hongji_yam_2025-02-25,1,"남자친구가 만들어준 꾸덕촉촉 크림파스타🤍 꾸우덕하게 해달라고 했더니 아주 야무진 꾸덕촉촉함이 살아있는 크림파스타에 새우까지 추가돼서 나온,,🤤 22주","#asmr, #mukbang, #asmrmukbang, #먹방, #pasta, #creampasta, #꾸덕꾸덕, #크림파스타, #파스타, #파스타맛집",hongji_yam_2025-02-25,2025-02-25,387,instagram
hongji_yam_2025-02-24,1,아주 오랜만에 죠스떡볶이 컵버전😋 GS25편의점에만 파는 죠떡!! 추억의 메뉴라 사와서 먹었는데 여전히 맛있는데 가격은 초면이었던(?) 🏷️ 죠스떡볶이 @jaws__official 22주,"#asmr, #mukbang, #asmrmukbang, #먹방, #koreanfood, #tteokbokki, #ricecake, #떡볶이, #죠스떡볶이, #순대, #분식",hongji_yam_2025-02-24,2025-02-24,266,instagram
hongji_yam_2025-02-23,1,주문하신 간장계란밥 나왔습니다~~~!🍳 요청해주신 덕분에 아주 오랜만에 간장계란밥 만들어 먹었으예🤤 김이랑 김치 필수!!!!🌟 22주,"#asmr, #mukbang, #asmrmukbang, #먹방, #집밥, #간장계란밥, #homefood, #koreanfood, #집밥먹방, #추천",hongji_yam_2025-02-23,2025-02-23,206,instagram
hongji_yam_2025-02-22,1,노티드 저당크림 도넛 진좌루 맛있자나..? 원래 저당디저트는 특유의 맛 때매 맛없어서 잘 안 먹는데 노티드에도 저당도넛이 있길래!!! 한 번 먹어보았읍니다😎 🏷️ 노티드 저당크림도넛 @cafeknotted_kr 22주,"#asmr, #mukbang, #asmrmukbang, #먹방, #도넛, #노티드, #저당디저트, #저당크림, #디저트먹방, #dessert, #donuts",hongji_yam_2025-02-22,2025-02-22,285,instagram
hongji_yam_2025-02-21,1,한국인 근본 집밥 한상차림🍚🍳 여러분은 어떤 집밥 스타일 좋아하시나유?! 22주,"#asmr, #mukbang, #asmrmukbang, #먹방, #집밥, #스팸, #계란후라이, #homefood, #koreanfood",hongji_yam_2025-02-21,2025-02-21,399,instagram
hongji_yam_2025-02-19,1,"역대급 쫜딕한 딸기모찌랑 알록달록모찌🍓🌈 빵도 쫀득하게 만드시더니 모찌맛집까지 하시려는 사장님,, 저는 일단 좋아요ㅠㅠㅠㅠ 딸기모찌 500개 더 사먹어야지..🫶🏻 🏷️ 동명양과자점 @dm_sweetshop 23주","#asmr, #mukbang, #asmrmukbang, #먹방, #mochi, #ricecake, #딸기모찌, #과일모찌, #ASMR먹방, #fyp, #찹쌀떡, #쫀득쫀득, #디저트먹방",hongji_yam_2025-02-19,2025-02-19,4550,instagram
hongji_yam_2025-02-18,1,입맛없을 때 비빔면에 삼겹살 국룰이자나. 아쥬~ 오랜만에 삼겹에 비빔면으로 우아하게 한 상 먹어보았어요🤤 여러분들도 잡솨바~~~🩷 🏷️ 팔도 비빔면 @paldofood 23주,"#asmr, #mukbang, #asmrmukbang, #먹방, #Bibimmyeon, #porkbelly, #kimchi, #김치, #비빔면, #팔도비빔면, #삼겹살, #꿀조합, #fyp",hongji_yam_2025-02-18,2025-02-18,341,instagram
hongji_yam_2025-02-17,1,🌟연세우유 생크림빵 이렇게 드십쇼🌟 꽁꽁 얼려둔 생크림빵을 예열해둔 에어프라이어 180도 3분! 아주 콰작콰작 빠삭빠삭하게 구워지고 안에 크림은 아이스크림처럼🍦 왕맛도리 레시피지롱~😋 🏷️ 연세우유 초코생크림빵 23주,"#asmr, #mukbang, #asmrmukbang, #먹방, #dessert, #fyp, #먹방추천, #빵먹방, #연세우유생크림빵, #생크림빵",hongji_yam_2025-02-17,2025-02-17,5443,instagram
hongji_yam_2025-02-16,1,"이게 바로.. 진짜 스웨디시 젤리..! 다르다!!!! 너~~~무 궁금했지만 비싸서 안 사먹다가 이제서야 찐 스웨디시 젤리를 먹게 된,,🌟 여러분들은 찐 먹어봤나요?!! 🏷️ 스웨디시 젤리 @swediescandy 23주","#asmr, #mukbang, #asmrmukbang, #먹방, #jelly, #dessert, #swediescandy, #젤리, #젤리먹방, #스웨디시젤리, #스웨덴젤리, #fyp, #먹방추천",hongji_yam_2025-02-16,2025-02-16,429,instagram
hongji_yam_2025-02-15,1,"에그마요피자 먹어본 사람?! 불닭이랑 찰떡💦 꼬소한 에그마요가 한가득 올라간 쩡맛도리 피자를 발견했는데 가격도 넘 괜찮고 불닭이랑 잘 어울려서 차애조합 등극해버릴지두,,🫶🏻 🏷️ 파앤피파스타하우스 에그범벅피자 23주","#asmr, #mukbang, #asmrmukbang, #먹방, #buldak, #pizza, #에그마요, #피자, #피자맛집, #불닭, #불닭꿀조합",hongji_yam_2025-02-15,2025-02-15,1095,instagram
hongji_yam_2025-02-14,1,"남자친구가 만들어준 왕맛도리 디저트🤤🫶🏻 왕 크고 바삭한 에그타르트랑 휘낭시에 + 솔티 카라멜까지 만들어서 초코코팅한 트윅스 휘낭시에까지 완,,벽,,🌟 23주","#asmr, #mukbang, #asmrmukbang, #먹방, #dessert, #디저트, #디저트먹방, #디저트맛집, #에그타르트, #휘낭시에, #트윅스, #초코",hongji_yam_2025-02-14,2025-02-14,282,instagram
hongji_yam_2025-02-12,1,"인스타에 맨날 뜨던 그 하트티라미수🩷 드디어 먹어봅니다,, 핫튜~ 티라미수!!! 오리지널맛 나올 때부터 너무 많이 봐서 이제 진짜 먹어볼까..? 싶어서ㅎㅋㅋㅋ 먹어봤는데 딸기우유맛 그 자체!!! 다들 맛있다던 이유가 있구만요~~🤤 🏷️ 하트티라미수 @hart_tiramisu 24주","#asmr, #mukbang, #asmrmukbang, #먹방, #티라미수, #하트티라미수, #딸기티라미수, #tiramisu, #dessert",hongji_yam_2025-02-12,2025-02-12,243,instagram
hongji_yam_2025-02-11,1,레전드 빠삭한 치킨 대령이오🍗😋 왜 그런 날 있잖아요~~~? 완전 빠삭한 식감있는 거 땡기는데 마침 치킨이면 좋겠는 고ㅎㅎ 그래서 오랜만에 먹어보았읍니다😎 🏷️ 60계치킨 크크크&크랑이 윙&봉 @60chicken 24주,"#asmr, #mukbang, #asmrmukbang, #먹방#chicken, #치킨, #치킨맛집, #야식추천, #60계치킨, #크크크치킨",hongji_yam_2025-02-11,2025-02-11,443,instagram
hongji_yam_2025-02-10,1,아니 동파육만두 저만 이제 먹어봤어요..?🥟 흑백요리사 중식여신으로 나온 박은영셰프님의 동파육만두!!! 너무 궁금했는데 지이잉짜 대만족해서 후다닥 올려봅니다🤤🩷 🏷️ 풍미각 동파육만두 @eunyeongo__o @poongmigak 24주,"#asmr, #mukbang, #asmrmukbang, #먹방, #dumpling, #dongpopork, #buldak, #불닭, #불닭꿀조합, #동파육, #동파육만두, #만두, #만두맛집, #흑백요리사",hongji_yam_2025-02-10,2025-02-10,280,instagram
hongji_yam_2025-02-09,1,간장새우장 ㄹㅈㄷ 밥도둑 밥강도 미치셨어요🦐 아니 장 보러 갔다가 발견한 간장새우장 가격 대비 너무 괜찮아 보여서 사왔는데 앞으로 우리집 단골 반찬으로 임명함. 🏷️ 이마트 트레이더스 간장새우장 @emartstore 24주,"#asmr, #mukbang, #asmrmukbang, #먹방, #SoySauceShrimp, #醤油エビ, #おにぎり, #homefood, #간장새우장, #새우장, #새우, #생새우, #집밥",hongji_yam_2025-02-09,2025-02-09,2.1만,instagram
hongji_yam_2025-02-08,1,GS25에서 편의점 최초 딸기모찌를?!🍓 딸기모찌를 이제 집 앞 편의점에서도 손 쉽게 구할 수 있다는 대박사건!!! 행복한 모찌좌..(?)🍓🤭 🏷️ 홍만당 원조 딸기모찌 @hongmandang_kr @gs25_official 24주,"#asmr, #mukbang, #asmrmukbang, #StrawberryMochi, #먹방, #디저트, #간식, #편의점신상, #신상리뷰, #gs25편의점, #딸기모찌, #찹쌀떡, #모찌, #イチゴ",hongji_yam_2025-02-08,2025-02-08,119,instagram
hongji_yam_2025-02-08,1,이웃집통통이 X 이사장님 수건케이크 4종🍫 꺅 드디어 설 연휴를 지내고 통통이 콜라보 이사장님표 수건케키를..🫶🏻 녹차 아니고 카다이프+피쵸스프레드+ 초코코팅 들어간 두바이초코💚 브라우니+초콜릿스틱+누텔라크림 가득 들어간 초코누텔라🤎 ㄹㅇ고구마 원물+고구마 크림+ 고구마무스 들어간 고구마🍠 흑임자 고물 잔쯕 올려줌+ 흑임자 크림+쫀득 모찌떡이 들어간 고소한 쫀득흑임자🖤 🏷️ 수건케이크 @tongtonge_ x @sweetshop_s2 수정됨 · 24주,"#asmr, #mukbang, #asmrmukbang, #먹방, #디저트, #간식, #편의점신상, #신상리뷰, #수건케이크, #신상간식, #이웃집통통이, #毛巾卷, #dessert",hongji_yam_2025-02-08,2025-02-08,274,instagram
hongji_yam_2025-02-06,1,GS25 신상 젼언니표 스윗믹스젤리! 🍬 젼언니 콜라보 전에 처음 나왔던 스윗믹스 젤리는 제 입맛에 넘 안 맞아서 별로였던 부분을 젼언니가 완전 바꿔놨어요!!!! 넘 취향저격 젤리자냐~~🩷 🏷️ 젼언니스윗믹스젤리 @jeon_unni_ @gs25_official 24주,"#asmr, #mukbang, #asmrmukbang, #jelly, #SwedishJelly, #먹방, #디저트, #간식, #젤리, #젤리덕후, #스웨디시젤리, #편의점신상, #신상리뷰",hongji_yam_2025-02-06,2025-02-06,122,instagram
hongji_yam_2025-02-04,1,"🩷불닭볶음면 + 타코야끼 최애조합🩷 불닭 조합 중에 타코야끼 조합 제일 좋아하는데!!! 마침 신청해주셔서 먹는 김에 찍어서 바로 올려봅니다,,🐷 🏷️ 4가지치즈불닭 @samyangfoods 타코야끼 + 슈프림치킨타코야끼 25주","#asmr, #mukbang, #asmrmukbang, #buldak, #먹방, #야식, #불닭, #불닭볶음면, #타코야끼, #슈프림, #激辛鶏肉の炒め麺, #たこ焼き, #夜食",hongji_yam_2025-02-04,2025-02-04,879,instagram
hongji_yam_2025-02-03,1,"입천장 까질만큼 바삭한 KFC 치킨,,🤎🍗 왕 큰 통다리살에 역대급 빠삭한 튀김옷이 진짜 대존맛탱!!!!! 꼭 잡솨봐,, 블랙라벨,,🖤 🏷️ KFC @kfc_korea 25주","#asmr, #mukbang, #asmrmukbang, #chicken, #kfc, #チキン, #먹방, #치킨, #야식추천, #야식, #치킨맛집",hongji_yam_2025-02-03,2025-02-03,138,instagram
hongji_yam_2025-02-02,1,새벽 1시에 갑자기 짜장범벅을 먹어🍜 일하다가 끝은 안 날 것 같고 배는 너무 고파서 갑자기 집에 있던 걸로 배를 채우고 밤을 샜어요..^*^ 🏷️ 짜장범벅 @nongshim 25주,"#asmr, #mukbang, #asmrmukbang, #ジャージャー麺, #夜食, #latenightmeal, #jajangmyeon, #짜장범벅, #먹방, #야식, #한라봉",hongji_yam_2025-02-02,2025-02-02,87,instagram
hongji_yam_2025-02-01,1,던킨도너츠 초코 신상🍩🍫 저당 디저트 맛없어서 안 좋아하는데 2월 신상 제법 맛있는데유..? 그치만 헤이즐넛로쉐는 로쉐만 맛있ㅇㅓ…… 🏷️ 던킨도너츠 @dunkin_kr 25주,"#asmr, #mukbang, #asmrmukbang, #dunkindonuts, #doughnut, #chocolate, #먹방, #던킨, #도넛, #도넛맛집, #초코도넛, #저당디저트, #저당, #ドーナツ, #デザート",hongji_yam_2025-02-01,2025-02-01,137,instagram
hongji_yam_2025-01-31,21,대왕 유부초밥 + 참깨라면 🍙🍜 이마트 유부초밥 꼭 먹어봐유.. 너무 맛있어!!!!! 국물있는 라면 곁들이기 필수🌟 🏷️ 이마트 @emart24_official 참깨라면 @ottogi_daily 25주,"#asmr, #mukbang, #asmrmukbang, #ramen, #instantnoodles, #sushi, #참깨라면, #유부초밥, #대왕유부초밥, #초밥, #寿司, #ラーメン, #いなり寿司",hongji_yam_2025-01-31,2025-01-31,171,instagram
hongji_yam_2025-01-30,13,겨울엔 역쉬.. 냉면이야❄️ 새콤하고 시원한 냉면이 여름보다 겨울에 더 땡기는 이유는 대체 뭘까요..? 이 집 돈까스도 너무 마쉿어..🤭 25주,"#asmr, #mukbang, #asmrmukbang, #naengmyeon, #coldnoodles, #porkcutlet, #냉면, #돈까스, #야식추천",hongji_yam_2025-01-30,2025-01-30,185,instagram
hongji_yam_2025-01-29,19,앞으로 모나카 아이스크림은 이렇게 먹는 겁니다. 허쉬 신상 아이스크림 보자마자 무조건 먹어야지 싶었는데 마침 옆에 모나카가 있어서 슬쩍 같이 집어왔다가 더 야무지게 먹고 왔어요..😎🫶🏻 🏷️ 허쉬 @hershey_kr @seozu_ice 26주,"#asmr, #mukbang, #asmrmukbang, #icecream, #dessert, #hershey’s, #허쉬, #아이스크림, #초코아이스크림, #막대아이스크림, #아이스크림맛집, #서주",hongji_yam_2025-01-29,2025-01-29,95,instagram
hongji_yam_2025-01-29,1,신상 젤리 빠르게 냠냠😋 여러분의 픽은?! 신상 젤리 먹어달라는 요청에~!~! 얼른 사와서 먹어봤는데 여러분도 먹어본 젤리인가유?! 최애를 알려주세요🩷 🏷️ 하리보 @haribo.korea 캔디키튼스 @candykittens_korea 26주,"#asmr, #mukbang, #asmrmukbang, #jelly, #젤리, #젤리먹방, #신상젤리, #젤리덕후, #간식, #신상리뷰, #하리보, #캔디키튼스, #비건젤리, #ゼリー",hongji_yam_2025-01-29,2025-01-29,118,instagram
hongji_yam_2025-01-26,1,던킨 신상 2종 + 두바이초코도넛 🍩 열어분 제가 아주 빠르게 던킨 신상 먹어보았읍니다. 단점은 직영점에만 판대요🥲 두바이초코도넛은 꼬옥 잡수십쇼🫶🏻 🏷️ 던킨도너츠 @dunkin_kr 26주,"#asmr, #mukbang, #asmrmukbang, #dunkindonuts, #donuts, #먹방, #던킨도너츠, #도넛맛집, #신상리뷰, #던킨, #두바이초콜릿, #두바이초코도넛, #마시멜로케이크, #꿀고구마브륄레, #ドーナツ",hongji_yam_2025-01-26,2025-01-26,184,instagram
hongji_yam_2025-01-25,1,"엽떡만 먹지 말고 엽닭도 제발 드십쇼!!!!🌟 엽떡보다도 더 자주 생각나는 엽떡 히든(?)까진 아니지만 아는 사람들만 계~속 먹는 찐맛도리메뉸데 꼭 잡솨봐,,🫶🏻 🏷️ 엽기떡볶이 닭볶음탕 @yupdduk_official 26주","#asmr, #mukbang, #asmrmukbang, #eatingshow, #엽떡, #엽기떡볶이, #엽기닭볶음탕, #닭볶음탕, #중국당면, #야식추천, #yupdduk, #ddukbokki, #떡볶이, #먹방",hongji_yam_2025-01-25,2025-01-25,240,instagram
hongji_yam_2025-01-24,1,도대체 이 집 빵은 떡이야 모야..?🥹 돌아왔읍니다. 저의 최애 빵집. 이번엔 두바이초코 베이글 샌드! 부재료 한가득에 쫀득한 빵피..🫶🏻 사장님 납치하고 싶어요ㅠ 🏷️ 동명양과자점 @dm_sweetshop 26주,"#asmr, #mukbang, #asmrmukbang, #eatingshow, #dessert, #dubaichocolate, #베이글샌드, #베이글, #크림치즈, #두바이초코, #두바이초콜릿, #연남동카페추천, #먹방, #延南洞カフェ",hongji_yam_2025-01-24,2025-01-24,3152,instagram
hongji_yam_2025-01-23,16,홈플러스 가는 이유 = 몽블랑제 🍓 홈플러스 가면 몽블랑제 코너 꼭 들리는데 신메뉴 나왔길래 바로 먹어봤지요~~🤭 🏷️ 홈플러스 몽블랑제 @homeplus_life 26주,"#asmr, #mukbang, #asmrmukbang, #eatingshow, #dessert, #strawberry, #홈플러스, #몽블랑제, #식빵맛집, #크로와상맛집, #딸기크로와상",hongji_yam_2025-01-23,2025-01-23,109,instagram
hongji_yam_2025-01-23,5,이웃집통통이 신상 딸기 수건케이크🍓 드디어 먹어보았읍니다! 수건케이크를! 편의점 수건케이보다 당.연.히 비싸지만 퀄리티가 차원이 다른 맛도리기 때문에 꼬옥 츄라이~~💗 단점은 늦게 가면 없어서 못 삼💦 🏷️ 이웃집통통이 @tongtonge_ 27주,"#asmr, #mukbang, #asmrmukbang, #eatingshow, #dessert, #수건케이크, #크레이프롤, #크레이프케이크, #케이크, #딸기케이크, #마오쥔젤, #毛巾卷, #クレープケーキ",hongji_yam_2025-01-23,2025-01-23,92,instagram
hongji_yam_2025-01-21,1,"팔로워 요청 먹방! 토마토 치즈 파스타🧀🍝 2트만에 빠르게 가져왔지요~~ 맘에 드는 영상이 되길 바라며,,🫶🏻 보고 싶은 메뉴는 댓글로 알려주세요! 27주","#asmr, #mukbang, #asmrmukbang, #eatingshow, #pasta, #cheese, #tomatopasta, #토마토파스타, #파스타, #스파게티, #오븐치즈스파게티, #ズパゲッティ",hongji_yam_2025-01-21,2025-01-21,119,instagram
hongji_yam_2025-01-21,3,과일모찌 맛집 추천 1등 한정선 드디어..!🌟 추천 댓글도 많지만 그 댓글에 또 좋아요도 젤 많아서 한정선부터 다녀왔어요😎 다들 어떤 모찌가 제일 맛있어 보아나요?! 🏷️ 한정선 @han.jung.sun 27주,"#asmr, #mukbang, #asmrmukbang, #eatingshow, #dessert, #ricecake, #mochi, #과일모찌, #찹쌀떡, #한정선, #디저트, #フルーツ餅",hongji_yam_2025-01-21,2025-01-21,305,instagram
hongji_yam_2025-01-19,4,고추참치치즈밥이라고 들어 보았나요..?🧀 치즈 좋아하면 싫어할 수가 없는 초간단! 한 끼 뚝딱 레시피인데 밥 + 고추참치 + 참기름 + 치즈 무적이니까 당장 잡솨봐. 27주,"#asmr, #mukbang, #asmrmukbang, #eatingshow, #rice, #cheese, #koreanfood, #한식, #집밥, #고추참치치즈밥, #치즈밥, #분식",hongji_yam_2025-01-19,2025-01-19,98,instagram
hongji_yam_2025-01-18,1,짱 귀여운 헬로키티 케이크🩷 저처럼 키티덕후인 분 있나요~? 깜찍한 챠밍키티 케이크인데 크림도 안 느끼하고 시트도 촉촉해서 술렁술렁 넘어가더라구요>< 🏷️ 타이파 @typababy.kr 27주,"#asmr, #mukbang, #asmrmukbang, #eatingshow, #cake, #hellokitty, #헬로키티, #키티덕후, #케이크, #키티카페, #생크림케이크, #케이크먹방, #디저트",hongji_yam_2025-01-18,2025-01-18,132,instagram
hongji_yam_2025-01-17,1,"🧀4가지맛치즈불닭+멕시카나닭강정🍗 이 조합 아는 사람 진짜 잘 없을 텐데,, 왕왕 맛있어요ㅠㅠㅠ 꼬옥 이 조합 먹어보기🌟 🏷️ 4가지맛치즈불닭볶음면 @samyangfoods 매콤달콤 닭강정 @mexicana_official 수정됨 · 27주","#asmr, #mukbang, #asmrmukbang, #eatingshow, #먹방, #멕시카나, #닭강정, #닭강정맛집, #불닭, #buldak, #치킨, #치킨맛집",hongji_yam_2025-01-17,2025-01-17,135,instagram
hongji_yam_2025-01-15,1,이게 마시멜로라면 믿으시겠습니까..?🤔 이렇게나 크고 알록달록한 마시멜로는 다들 초면이지요?! 수제 마시멜로라 역대급 퐁신함 + 쫀딕쫀딕 식감이 최고예요ㅠㅠㅠ🫶🏻 마시멜로 좋아하면 대ㅐㅐㅐ만족할 식감🩷 🏷️ 퐁신당 @pongsindang_official 28주,"#협찬, #asmr, #mukbang, #asmrmukbang, #eatingshow, #mashmellow, #dessert, #먹방, #디저트, #간식, #마시멜로, #수제마시멜로, #퐁신당",hongji_yam_2025-01-15,2025-01-15,130,instagram
hongji_yam_2025-01-14,1,쫀득파삭! 찹쌀꽈배기 쿨타임 찼다••🤦🏻‍♀️ 한 번씩 이게 그릏게 먹고 싶을 때가 있는데 저만 그런가요..? 자꾸 먹고 싶은 이 식감ㅠㅠㅠ🩷 28주,"#asmr, #mukbang, #asmrmukbang, #eatingshow, #dessert, #찹쌀과배기, #꽈배기, #디저트, #먹방, #빵먹방",hongji_yam_2025-01-14,2025-01-14,107,instagram
hongji_yam_2025-01-13,2,일본 과자에 맛없는 것도 있답니다..?😵‍💫 아니 진짜 기대하고 무거워도 영차영차 다 담아서 사왔는데 이런 배신이(?)ㅠㅠㅠㅋ큐ㅠ 그래도 맛있는 게 있긴 해요..🤔 🏷️ 오키나와 이온몰 28주,"#asmr, #mukbang, #asmrmukbang, #eatingshow, #dessert, #okinawa, #snacks, #오키나와, #일본여행, #일본간식, #일본과자, #오키나와기념품, #일본기념품",hongji_yam_2025-01-13,2025-01-13,90,instagram
hongji_yam_2025-01-12,3,던킨 신상 너무 맛있좌나..?🍓🍊🥝 후르츠산도 짱 좋아하는데 두바이초코도넛 사러 갔다가 얻어걸린 신메뉴..🫶🏻 대대대대성공!!! 🏷️ 던킨도너츠 @dunkin_kr 28주,"#asmr, #mukbang, #asmrmukbang, #eatingshow, #dessert, #dunkin, #doughnuts, #디저트, #던킨도너츠, #던킨신메뉴, #신상, #신상리뷰, #도넛맛집, #후르츠산도, #도넛",hongji_yam_2025-01-12,2025-01-12,81,instagram
hongji_yam_2025-01-11,3,"가나초콜릿 일본에서 온 게 존맛,,🍫 여러분들이 추천해준 아할점 가나바는 못 찾았지만🥹 롯데마트에 들어온 일본판 가나초코아이스크림 존맛탱인 걸 발견.. 🔎 🏷️ @lottewellfood 가나 초코앤쿠키샌드 가나 리치초콜릿 28주","#asmr, #mukbang, #asmrmukbang, #eatingshow, #dessert, #chocolate, #icecream, #디저트, #가나초콜릿, #롯데마트, #초콜릿, #초코아이스크림, #아이스크림",hongji_yam_2025-01-11,2025-01-11,82,instagram
hongji_yam_2025-01-10,3,맥도날드 당장 가시오. 초코츄러스 미친놈🍫🐷 돼지가 되어도 좋으니.. 이 초코츄러스는 진짜 다들 잡솨바ㅠㅠㅠ🩷 🏷️ 맥도날드 @mcdonalds_kr 28주,"#asmr, #mukbang, #asmrmukbang, #eatingshow, #koreanfood, #dessert, #churros, #chocolate, #초코츄러스, #맥도날드, #맥도날드신상, #츄러스, #디저트",hongji_yam_2025-01-10,2025-01-10,93,instagram
hongji_yam_2025-01-09,31,오징어게임2 본 사람~? 바삭바삭 김스낵🍘 오징어게임2 콜라보 메뉴들 중에 젤루 소리 좋을 것 같은 버터오징어맛 김스낵으루😋 🏷️ 비비고 @bibigo.kr 28주,"#asmr, #mukbang, #asmrmukbang, #eatingshow, #koreanfood, #dessert, #squidgame, #오징어게임, #김부각, #김스낵, #버터오징어, #안주, #과자",hongji_yam_2025-01-09,2025-01-09,69,instagram
hongji_yam_2025-01-08,16,분명 빵인데 떡인가 싶은 이 식감..🥹 제가 진자루 빵에 진심인데 여기만큼 빵피가 맛있는 곳은 아직 못 봤어유🤔 빵순이라면 꼬옥 츄라이~~💕 🏷️ 동명양과자점 @dm_sweetshop 29주,"#asmr, #mukbang, #asmrmukbang, #eatingshow, #koreanfood, #dessert, #bagel, #쫀득빵, #베이글, #베이글샌드, #딸기산도, #연남동빵집, #동명양과자점, #빵지순례",hongji_yam_2025-01-08,2025-01-08,166,instagram
hongji_yam_2025-01-07,3,약케팅 필수라는 장인약과+아이스크림🍨 파지약과로 유명한 장인약과 드디어 먹어봤어요!! 파지약과는 아니구 세모약과로..! 콰작콰작 식감에 빠져벌여~~🫶🏻 🏷️ 장인약과 @janginthe 투게더 @binggraekorea 29주,"#asmr, #mukbang, #asmrmukbang, #eatingshow, #koreanfood, #yakgwa, #dessert, #장인약과, #약과, #디저트, #아이스크림, #투게더, #바닐라아이스크림",hongji_yam_2025-01-07,2025-01-07,189,instagram
hongji_yam_2025-01-06,21,최애 집밥은 제육볶음😋 여러분은 어떤 집밥이 젤 좋아요?! 증말 오랜만에 먹는 제육볶음이라 눈물 젖은 한 끼였다••⭐️ 남자친구표 보쌈김치가 증말 레전드ㅠ 29주,"#asmr, #mukbang, #asmrmukbang, #eatingshow, #koreanfood, #제육볶음, #집밥, #한식, #보쌈김치, #김치",hongji_yam_2025-01-06,2025-01-06,231,instagram
hongji_yam_2025-01-05,3,맛있는 과일모찌집 찾기 2탄🍓🍊🥝🍇 여기는 딸기도 2개나 들어가고 무엇보다 얇은 떡피에 팥 양도 적당! 팥도 잘 어울려서 완존 강추✔️ 맛 순위는 마지막 참고!✨ 🏷️ 대학로 수제모찌 @soojemojji 29주,"#asmr, #mukbang, #asmrmukbang, #eatingshow, #koreanfood, #dessert, #mochi, #과일모찌, #찹쌀떡, #딸기모찌, #디저트, #대학로맛집",hongji_yam_2025-01-05,2025-01-05,2786,instagram
hongji_yam_2025-01-04,39,🍟 한정판매라는 빅컬리후라이+행운버거🍔 빅컬리후라이 진짜 왕 큼! 짭쪼롬하니 넘 맛있는디 행운버거는 대체 왜..?🤔 🏷️ @mcdonalds_kr 29주,"#asmr, #mukbang, #asmrmukbang, #eatingshow, #mcdonalds, #hambuger, #frenchfries, #맥도날드, #햄버거, #행운버거, #컬리후라이, #빅컬리후라이, #감자튀김",hongji_yam_2025-01-04,2025-01-04,740,instagram
hongji_yam_2025-01-03,30,CU편의점 꿀떡시리얼🍡 여러분 이거 진짜 개맛도리. 제발 잡솨봐. 이건 안 먹으면 손해. 🏷️ 시리얼스타일꿀떡볼 @cu_official 29주,"#asmr, #mukbang, #asmrmukbang, #eatingshow, #conveniencestore, #ricecake, #honeyricecakecereal, #편의점, #편의점신상, #꿀떡시리얼, #꿀떡",hongji_yam_2025-01-03,2025-01-03,294,instagram
hongji_yam_2025-01-02,1,💚샤인머스캣 ASMR💚 콰쟉! 콰쟉! 과즙이 팡팡💥 겨울에도 맛있는 샤머를 맛나게 먹어주었어요😋 29주,"#asmr, #mukbang, #asmrmukbang, #eatingshow, #shinemuscat, #fruits, #샤인머스캣, #먹방, #과일, #디저트",hongji_yam_2025-01-02,2025-01-02,141,instagram
hongji_yam_2025-01-01,1,Happy new year🧧 떡만둣국🍡🥟 여러분 새해 복 많이 받고 원하는 목표 다 이루는 한 해 되길 바라요🫶🏻 올해도 잘 챙겨 묵자!!!!!😋 30주,"#asmr, #mukbang, #asmrmukbang, #newyear, #happynewyear, #tteokguk, #ricecakesoup, #새해, #떡국, #떡만둣국, #먹방, #2025",hongji_yam_2025-01-01,2025-01-01,139,instagram
hongji_yam_2024-12-31,4,🌽🧀콘치즈불닭쌈❤️‍🔥 라이스페이퍼는 혁명입니다.. 모든지 싸먹으십쇼🥹 ✔️4가지치즈불닭+콘치즈+라이스페이퍼 싸고 겉면에 올리브유 -> 에프 180도 10분 ( 5분씩 구워지는 정도 보면서!) 🏷️ 4가지치즈불닭볶음면 @samyangfoods 30주,"#asmr, #mukbang, #asmrmukbang, #eatingshow, #buldak, #ricepapaer, #koreanfood, #spicyfood, #불닭, #불닭레시피, #콘치즈, #라이스페이퍼, #레시피, #야식, #야식추천",hongji_yam_2024-12-31,2024-12-31,177,instagram
hongji_yam_2024-12-30,15,맛있는 과일모찌집은 대체 어디일까요🤔 맛있는 과일모찌 넘 넘 먹고 싶어서 지나가다가 때깔이 좋길래 서울까지 데려온 부산에서 온 과일모찌..! 맛은 고냥 딱 쏘쏘 ~ 🍓🍊🍇 🏷️ 부산 깡통시장 과일모찌 30주,"#asmr, #mukbang, #asmrmukbang, #eatingshow, #mochi, #koreanfood, #남포동, #깡통시장, #과일모찌, #찹쌀떡, #모찌, #딸기, #샤인머스캣, #귤",hongji_yam_2024-12-30,2024-12-30,501,instagram
hongji_yam_2024-12-29,1,🍗 자메이카통다리구이 + 황올🍗 첫 입 먹자마자 고자극 짭쪼름+매콤함에 밥 생각이 절실했던..🥹 다음엔 밥도 해올게요..?🍚🍚🍚 🏷️ 자메이카통다리구이 @bbq_offi 30주,"#asmr, #mukbang, #asmrmukbang, #eatingshow, #chicken, #야식, #야식추천, #치킨, #먹방, #자메이카통다리구이, #황금올리브, #치킨맛집",hongji_yam_2024-12-29,2024-12-29,677,instagram
hongji_yam_2024-12-28,13,❤️‍🔥 마라짜파게티 신상+타코야끼 🍘 마라맛이 새로 나왔길래 바~로 주문해서 먹어봤지요😎 진짜 쫀맛탱인디 맵찔이들 사이드에 우유는 필수입니뎅..💥 🏷️ 마라짜파게티 @nongshim 30주,"#asmr, #mukbang, #asmrmukbang, #eatingshow, #jjajangmyeon, #농심, #짜파게티, #마라, #마라탕, #마라짜파게티, #야식, #야식추천, #라면",hongji_yam_2024-12-28,2024-12-28,506,instagram
hongji_yam_2024-12-27,1,남자친구가 만들어준 항정수육+보쌈김치🥩🥬 살다살다 항정수육을 만들어줄 줄이야..🥹 파는 것보다 맛있어서 진실의 미간 500만번!!!! 보쌈김치까지 야무지게 만들어줘서 안 물리고 6분만에 순..삭..🩷 30주,"#asmr, #mukbang, #asmrmukbang, #eatingshow, #koreanfood, #수육, #먹방, #항정수육, #보쌈김치, #한식먹방, #한식",hongji_yam_2024-12-27,2024-12-27,620,instagram
hongji_yam_2024-12-26,1,🍗왕 큰 치킨 + 떡볶이🥘 이 집 치킨 와이리 큰교••• 옛날통닭같은 튀김옷이라 안 그래 보여도 왕 빠사삭!!💥 🏷️ 메가치킨 @chickenplus__official 30주,"#asmr, #mukbang, #asmrmukbang, #eatingshow, #chicken, #tteokbokki, #치킨, #치킨추천, #치킨먹방, #치킨플러스, #떡볶이, #국물떡볶이, #야식, #야식추천, #먹방",hongji_yam_2024-12-26,2024-12-26,222,instagram
hongji_yam_2024-12-25,3,🎄크리스마스니까 딸기초코케이크🍓🍫 이마트 초코케이크에 딸기 올려서 저렴이 스초생 만들어 먹었어요!😎 늘 보러 와주시는 감사한 모든 분들 메리 크리스마스~~~!🎅🏻 🏷️ 초코케이크 @emartstore 31주,"#asmr, #mukbang, #asmrmukbang, #eatingshow, #cake, #koreandessert, #스초생, #초코케이크, #딸기케잌, #딸기디저트, #크리스마스, #연말파티, #크리스마스파티, #디저트",hongji_yam_2024-12-25,2024-12-25,150,instagram
hongji_yam_2024-12-24,1,"과일모찌 ASMR 🍓🍊🍍🥝🍇 여수에서 먹은 딸기모찌가 쏘아올린 공•• 찾고 찾아 드디어 과일모찌를🥹 원픽은 못 뽑고 투픽(?) 파인애플, 키위!!! 여러분은 무슨 과일이 제일 좋아요?! 🏷️ 떼구루 @ddegooroo_official 31주","#asmr, #mukbang, #asmrmukbang, #eatingshow, #mochi, #koreandessert, #과일모찌, #모찌, #찹쌀떡, #디저트, #먹방, #디저트먹방",hongji_yam_2024-12-24,2024-12-24,336,instagram
hongji_yam_2024-12-23,1,드디어 먹어봤습니다! 바삭한 아이스크림 찾기 2탄🍦 뭐가 제일 맛있게요~? 여러분들의 최애는?!🤔 🏷️ 허쉬초코바 @hershey_kr 끌레도르 오레오 @bingicecream.official 스키피 초코&피넛버터바 @skippybrandkr 수정됨 · 31주,"#asmr, #mukbang, #asmrmukbang, #eatingshow, #icecream, #먹방, #디저트, #아이스크림, #초콜릿, #초코아이스크림, #허쉬, #끌레도르, #스키피",hongji_yam_2024-12-23,2024-12-23,173,instagram
hongji_yam_2024-12-22,1,🍓요거트월드 딸기초코팅🍫 올 여름부터 요월만 먹던 덕후의 요월 먹방🌟 이번 겨울 신메뉴 딸기라인업 장난 없구 딸기+초코조합은 믿먹이니 꼭! 잡솨봐요~월!🫶🏻 🏷️ 요거트월드 딸기초코팅 @yogurtworld_official 31주,"#제품제공, #asmr, #mukbang, #asmrmukbang, #eatingshow, #yogurt, #yogurticecream, #icecream, #요거트월드, #요거트아이스크림, #먹방, #디저트, #아이스크림, #딸기초코팅월드, #연말파티, #생딸기, #딸기요거트아이스크림",hongji_yam_2024-12-22,2024-12-22,114,instagram
hongji_yam_2024-12-21,2,🍩올드페리도넛 제로크림 출시🍩 제 원픽은 제로 생크림🥇 저당이라고 느껴지지 않는 깔끔한 맛이라 젤 맛있게 먹었고 크림양도 완전 넉넉해서 좋았어요! 제로크림이라 크림엔 설탕이 안 들어갔지만 빵피엔 발효를 위해 소량의 설탕이 들어갔다고 하니 참고하세요! 그만큼 빵피는 오늘 갓 나온 도넛빵피처럼 맛나유🥹 🏷️ 저당크림도넛 @oldferrydonut 31주,"#협찬, #asmr, #mukbang, #asmrmukbang, #eatingshow, #donuts, #dessert, #oldferrydonut, #oldferry, #올드페리도넛, #도넛, #도넛맛집, #저당간식, #저당디저트, #디저트, #서울3대도넛",hongji_yam_2024-12-21,2024-12-21,153,instagram
hongji_yam_2024-12-21,1,❤️‍🔥 로제불닭납작당면 + KFC 오리지날 🍗 불금엔 불닭으로 일주일 스트레스 싸악 날려줘야 한다구요~~🫶🏻 납작당면 이렇게 맛있는 거였음 진작 먹을 걸!!!!! 🏷️ 오리지널 치킨 @kfc_korea 로제불닭납작당면 @samyangfoods 수정됨 · 31주,"#asmr, #mukbang, #asmrmukbang, #eatingshow, #buldak, #chicken, #kfcchicken, #먹방, #야식, #야식추천, #불닭, #불닭볶음면, #불닭납작당면, #치킨",hongji_yam_2024-12-21,2024-12-21,368,instagram
hongji_yam_2024-12-19,1,"🌟뿌링클 쿨타임 찼다! 사이드만 먹어보는🌟 지금 쿨타임 찬 메뉴들 넘 많은데 뿌링클 사이드가 너무너무너무!! 땡겨서 먼저 먹었어요💛 다음엔 뿌링소스도 꼭 시켜볼게요..?😅 🏷️ 뿌링치즈볼, 치로스 @bhc_chicken_official 31주","#asmr, #mukbang, #asmrmukbang, #eatingshow, #cheeseball, #chese, #chicken, #먹방, #뿌링클, #치로스, #치즈볼, #뿌링치즈볼, #치킨, #야식추천",hongji_yam_2024-12-19,2024-12-19,321,instagram
hongji_yam_2024-12-18,3,이디야 신상 생딸기 수건케이크!!!🍓 요즘 핫한 수건케이크가 이디야에도 팔길래 냅~다 사와서 먹어봤는데 요고 꽤괜~?🫶🏻 부족할까봐 딸기요거트도 같이 냠😋 🏷️ 생딸기 수건케이크 @ediya.coffee 마이픽 딸기요거트 @seoulmilk_official 32주,"#asmr, #mukbang, #asmrmukbang, #eatingshow, #strawberry, #yogurt, #dessert, #cake, #수건케이크, #케이크, #딸기케이크, #요거트, #딸기요거트, #디저트",hongji_yam_2024-12-18,2024-12-18,124,instagram
hongji_yam_2024-12-17,1,💚 던킨 두바이초콜릿 도넛 🍫 두바이초코 디저트 중 제 최애랍니다..?!!! 던킨이 진짜 젤 뒷북으로(?) 두바이초코 신상을 냈었는데 제일 히트쳤다고 생각하는!!!🥹 꼭 꼭 잡솨봐유🫶🏻 🏷️ 두바이 스타일 초콜릿 도넛 @dunkin_kr 32주,"#asmr, #mukbang, #asmrmukbang, #chocolate, #doughnuts, #dubaichocolate, #dunkindonuts, #eatingshow, #먹방, #던킨도너츠, #두바이초코릿, #디저트, #도넛, #도넛맛집",hongji_yam_2024-12-17,2024-12-17,255,instagram
hongji_yam_2024-12-16,1,🍫 고오급 초코 고디바 베이커리 🍫 고디바에도 빵을 판다는 사실..!! 몇 달 전 처음 출시되고 최근에 신메뉴도 나왔길래 궁금해서 데려와봤으나🤔 고디바 베이커리 @godivakorea 32주,"#asmr, #mukbang, #asmrmukbang, #chocolate, #dessert, #bread, #chocola, #godiva, #고디바, #고디바초콜릿, #고디바소라빵, #초코소라빵, #빵먹방, #퀸아망",hongji_yam_2024-12-16,2024-12-16,133,instagram
hongji_yam_2024-12-15,1,"🇯🇵 일본 초코 아이스크림 존맛돌희 🍫 여러분 저,, 일본 가면 하루에 아이스크림 3-5개씩 먹는 사람인데 초코순이라면 요고 2개도 꼬옥 잡솨봐유🫶🏻 다른 거 더 맛난 거 많은데ㅠㅠㅠ 소개해주고 싶은 아이스크림이 안 보여서 못 찍은 이슈😓 피노 아이스크림 @morinaga_seika 유라쿠 블랙썬더 아이스크림 32주","#asmr, #mukbang, #asmrmukbang, #chocolate, #icecream, #dessert, #japanfood, #블랙썬더, #피노, #일본편의점, #아이스크림, #초코, #eatingshow, #먹방",hongji_yam_2024-12-15,2024-12-15,100,instagram
hongji_yam_2024-12-14,1,🥬 김장김치 + 멸치칼국수 🍜 김장시즌이라 좋은 점! 김장김치 통으로 먹기 가넝🥹 이 조합 너무너무 맛있어서 호로로로록!!!🤍 멸치칼국수 @nongshim 32주,"#asmr, #asmrsounds, #asmrmukbang, #mukbang, #eatingshow, #kimchi, #koreanfood, #김장, #김장김치, #김치, #멸치칼국수, #칼국수, #먹방",hongji_yam_2024-12-14,2024-12-14,174,instagram
hongji_yam_2024-12-13,1,남자친구가 만들어준 라이스페이퍼 떡꼬치🍡 한 번씩 학교 앞에서 파는 그런 달달한 소스에 잔뜩 절여진(?) 바삭한 떡꼬치가 너무 땡기지 않나요..? 파는 데가 없어서 슬퍼하다가 남자친구표 라이스페이퍼 떡꼬치로 더 맛나게 먹었어요😙 32주,"#asmr, #asmrsounds, #asmrmukbang, #mukbang, #ricepaper, #떡꼬치, #떡꼬치소스, #라이스페이퍼, #라이스페이퍼요리, #라이스페이퍼떡꼬치, #먹방",hongji_yam_2024-12-13,2024-12-13,220,instagram
hongji_yam_2024-12-12,12,🇯🇵일본 세븐일레븐에서 이 2가지는 꼭..!🥐 일본은 편의점 음식이 진짜 잘돼있잖아요?! 특히 튀김류가 진짜 존맛도린데 감자고로케랑 커리고로케는 무!조!건 먹고 오세요😙🤍 일본 세븐일레븐 @seven_eleven_japan 32주,"#asmr, #asmrmukbang, #mukbang, #seveneleven, #japanfood, #eatingshow, #편의점음식, #일본편의점, #고로케, #セブンイレブン, #コロッケ, #croquettes",hongji_yam_2024-12-12,2024-12-12,88,instagram
hongji_yam_2024-12-11,1,🍇 마이구미 코하쿠토 만들었어유 🍇 하리보 + 사이다 조합으로 많이 만들던데 밍밍하다 그래서! 달달에 절여보려고 마이구미 + 웰치스포도로 했더니 후기들만큼 밍밍하지도 않고 단맛도 잘 남아있어서 성공이었던..!😎 🏷️ 마이구미 @orion_world 웰치스 포도 @nongshim 33주,"#asmr, #asmrmukbang, #mukbang, #jelly, #코하쿠토, #젤리, #젤리먹방, #먹방, #こはくとう, #간식, #dessert, #eatingshow",hongji_yam_2024-12-11,2024-12-11,335,instagram
hongji_yam_2024-12-10,19,호르몬에 지배당한 여성이 되. 🍫 난데없이 먹지도 않던 편의점 아이스크림을 왕창! 사왔는데 실패해서 어이없음을 곁들인 ..🌟 33주,"#asmr, #mukbang, #eatingshow, #icecream, #chocoicecream, #oreo, #kitkat, #dessert, #아이스크림, #초코아이스크림, #오레오, #킷캣, #끌레도르",hongji_yam_2024-12-10,2024-12-10,377,instagram
hongji_yam_2024-12-09,1,팥붕 vs 슈붕을 뛰어넘는 초붕🍫 여러분 겨울간식 1등 모예요?! 저는 일단 붕어빵이 1등인데 맛은 못 고르겠어요ㅠㅋㅋㅋㅋㅋ 일단 이 초코붕어빵 너무 잘 사온 것 같아서 뿌듯..🤍 마트 가면 사와봐유?! 에프 180도 5분 뒤집어서 4분🌟 비비고 초코붕어빵 @bibigo.kr 33주,"#asmr, #asmrmukbang, #mukbang, #eatingshow, #choco, #waffle, #dessert, #붕어빵, #초코붕어빵, #겨울간식, #겨울간식추천, #먹방",hongji_yam_2024-12-09,2024-12-09,105,instagram
hongji_yam_2024-12-08,20,"🧀 4가지치즈불닭 + 치즈피자 🧀 오늘의 치즈 한 상💛 치즈 좋아하면 꼭 4가지치즈불닭 먹어보세요..?!!! 그리고 이마트 치즈피자도 왕 가성비에 존맛도리니까 장 보러 가면 꼭,,🌟 4가지치즈불닭 @samyangfoods 치즈딥 치즈크러스트 피자 @nobrandkorea.official 33주","#asmr, #asmrmukbang, #mukbang, #eatingshow, #pizza, #cheese, #buldak, #koreanfood, #cheesepizza, #치즈피자, #노브랜드추천, #불닭볶음면, #4가지치즈불닭볶음면, #불닭",hongji_yam_2024-12-08,2024-12-08,293,instagram
hongji_yam_2024-12-07,2,"파사삭소리가 대박인 망고모양 동결건조젤리🥭 동결건조젤리 먹어봤나요~? 요고 완전 상콤달콤 파사삭 톡톡 쏘는 탄산느낌(?)까지 넘 신기하고 재밌는 식감이라 중독성 미쳐따,,🌟 @gs25_official 33주","#망고모양동결건조젤리, #asmr, #asmrsounds, #mukbang, #asmrmukbang, #jelly, #eatingshow, #mango, #망고젤리, #동결건조젤리, #동결건조, #망고, #편의점간식",hongji_yam_2024-12-07,2024-12-07,67,instagram
hongji_yam_2024-12-06,12,일본 가면 돈키호테 말고 무조건 칼디🌟🌟 퀸아망 스프레드 쓸어오기!!!!!! 이거 진짜 요물인데.. 외않사..? 여러분 이거 꼭.. 꼭.. 사오는 거예요..?ㅠㅠㅠㅠㅠ 엄청 달 것 같은데 또 그렇게 안 달고 빠삭+은은한 퀸아망맛이라 개존맛도리..🤍 @kaldicoffeefarm 33주,"#퀸아망스프레드, #asmr, #asmrmukbang, #mukbang, #dessert, #spread, #bread, #eatingsounds, #일본여행, #일본음식, #칼디, #일본여행선물, #식빵",hongji_yam_2024-12-06,2024-12-06,242,instagram
hongji_yam_2024-12-05,1,"연어먹는 소리 왜케 좋은겨..🍣 여러분 제가 연어 징짜 좋아해서 꼭 이렇게 통연어 와구와구 먹어보고 싶었거든요..🖤 소🌟취 완! 치즈 소스 빼고 다 맛있는 걸루,,^^ 33주","#asmr, #asmrmukbang, #mukbang, #salmon, #연어, #연어회, #연어사시미, #연어먹방, #소스",hongji_yam_2024-12-05,2024-12-05,260,instagram
hongji_yam_2024-12-04,2,초코순이들 올영 가면 이고다~ 이말이야🍫 하나 뜯어 먹다가 너무 맛있어서 바로 카메라 켰어유 진심 개존맛도리..니까 제제제발 이걸 본다면 모두 잡솨바여??? 페레로 하누타 리겔 @ferrerorocher_korea 구매처 @oliveyoung_official 수정됨 · 34주,"#asmr, #asmrmukbang, #mukbang, #chocolate, #ferrerorocher, #dessert, #페레로로쉐, #초콜릿, #초코바, #올리브영추천템, #올리브영간식",hongji_yam_2024-12-04,2024-12-04,130,instagram
hongji_yam_2024-12-03,15,🍓the season of strawberries🍓 햇 딸기가 드디어 나왔더라구요!! 아삭하면서 과즙 쥬륵 나오는 딸기여서 넘 맛나게 먹었는데 아직 중간 중간 새콤하네유😋 여러분은 겨울 과일 어떤 게 좋아요?!🍓🍊 34주,"#asmr, #asmrmukbang, #mukbang, #fruit, #strawberry, #딸기, #과일, #겨울과일, #후식",hongji_yam_2024-12-03,2024-12-03,66,instagram
hongji_yam_2024-12-02,13,킬바사 치즈 + 4가지맛치즈불닭 + 나쵸치즈 = 🧀 치즈 한상 🧀 치즈러버의 사심 채우기 대성공해부렀잖아요😙 요즘 일이 넘 많아서 진짜 틈 내서 겨우 편집하는데 하다가 졸아버려서 너무 밤에 올려버린.. 미안합니더..🖤 그래도 봐쥬실 거죠..?🥹 치즈 킬바사 @johncook_official 4가지맛치즈불닭 @samyangfoods 나쵸치즈 34주,"#FUNacho, #asmr, #asmrmukbang, #mukbang, #buldak, #spicyfood, #koreanfood, #cheese, #cheesebuldak, #kielbasa, #nachocheese, #킬바사, #킬바사소세지, #치즈불닭, #불닭볶음면, #나쵸치즈, #치즈소스, #야식추천",hongji_yam_2024-12-02,2024-12-02,232,instagram
hongji_yam_2024-12-01,4,"🔥 라이스페이퍼 + 불닭팽이버섯 = 극락 👼🏻 귀찮다고 아직도 불닭팽이쌈 안 만들어먹은 사람이 있다면.. 당장!!! 만들어 먹어야 해요🥹 아 맛을 나만 알 순 없지..! < @sweetshop_s2 이사장님 레시피 요약> 다진마늘 1큰술, 불닭소스 3큰술, 고추장 1큰술, 물엿 3큰술, 깨1/2큰술 -> 소스 완성🌟 팽이버섯 한 번 익혀준 뒤 소스 발라서 굽기!!! *맵찔이라면 불닭소스 줄여도 된대요! 불닭소스 @samyangfoods 수정됨 · 34주","#asmr, #asmrmukbang, #mukbang, #buldak, #spicyfood, #koreanfood, #enokimushroom, #라이스페이퍼, #불닭, #불닭팽이버섯",hongji_yam_2024-12-01,2024-12-01,165,instagram
hongji_yam_2024-11-30,2,"MICHIN 두바이초콜릿 디저트💚 아이스크림같은 비줠에 속은 카다이프 그득그득!!! 얇고 바삭한 쿠키도 쫀맛이고🥹 두바이초콜릿도 JMT,,🤦🏻‍♀️ 두바이 시가렛쿠키 @chagok_patisserie 34주","#asmr, #asmrmukbang, #mukbang, #dubai, #dubaichocolate, #dessert, #chocolate, #두바이초콜릿, #초콜릿, #간식, #피스타치오, #카다이프",hongji_yam_2024-11-30,2024-11-30,106,instagram
hongji_yam_2024-11-28,17,🧀 엽떡에 치즈 + 감자전 신메뉴 🍟 엽떡에 사이드 신메뉴 나왔길래 얼른 알려드리려고 먹어봤어요! 시즈닝 꼭 뿌려서 소스에 찍어먹어요.. 다들..🫶🏻 엽떡 @yupdduk_official 수정됨 · 34주,"#asmr, #asmrmukbang, #mukbang, #tteokbokki, #koreanfood, #엽떡, #엽기떡볶이, #떡볶이, #감자튀김",hongji_yam_2024-11-28,2024-11-28,640,instagram
hongji_yam_2024-11-27,1,(소리UP) 이정돈 돼야 진짜 소금빵이지..🌟 1년반째 여기 소금빵 아니면 안 먹음!!!! 그래서 굳이굳이 왕복 6시간 걸려도 먹으러 가는데 택배도 해서 넘 좋지만 찐은 매장 가서 당일먹해야 함..!!!!!💗 카페초이 소금빵 @cafechoi 35주,"#asmr, #asmrmukbang, #mukbang, #dessert, #saltbread, #소금빵, #소금빵맛집, #강릉카페, #빵먹방, #bread",hongji_yam_2024-11-27,2024-11-27,214,instagram
hongji_yam_2024-11-26,3,드디어 먹어본 쫀득❌ 쫜득쿠키⭕️ 이게 바로 쫜득이지.. 여러분 이거 진짜 말 안 되는 식감인데 싸게 싸게 드셔보쇼잉ㅠㅠㅠㅠ🫶🏻 마시멜로 쫜득쿠키 @cafechoi 35주,"#asmr, #asmrmukbang, #mukbang, #mashmellow, #dessert, #oreo, #쫀득쿠키, #마시멜로우, #마시멜로, #강릉카페, #디저트",hongji_yam_2024-11-26,2024-11-26,73,instagram
hongji_yam_2024-11-24,3,쫀득쿠키 만들려다 이걸 찾아버림🤩 누가크래커에 들어간 그 가운데 말랑쫀득한 부분만 먹을 수 있는 건데 너무 맛있어서 몇 개 꺼내먹다가 급히 찍어보았어요ㅋㅋㅋㅋㅋ!! 가격대는 높지만 한 번쯤 먹어볼만한 디저트! 월터스 누가바 @walters_korea 35주,"#asmr, #mukbang, #asmrmukbang, #nougat, #nougatcrackers, #mashmellow, #dessert, #누가크래커, #누가바, #마시멜로우, #쫀득쿠키",hongji_yam_2024-11-24,2024-11-24,165,instagram
hongji_yam_2024-11-23,32,콘푸로스트 다크초코!!🍫😋 엄청 달기만 한 거 아니고 다크초코라 딱 적당한 달달함?! 우유에 초코 녹으면서 초코우유까지 먹을 수 있는 일석이조까지 너무 맘에 드는 녀석😎 콘푸로스트 다크초코 @kelloggs_korea 수정됨 · 35주,"#asmr, #asmrmukbang, #mukbang, #cereal, #kelloggs, #시리얼, #시리얼볼, #콘푸로스트, #초코시리얼, #chocolate",hongji_yam_2024-11-23,2024-11-23,109,instagram
hongji_yam_2024-11-23,1,Crazy 무생채비빔밥!!!!😳 집에 무생채가 있다면 당장 저를 따라하십쇼. 맛없없 조합이라 밥 한 공기 뚝딱 가넝 진심 츄라이~🌟 35주,"#asmr, #asmrmukbang, #mukbang, #bibimbap, #shreddeddaikon, #비빔밥, #무생채, #무생채비빔밥, #집밥, #먹방",hongji_yam_2024-11-23,2024-11-23,100,instagram
hongji_yam_2024-11-23,1,빼빼로 이렇게 먹는 사람~?🤔 빼빼로데이는 지났지만 오랜만에 먹어봤어요! 여러분은 무슨 맛 제일 좋아하시나요>< 저는 아몬드랑 누드🫶🏻 빼빼로 @lottewellfood 수정됨 · 35주,"#빼빼로, #빼빼로데이, #asmr, #asmrmukbang, #mukbang, #과자먹방, #snaks, #dessert, #chocolate, #초코과자",hongji_yam_2024-11-23,2024-11-23,140,instagram
hongji_yam_2024-11-20,1,"🍫초코가 격하게 땡기는 날 스니커즈케이크🍫 지금까지 이런 초코케이크는 제 인생에 없었습니다,,, 스니커즈의 케이크화 + 단짠 제대로인 솔티카라멜 조합이 레ㅔㅔㅔ전드!!! 36주","#asmr, #asmrmukbang, #mukbang, #snickers, #chocolatecake, #saltedcaramel, #스니커즈초코바, #초코케이크, #케이크먹방, #초콜릿, #솔티카라멜",hongji_yam_2024-11-20,2024-11-20,204,instagram
hongji_yam_2024-11-19,1,"🧀 베이비벨 치즈 ASMR 🧀 치즈 좋아하고 잘 먹는 편인디 이거슨 너무나 짠 이슈로,, 다른 요리에 같이 먹어보려고요^ㅠ^ 그래도 소리는 좋지요..? 왁스 까먹는재미도 있음! 완전 몰랑 꾸덕 보드라운 맛난 치즈!!!!🧀 베이비벨치즈 @babybel_fr @babybel.kr 36주","#asmr, #asmrmukbang, #mukbang, #cheese, #babybel, #베이비벨, #치즈, #치즈먹방",hongji_yam_2024-11-19,2024-11-19,116,instagram
hongji_yam_2024-11-18,1,"육즙 미친 수제 띠드버거!!!!🍔🍟 햄버거를 이렇게 먹기 시작한 건,, 불과 2달 전,,? 수제버거 번이랑 육즙에 반해서 프랭크버거만 n번째 먹고 있어요😋 또 다른 수제버거 맛집이 있다면 댓글로 알려주세요🫶🏻 하나씩 먹어볼게요><❤️‍🔥 치즈버거 @frankburger_official_ 36주","#asmr, #mukbang, #asmrmukbang, #hamburger, #수제버거, #수제버거맛집, #프랭크버거, #치즈버거, #햄버거, #햄버거먹방",hongji_yam_2024-11-18,2024-11-18,155,instagram
hongji_yam_2024-11-17,19,밤티라미수 아이스크림으로 먹기🌰 라라스윗 저당 아이스크림 나왔다 할 땐 안 사먹었는데 밤티라미수 아이스크림이라 그래서 몬가 궁금해지자나요..?! 여러분은 파우더 있는 쪽 먹을 때 날숨에 드십쇼. 밤티라미수 아이스크림 @lalasweet_icecream 36주,"#asmr, #mukbang, #asmrmukbang, #tiramisu, #icecream, #라라스윗, #라라스윗아이스크림, #아이스크림, #밤티라미수",hongji_yam_2024-11-17,2024-11-17,70,instagram
hongji_yam_2024-11-16,4,❤️‍🔥 처갓집 슈프림 + 불닭 ❤️‍🔥 제 최최최애조합인데 너무 오랜만에 먹어서 신났거덩요😋 이 조합 안 먹어본 사람이 있다면 얼른 드셔보시고.. 또 다른 꿀맛조합이 있다면 댓글로 알려주세요!!!!!💗 슈프림치킨 @cheogajip_go 불닭 @samyangfoods 36주,"#asmr, #mukbang, #asmrmukbang, #buldak, #chicken, #슈프림양념치킨, #불닭, #불닭볶음면레시피, #치킨추천, #야식추천",hongji_yam_2024-11-16,2024-11-16,4090,instagram
hongji_yam_2024-11-15,3,"24시간 무인케이크마트에만 파는 계란케이크?!🥚 잠실에 있는 무인 케이크마트인데 특허 출원 중인 계란 파운드케이크가 있다고 해서 사왔는데 4개에 6,500원이라 1개에 1,600원대라 좀 비싼 편인 거에 비해 맛은 좀 아쉬웠어요🥲 보틀케이크도 유명하던데 다음에 다시 도전해보려구요~? 36주","#asmr, #mukbang, #asmrmukbang, #cake, #dessert, #24시무인카페, #디저트카페, #계란케이크, #파운드케이크",hongji_yam_2024-11-15,2024-11-15,69,instagram
hongji_yam_2024-11-16,6,"두바이초콜릿 원조는 이거래요!!!! 개존맛💦 젼언니(@jeon_unni_ ) 유튜브 보자마자 고민할 틈도 없이 바로 샀는데 진짜 후회없는 선택이었어요!!!🫶🏻 완전 두툼+묵직한 중량에 초콜릿은 엄청 달지 않아서 하나 다 먹을 수 있을정도였고 고소한 피스타치오스프레드는 꾸덕 + 카다이프는 완전 바삭바삭! 식감까지 아모르파티였던,,❤️‍🔥 블린더초콜릿 @vlinder_korea @tryvlinder 수정됨 · 36주","#asmr, #mukbang, #asmrmukbang, #dubaichocolate, #vlinder, #두바이초콜릿, #피스타치오, #초콜릿",hongji_yam_2024-11-16,2024-11-16,846,instagram
hongji_yam_2024-11-13,63,불닭에 뚱샌드위치 먹다가 매워서 김 추가❤️‍🔥 불닭 좋아하시는 분들 어떤 조합으로 드시나요?!? 완전 맵찔이라 불닭 아예 못 먹다가 최근에 꿀조합으로 한두 번 먹기 시작했더니 자꾸 생각나서 뭘 먹든 불닭이랑 먹고 있어요 ㅎㅋㅋㅋㅋ!! 여러분의 불닭 꿀조합 알려주세요💛🤍 불닭 @samyangfoods 뚱샌드위치 @eupcheonri_official 시골김 @sigolkim_official 37주,"#asmr, #asmrmukbang, #mukbang, #buldak, #불닭, #샌드위치, #꿀조합",hongji_yam_2024-11-13,2024-11-13,77,instagram
hongji_yam_2024-11-12,19,샤인머스캣 그냥먹 vs 얼먹 뭐가 더 좋아요?! 뽀득뽀득 소리가 좋은 건 그냥 먹는 건데 얼려 먹으니까 사각사각 + 아이스크림 같은 느낌까지 있어서 왠지 더 맛있게 느껴지도라고요?? 아직 얼먹 안해보신 분들은 얼려서 드셔보세요😋 37주,"#샤인머스캣, #얼먹, #asmr, #mukbang, #shinemuscat, #fruits, #asmrmukbang",hongji_yam_2024-11-12,2024-11-12,80,instagram
hongji_yam_2024-11-11,1,이웃집통통이 피스타치오두바이쫀득빵🥯 이렇게 빵 안에 카다이프를 한가득.. 넣어준다면 10개도 사먹겠어요… 눅진꾸덕한 피스타치오 스프레드도 잔뜩 넣어서 섞으셨는지 쫀득한 빵피까지 합세해서 먹을수록 입이 안 벌어질만큼 꾸덕⚡️ 열어분 츄라이 츄라이~🌟 @tongtonge_ 최고세요…🫶🏻 37주,"#asmr, #asmrmukbang, #mukbang, #dessert, #이웃집통통이, #두바이초콜릿, #쫀득빵, #피스타치오, #디저트먹방, #먹방asmr",hongji_yam_2024-11-11,2024-11-11,198,instagram
