VIDEO_ID,TITLE,DESCRIPTION,CHANNEL_TITLE,PUBLISHED_AT,DURATION,VIEW_COUNT,LIKE_COUNT,COMMENT_COUNT,PLATFORM
프롬서희_20250731,해외 유행 200% 구현한 편의점표 과일 아이스크림?,#shorts #viralfood #fruiticecream #mukbang #과일아이스크림,프롬서희,2025-07-31,PT51S,24313,914,21,youtube
프롬서희_20250730,SNS 난리난 티코 소금빵? 얼마나 맛있길래!?,#shorts #소금빵티코,프롬서희,2025-07-30,PT49S,30457,738,31,youtube
프롬서희_20250728,알리에서 산 라부부 퀄리티 딱 알려드림,#라부부 #labubu #라부부언박싱 #팝마트 #popmart #shorts,프롬서희,2025-07-28,PT48S,176145,2269,101,youtube
프롬서희_20250727,레몬닭발 속 궁채!? 땋아 먹었더니 식감 역대급🔥 @stephaniekimchi,#shorts #궁채 #궁채땋기 #레몬무뼈닭발 #궁채먹방,프롬서희,2025-07-27,PT45S,46006,1013,42,youtube
프롬서희_20250724,"해외 알고리즘 장악한 포도비누, 직접 만들어봤더니?",#shorts #포도비누 #젤리 #젤리만들기 #포도비누만들기 #먹방,프롬서희,2025-07-24,PT53S,81274,1905,56,youtube
프롬서희_20250723,강릉에서 이 빵 안 먹고 오면 진짜 손해,#shorts,프롬서희,2025-07-23,PT51S,28538,535,23,youtube
프롬서희_20250721,먹방계에서 핫한 해파리머리 따라 먹어봤는데..,#shorts #jellyfish #해파리머리 #해파리먹방 #mukbang,프롬서희,2025-07-21,PT52S,76994,1417,53,youtube
프롬서희_20250719,전자레인지 돌리면 시럽이 생기는 젤리 종합세트,#shorts,프롬서희,2025-07-19,PT55S,68807,1756,54,youtube
프롬서희_20250715,"AI 빙하 먹방, 진짜 음식으로 만들어봤더니..?❄️",#shorts #ai먹방 #빙하먹방,프롬서희,2025-07-15,PT54S,155081,4934,178,youtube
프롬서희_20250714,바르는 민트초코 아이스크림? 진짜일까 거짓일까?,#shorts #휩드 #쿠키클레이팩클렌저 #민초팩클렌저 #realorfake,프롬서희,2025-07-14,PT41S,43297,791,51,youtube
프롬서희_20250713,"AI 속 유리과일, 실제로 만들면 이렇게 됩니다🍎",#shorts #유리과일 #ai먹방,프롬서희,2025-07-13,PT44S,270979,5269,125,youtube
프롬서희_20250712,비누가 아니라 젤리라고..? 과일 젤리박스 먹방ASMR,,프롬서희,2025-07-12,PT49S,239139,5121,67,youtube
프롬서희_20250708,용암먹방 다음 대세는 AI 유리과일 먹방..?,,프롬서희,2025-07-08,PT55S,388872,8401,123,youtube
프롬서희_20250706,편의점 신상 벽돌케이크! 오리지널과 비교해봤더니...,,프롬서희,2025-07-06,PT49S,95168,1453,34,youtube
프롬서희_20250704,여수언니 신상 구름크림떡 vs 초코초꾸덕 중 승자는?,#shorts,프롬서희,2025-07-04,PT48S,88596,1707,55,youtube
프롬서희_20250702,3천원대에 치킨 한마리를 구매할 수 있는 꿀팁?,#shorts #이마트 #어메이징완벽치킨 #고래잇페스타 #이마트세일 #쿨썸머세일 #여름바캉스 #전단행사,프롬서희,2025-07-02,PT46S,44506,690,43,youtube
프롬서희_20250701,포슬한 치즈케이크가 들어있는 바치케 찹쌀떡?🧀 #asmr,#asmr #mukbang #koreanmukbanger #koreanfood #shorts,프롬서희,2025-07-01,PT46S,56888,875,16,youtube
프롬서희_20250630,AI로 착각하게 만든 용암 먹방 만드는 법ㅋㅋㅋ🔥,#shorts #lavamukbang #용암먹방 #lava,프롬서희,2025-06-30,PT38S,214129,2767,83,youtube
프롬서희_20250627,1년에 딱 2주만 먹을 수 있는 신비복숭아 화채? #asmr,#shorts #mukbang,프롬서희,2025-06-27,PT54S,71184,1502,45,youtube
프롬서희_20250626,알고리즘 장악한 1000도씨 용암 먹방🔥 #lavamukbang,#shorts #용암먹방 #lavamukbang,프롬서희,2025-06-26,PT53S,202638,3592,169,youtube
프롬서희_20250625,신상 쑥 파삭! 이렇게 먹으니 3배 맛있어짐,#shorts #동결건조,프롬서희,2025-06-25,PT45S,109923,2182,35,youtube
프롬서희_20250621,메가커피 vs 컴포즈 vs 이디야 컵빙수! 어디가 젤 맛있을까?,#shorts #컵빙수 #mukbang,프롬서희,2025-06-21,PT57S,91139,1276,60,youtube
프롬서희_20250618,1초만에 간장계란밥 만드는 일본 돈키호테 꿀템?,#shorts #돈키호테 #돈키호테추천템 #강나미유튜브 #강남추천템,프롬서희,2025-06-18,PT49S,124233,1708,72,youtube
프롬서희_20250615,디테일이 남다른 일본 화과자 5종 먹어보기,,프롬서희,2025-06-15,PT49S,197280,4543,61,youtube
프롬서희_20250614,메론 젤리케이크? 와가시? 일본 디저트샵 먹방ASMR,#mukbang #shorts #japanesefood,프롬서희,2025-06-14,PT46S,111287,2001,39,youtube
프롬서희_20250613,지금 시즌만 먹을 수 있는 일본 사쿠란보 모찌?🍒,#shorts #japanesefood #mocchi #japanese #eatingsounds #mukbang,프롬서희,2025-06-13,PT45S,169905,3805,78,youtube
프롬서희_20250608,떡처럼 쫄깃하게 늘어나는 일본 모찌 도넛🍡,#shorts,프롬서희,2025-06-08,PT41S,113364,2297,62,youtube
프롬서희_20250606,댓글 추천받은 차갑게 먹는 닭발! 훨씬 맛있을까?,#shorts,프롬서희,2025-06-06,PT50S,329173,5202,86,youtube
프롬서희_20250603,치킨 아이스크림? 우유 말먹 식빵? 월간 편의점 먹방ASMR,#shorts,프롬서희,2025-06-03,PT47S,159499,2791,46,youtube
프롬서희_20250601,편의점 출시한 미국 실키젬? 같은 제품 맞아요..?,#shorts #실키젬 #코하쿠토,프롬서희,2025-06-01,PT49S,138726,2162,45,youtube
프롬서희_20250531,끓이면 떡이 투명해지는 크리스탈 탕위안?!✨,,프롬서희,2025-05-31,PT38S,213990,2673,38,youtube
프롬서희_20250530,보석양갱? 보석초콜렛? 영롱한 간식 먹방ASMR 💎,#shorts #mukbang #dessert #koreanmukbanger,프롬서희,2025-05-30,PT40S,193534,3508,48,youtube
프롬서희_20250528,잔망루피를 이을 배라 27큐브 케이크,#shorts #mukbang #asmrsounds #eatingshow #eatingsounds #koreanfood #koreanmukbanger,프롬서희,2025-05-28,PT58S,421140,7116,116,youtube
프롬서희_20250527,요즘 틱톡에서 난리난 레몬 무뼈 닭발?!🍋,#shorts #레몬무뼈닭발 #량진희 #닭발 #eatingshow #mukbang,프롬서희,2025-05-27,PT56S,245426,4389,83,youtube
프롬서희_20250526,견과류 꿰어 만든 조지아 전통간식 추르치헬라?,#shorts,프롬서희,2025-05-26,PT50S,98438,1476,37,youtube
프롬서희_20250522,품절대란 배라 잔망루피 케이크 #eatingshow,,프롬서희,2025-05-22,PT55S,504182,8925,142,youtube
프롬서희_20250519,종이처럼 얇은 300년 전통 교토 화과자?,#shorts,프롬서희,2025-05-19,PT39S,115097,1842,38,youtube
프롬서희_20250516,달고나 버터? 토마토 버터? 신기한 통 버터 먹방ASMR,#shorts #mukbang #eatingshow #eatingsounds #asmrsounds #koreanfood #koreanmukbanger,프롬서희,2025-05-16,PT59S,351345,4641,43,youtube
프롬서희_20250514,세상에서 제일 얇은 생선회..?,,프롬서희,2025-05-14,PT42S,82866,1087,49,youtube
프롬서희_20250513,오리지널 뺨치는 한국판 실키젬 코하쿠토💎,#shorts #실키젬 #silkygem #kohakuto #mukbang,프롬서희,2025-05-13,PT53S,184853,3582,42,youtube
프롬서희_20250512,유행하는 젤리들로 2025버전 데카포 만들기?!🧪,"프로미들! 요즘 핫한 신상인 스프라이트 제로 Chill로 2025버전 데카포 만들어봤는데, 소다맛도 진하고 시원 상쾌해서 훨씬 맛있었어요🤭🩵 이 조합 완전 추천~~!💙  #광고 #스프라이트 #스프라이트제로Chill #스프라이트제로 #Sprite #SpriteZeroChill #휘몰아chill상쾌함",프롬서희,2025-05-12,PT48S,80016,1317,31,youtube
프롬서희_20250511,유행하는 2세대 쫀득쿠키 가위바위보 먹방✌🏻✊🏻✋🏻,#shorts,프롬서희,2025-05-11,PT54S,209693,3138,39,youtube
프롬서희_20250508,퍼지 식감 뺨치는 얼린 쫀득빵 먹방,,프롬서희,2025-05-08,PT45S,96909,1472,66,youtube
프롬서희_20250507,1분만에 품절된 쫀득빵..?,#shorts #쫀득빵 #먹방 #디저트추천 #디저트,프롬서희,2025-05-07,PT58S,137103,2303,42,youtube
프롬서희_20250506,투썸 vs 이디야 복숭아케이크🍑 어디가 더 맛있을까?,,프롬서희,2025-05-06,PT52S,660355,5203,79,youtube
프롬서희_20250504,페스츄리 40겹을 쌓아 만든 바클라바 먹방🇹🇷 #baklava,#shorts,프롬서희,2025-05-04,PT56S,74081,1090,36,youtube
프롬서희_20250503,자극적인 음식 좋아하는 먹방 유튜버의 필수템? #닥터지,#shorts #닥터지 #올리브영 #올리브영추천템 #올리브영세일 #닥터지세럼,프롬서희,2025-05-03,PT43S,55865,785,26,youtube
프롬서희_20250502,지역 특산품으로 만들었다는 우리 과일 빵,#shorts #과일빵 #디저트 #koreanfood #koreandessert #mukbang #eatingshow,프롬서희,2025-05-02,PT57S,194454,4039,71,youtube
프롬서희_20250501,일본 캔디애플이 국내에 생겼다고? 과연 똑같을까..?,#shorts,프롬서희,2025-05-01,PT44S,98197,1271,19,youtube
프롬서희_20250425,종합 과일정과 얼려먹기! 뭐가 제일 맛있을까?,#shorts,프롬서희,2025-04-25,PT57S,135781,2176,38,youtube
프롬서희_20250421,회처럼 먹을 수 있는 신기한 곤약 가루?🐟,,프롬서희,2025-04-21,PT50S,258361,4449,67,youtube
프롬서희_20250420,새로 출시한 모히토향 콜라?! 궁금해서 마셔봤더니..,#펩시 #펩시제로슈거 #펩시제로슈거모히토향 #롯데칠성음료 #PEPSI #shorts,프롬서희,2025-04-20,PT50S,56357,787,37,youtube
프롬서희_20250418,도플갱어와 4월 편의점 신상 간식 다 털어봄!!🌟 @반달샘,,프롬서희,2025-04-18,PT43S,208766,2892,52,youtube
프롬서희_20250417,쫀득빵 우유 찍먹 모르는 사람 없게 해주세요..,,프롬서희,2025-04-17,PT54S,92263,1570,42,youtube
프롬서희_20250416,간식좌에게 개발한 쫀득빵 평가 받아봤더니..? @반달샘,,프롬서희,2025-04-16,PT55S,143382,2168,39,youtube
프롬서희_20250412,지중해 통복숭아 병조림? 진짜 씨도 있네..?!,#shorts,프롬서희,2025-04-12,PT54S,107203,1529,32,youtube
프롬서희_20250411,통 모짜렐라가 들어있는 화제의 치즈 품은 버섯?,#shorts,프롬서희,2025-04-11,PT47S,98559,1744,49,youtube
프롬서희_20250409,겹겹이 뜯어지는 베트남 레이어드 떡?!🇻🇳,,프롬서희,2025-04-09,PT56S,152906,2589,54,youtube
프롬서희_20250406,대왕 무지개 곤약젤리 3가지 먹방ASMR,,프롬서희,2025-04-06,PT50S,364160,6826,83,youtube
프롬서희_20250404,까먹는 젤리에 이은 까먹는 바나나 빵?🍌,,프롬서희,2025-04-04,PT46S,137518,2343,32,youtube
프롬서희_20250403,유행하는 종합 과일정과! 뭐가 제일 맛있을까..?,#과일정과 #정과 #금귤정과 #shorts,프롬서희,2025-04-03,PT56S,210233,3643,79,youtube
프롬서희_20250401,간식좌에게 극찬받은 Frauni 찐 라즈베리 초콜렛 @반달샘,,프롬서희,2025-04-01,PT49S,86888,1315,15,youtube
프롬서희_20250331,반죽처럼 늘어나는 하얼빈 요거트 떡 먹어봤더니.. @반달샘,,프롬서희,2025-03-31,PT51S,133622,1885,38,youtube
프롬서희_20250329,역대급 쫀덕함에 반전있는 맛(?) 롤 브라우니 초콜렛,,프롬서희,2025-03-29,PT50S,96534,1581,52,youtube
프롬서희_20250328,다이어트할 때 먹는다는 마시멜로우 초콜렛?,,프롬서희,2025-03-28,PT59S,78669,1552,42,youtube
프롬서희_20250326,극과 극 신상 동결건조 간식! 뭐가 제일 맛있을까?,,프롬서희,2025-03-26,PT59S,132563,2600,40,youtube
프롬서희_20250324,품절대란인 여수언니 요거꿀떡! 얼마나 맛있길래..?,,프롬서희,2025-03-24,PT50S,389522,5366,61,youtube
프롬서희_20250323,편의점 출시한 중국 찹쌀떡 푸투안! 1알에 1500원..?,,프롬서희,2025-03-23,PT44S,102247,1851,28,youtube
프롬서희_20250321,해외에서 유행하는 Franui 라즈베리 초콜렛🍓,#shorts,프롬서희,2025-03-21,PT56S,85023,1988,43,youtube
프롬서희_20250318,요청받은 쫀득 스티키초코! 이게 찐인데?!,,프롬서희,2025-03-18,PT57S,68645,1359,19,youtube
프롬서희_20250316,1분만에 매진 된다는 동결건조 엿에 요거트 말먹,,프롬서희,2025-03-16,PT55S,168529,4053,54,youtube
프롬서희_20250315,오리지널과 90% 유사한 세븐일레븐 드럼스틱!!!,,프롬서희,2025-03-15,PT55S,87952,1988,23,youtube
프롬서희_20250313,알리에서 300원에 구매한 인스타 쑥 떡,,프롬서희,2025-03-13,PT51S,175921,4176,75,youtube
프롬서희_20250312,댓글 요청받은 통 과일찹쌀떡 먹방ASMR,,프롬서희,2025-03-12,PT58S,122823,3204,76,youtube
프롬서희_20250308,SNS에서 맛있다고 난리난 신박한 라면레시피?!,#툼바너구리 #신라면툼바 #shintoomba #nongshim #농심 #인생을맛있게 #toomba #꿀조합 #shorts,프롬서희,2025-03-08,PT45S,41371,1051,48,youtube
프롬서희_20250307,76시간 도전 끝에 성공한 스티키마차 스티키코코넛!,,프롬서희,2025-03-07,PT59S,154831,3510,53,youtube
프롬서희_20250306,눅눅한 편의점표 꿀젤리모나카! 오리지널 식감 만드는 법🌟,,프롬서희,2025-03-06,PT48S,87380,1951,55,youtube
프롬서희_20250304,GS편의점 아이스플랜트로 요청받은 탕후루 만들기,#shorts,프롬서희,2025-03-04,PT48S,75713,1832,45,youtube
프롬서희_20250228,알고리즘을 점령한 쫀득 초콜렛 스티키마차?!,,프롬서희,2025-02-28,PT59S,123250,2816,78,youtube
프롬서희_20250226,얼음 채소로 유명한 아이스플랜트 편의점에 출시했다고?!,,프롬서희,2025-02-26,PT49S,78999,2026,56,youtube
프롬서희_20250223,스웨디시 젤리를 넣은 스웨덴 초콜렛이 유행이라고?!!,#shorts #스웨덴젤리 #스웨덴초콜렛,프롬서희,2025-02-23,PT51S,68933,1843,27,youtube
프롬서희_20250221,미국에서 유행한다는 두바이 초코 딸기 범벅,,프롬서희,2025-02-21,PT46S,39746,1111,43,youtube
프롬서희_20250220,치즈로 변하는 중국 우유 식빵.. 이거 정품 맞나요?😂,#shorts #중국식빵 #중국간식 #먹방,프롬서희,2025-02-20,PT53S,35813,1007,43,youtube
프롬서희_20250219,수제 통 딸기 찹쌀떡 40초 먹방ASMR,#shorts #딸기찹쌀떡 #딸기모찌 #과일모찌,프롬서희,2025-02-19,PT48S,54784,1456,63,youtube
프롬서희_20250218,해외에서 스웨디시 젤리 탕후루가 유행이라고?,,프롬서희,2025-02-18,PT48S,248579,8165,82,youtube
프롬서희_20250217,굽지 않고 생으로 먹는 쿠키 반죽?!,#shorts #mukbang #eatingsounds #eatingshow #asmrsounds #koreanmukbang #koreanfood,프롬서희,2025-02-17,PT58S,84306,2010,43,youtube
프롬서희_20250216,두바이 초콜렛 뺨치는 피스타치오 중국 푸투안?,#shorts #푸투안 #중국찹쌀떡,프롬서희,2025-02-16,PT51S,88808,2473,51,youtube
프롬서희_20250211,과일 잼이 듬뿍있는 실키젬 코하쿠토 캔디?,#shorts,프롬서희,2025-02-11,PT1M,100152,2831,52,youtube
프롬서희_20250205,퐁신퐁신 역대급 식감인 수제 생 마시멜로우?,#shorts #mashmellow #mukbang,프롬서희,2025-02-05,PT57S,87951,2135,40,youtube
프롬서희_20250202,빙산롱옌과 비슷하게 재 출시한 편의점 벽돌초콜렛,,프롬서희,2025-02-02,PT47S,138716,2995,53,youtube
프롬서희_20250130,미국 퍼지를 갈아 만든 퍼지 캔디 아이스크림?,,프롬서희,2025-01-30,PT47S,77752,1832,16,youtube
프롬서희_20250128,스웨디시 젤리보다 맛있는 스위즐스 드럼스틱 젤리?,#shorts,프롬서희,2025-01-28,PT56S,232121,5876,58,youtube
프롬서희_20250127,CU vs GS25 수건케이크 어느 편의점이 더 맛있을까?,,프롬서희,2025-01-27,PT47S,53968,1573,22,youtube
프롬서희_20250124,꿀떡시리얼 다음 유행은 중국 푸투안 시리얼(?),#shorts #chinesefood #푸투안,프롬서희,2025-01-24,PT54S,90620,2459,39,youtube
프롬서희_20250122,편의점에도 출시한 중국 벽돌초콜렛 빙산롱옌🧱,#shorts #빙산롱옌 #chinesefood #중국간식,프롬서희,2025-01-22,PT50S,128184,2917,61,youtube
프롬서희_20250120,"중국 수건케이크, 빙산롱옌 다음 유행은 푸투안?",#shorts #chinesefood #중국간식,프롬서희,2025-01-20,PT58S,233198,5877,121,youtube
프롬서희_20250119,편의점 리본캔디 전자레인지 돌리면 훨씬 바삭해진다고?!!,,프롬서희,2025-01-19,PT47S,75990,2103,29,youtube
프롬서희_20250118,생크림 빵이 된 편의점표 수건케이크,#shorts,프롬서희,2025-01-18,PT57S,88219,2138,31,youtube
프롬서희_20250116,편의점 출시한 리본 모양 캔디? 오리지널 비슷할까?,#shorts,프롬서희,2025-01-16,PT50S,111034,2725,72,youtube
프롬서희_20250115,100시간 지속 틴트로 컬러 매칭 먹방 챌린지,#토니모리 #퍼펙트립스쇼킹립 #퍼펙트립스쇼킹립틴트 #쇼킹립 #쇼킹립틴트 #올리브영 #올리브영틴트 #먹방틴트 #지속력좋은틴트,프롬서희,2025-01-15,PT47S,72591,1529,47,youtube
프롬서희_20250113,편의점 스웨디시 젤리가 딱 하나 토핑된 케이크?,,프롬서희,2025-01-13,PT53S,258993,6473,86,youtube
프롬서희_20250111,용암처럼 흐르는 녹인 중국 벽돌 초콜렛!!ㄷㄷ,#shorts #중국초콜렛 #홀리랜드 #빙산롱옌,프롬서희,2025-01-11,PT51S,107965,2740,43,youtube
프롬서희_20250110,수건케이크 다음 유행이라는 중국 벽돌 초콜렛?,#shorts #중국초콜렛 #빙샨롱옌 #chinesefood,프롬서희,2025-01-10,PT58S,175807,5078,78,youtube
프롬서희_20250108,서양 대왕 대파로 재도전한 그린어니언 크림치즈 베이컨,,프롬서희,2025-01-08,PT57S,167919,5199,52,youtube
프롬서희_20250108,#공구 15년 장인이 직접 빚은 수제 딸기찹쌀떡,"🍓딸기찹쌀떡 구매링크 https://srok.kr/gbGD5 🍓  🌟공구 기간 1/8일~10일 자정, 프로필 링크 구매 가능🌟 💶가격 6개 26,900원(기존) ➡️ 13,900원(공구가) 판매!  🍓딸기 찹쌀떡은 모두 15년 경력 장인이 직접 빚어 배송됩니다! (수작업으로 만들어져 당일 제작 수량이 한정되며, 순차적 출고 예정이에요)  🍓매일 아침 충남 계롱 농장에서 수확한 10-13 Brix 이상 최상급 딸기로 제작 & 당일 생산한 떡으로 출고됩니다!  🍓보냉박스, 아이스팩 포장 & 1개씩 개별 포장되어 가루날림 없이 배송됩니다!  🍓가장 맛있게 먹기 위해, 상온에서 3-4시간 내 섭취, 냉장 보관 후 당일 섭취를 권장드려요!  🍓 딸기가 물러져서 당일 섭취 불가 시 꼭! 냉동 보관 후 해동하여 드시길 추천해요! 전 1시간 정도 되었을때 떡도 쫀득하고 딸기는 샤베트처럼 사각사각 맛있더라구요😋  궁금한 점은 언제든 DM 문의주세요! 모두 대환영이옵니다🫶🏻🫶🏻",프롬서희,2025-01-08,PT45S,82851,2458,129,youtube
프롬서희_20250102,케이크가 통째로 들어간 대만 찹쌀떡!!,#shorts #대만음식 #대만간식 #대만여행 #taiwan #taiwanfood #taipei #mukbang #eatingshow,프롬서희,2025-01-02,PT44S,139654,3844,25,youtube
프롬서희_20250101,비닐채로 짜먹는 대만식 꿀젤리(?),#shorts #대만간식 #대만음식 #taiwan #taiwanfood #mukbang,프롬서희,2025-01-01,PT46S,2177448,56188,178,youtube
프롬서희_20241228,대만 플리마켓의 동물농장 수제 펑리수,#shorts #mukbang #대만음식 #대만간식,프롬서희,2024-12-28,PT34S,137148,4177,51,youtube
프롬서희_20241226,해외에서 맛있다고 난리난 쪽파 크림치즈 베이컨?,#shorts,프롬서희,2024-12-26,PT52S,389372,9726,74,youtube
프롬서희_20241225,수제 크리스마스 간식 50초 먹방ASMR @냠사친,#크리스마스 #christmas #viralfood #shorts #eatingshow #eatingsounds #mukbang,프롬서희,2024-12-25,PT55S,111609,3104,60,youtube
프롬서희_20241223,케이크 전문점 수건케이크! 가격만큼 맛있을까?,#shorts #수건케이크 #마오쥔젤 #chinesefood,프롬서희,2024-12-23,PT57S,117397,3169,45,youtube
프롬서희_20241221,요청받은 통순대 소스 먹방ASMR #eatingshow,#mukbang #eatingshow #asmrsounds #shorts,프롬서희,2024-12-21,PT53S,164207,4611,97,youtube
프롬서희_20241220,얼음물에 넣으면 캔디로 변하는 일본 꿀젤리,,프롬서희,2024-12-20,PT45S,196459,4939,48,youtube
프롬서희_20241217,이디야에 새로 출시한 중국 수건케이크? 맛있을까,#shorts #chinesefood #마오쥔젤 #수건케이크 #먹방,프롬서희,2024-12-17,PT36S,117888,3000,44,youtube
프롬서희_20241213,각성하고 또 출시한 편의점 스웨디시 젤리?!,,프롬서희,2024-12-13,PT53S,384065,9181,78,youtube
프롬서희_20241211,제주도 물로 만든 100% 수제 물 젤리?,#shorts #제주도 #먹방 #물젤리,프롬서희,2024-12-11,PT48S,124145,3813,48,youtube
프롬서희_20241209,부천까지 가서 사온 중국 수건케이크,,프롬서희,2024-12-09,PT54S,274168,7004,81,youtube
프롬서희_20241206,유리알 일본 캔디? 간식창고 먹방ASMR,#먹방 #japanesefood #japan #jelly #viralfood #eatingshow #eatingsounds #mukbang #shorts,프롬서희,2024-12-06,PT56S,344006,10023,67,youtube
프롬서희_20241206,두찜 신메뉴로 극강의 가성비 즐기는 법?,#두찜 #두찜타코라구요 #두찜신메뉴 #shorts,프롬서희,2024-12-06,PT55S,44598,1177,25,youtube
프롬서희_20241204,편의점 스웨디시 전자레인지 돌리면 오리지널과 비슷할까?,#shorts,프롬서희,2024-12-04,PT40S,200279,5007,61,youtube
프롬서희_20241203,슈가파우더에 절여먹는 크랜베리 캔디?,#cranberries #candiedcranberries #candiedfruit #viralfood #viralvideo #shorts,프롬서희,2024-12-03,PT51S,189753,4196,98,youtube
프롬서희_20241130,편의점 스웨디시 젤리? 오리지널과 비슷할까?,,프롬서희,2024-11-30,PT49S,778802,16150,200,youtube
프롬서희_20241128,배달어플 꼭 시켜야 할 불닭 떡볶이?! 굿즈도 준다고?,#떡참 #떡볶이참잘하는집 #불닭로제떡볶이 #곽철이 #곽철이굿즈 #불닭 #shorts,프롬서희,2024-11-28,PT50S,39365,1169,38,youtube
프롬서희_20241127,스웨덴 캔디보다 꾸덕 쫀득한 미국 퍼지캔디,,프롬서희,2024-11-27,PT49S,997392,23398,152,youtube
프롬서희_20241124,일본 돈키호테 꼭 사야할 킨조 유사 젤리?,#shorts,프롬서희,2024-11-24,PT48S,216596,6316,36,youtube
프롬서희_20241121,요아정 신상 망고초코쉘이 출시했다고? (feat 일리윤),#일리윤 #요아정 #요아정꿀조합 #민크정 #shorts,프롬서희,2024-11-21,PT47S,85005,2091,44,youtube
프롬서희_20241120,홈플러스에서 구매한 스웨디시 젤리?!,,프롬서희,2024-11-20,PT53S,355471,6903,102,youtube
프롬서희_20241119,3시간 동안 만든 중국 수건케이크 마오진젤,#shorts,프롬서희,2024-11-19,PT52S,84039,2121,26,youtube
프롬서희_20241118,해외에서 유행하는 통양파 끓여먹기? #onionboil,#viralvideo #viralshorts #foodie #foodtrend #onionboil #shorts,프롬서희,2024-11-18,PT49S,90193,2806,46,youtube
프롬서희_20241115,먹을 수 있는 테무 크로와상 탕후루 조명,,프롬서희,2024-11-15,PT48S,84910,2323,39,youtube
프롬서희_20241112,간식 유튜버가 만들어준 수제 꿀젤리 모나카 @반달샘,,프롬서희,2024-11-12,PT48S,141893,4028,47,youtube
프롬서희_20241111,유행하는 해산물 마시멜로우로 만든 쫀득쿠키 @반달샘,#shorts,프롬서희,2024-11-11,PT56S,135835,4296,33,youtube
프롬서희_20241110,픽스 초콜렛보다 맛있는 원조 블린더 두바이 초콜렛 @반달샘,#shorts,프롬서희,2024-11-10,PT54S,314781,8600,81,youtube
프롬서희_20241109,요즘 쫀득쿠키로 불리는 누가쿠키 종류별로 먹방,,프롬서희,2024-11-09,PT58S,95238,0,46,youtube
프롬서희_20241108,크림이 흘러내리는 중국 생크림 찹쌀떡,#shorts #먹방 #음식먹방 #mukbang #먹방asmr #asmrsounds,프롬서희,2024-11-08,PT58S,146890,3940,63,youtube
프롬서희_20241106,오픈런해서 구한 중국 수건케이크 마오쥔젤,#shorts #중국디저트 #수건케이크 #마오쥔젤,프롬서희,2024-11-06,PT56S,215503,5909,65,youtube
프롬서희_20241105,크림이 촤르륵 흘러 내리는 대만식 찹쌀떡,,프롬서희,2024-11-05,PT57S,199576,6173,44,youtube
프롬서희_20241102,스웨디시 젤리로 만든 아이스 코하쿠토 80초 먹방ASMR,#shorts #스웨디시젤리 #스웨덴캔디 #코하쿠토 #먹방asmr #mukbang #eatingsounds #eatingshow,프롬서희,2024-11-02,PT1M19S,93699,1523,21,youtube
프롬서희_20241101,5만원짜리 스웨디시 젤리 코하쿠토,#shorts #스웨디시젤리 #스웨덴젤리 #코하쿠토 #아이스코하쿠토,프롬서희,2024-11-01,PT45S,277920,7545,46,youtube
프롬서희_20241030,24시 케이크 마트의 신기한 계란 케이크?,#shorts #케이크 #24시케이크마트,프롬서희,2024-10-30,PT53S,236999,7480,63,youtube
프롬서희_20241029,하리보 코하쿠토 80초 먹방ASMR (사각사각 소리 대박❄️),,프롬서희,2024-10-29,PT1M20S,49556,1014,39,youtube
프롬서희_20241029,24시간 만든 하리보 아이스 코하쿠토,#shorts #frozengummyjelly,프롬서희,2024-10-29,PT47S,155154,5219,89,youtube
프롬서희_20241027,스웨디시 젤리는 감초맛이 찐이라고?,#스웨디시젤리 #스웨덴캔디 #shorts,프롬서희,2024-10-27,PT54S,409326,8742,103,youtube
프롬서희_20241024,겹겹이 떼어먹는 태국 레이어드 떡 케이크,,프롬서희,2024-10-24,PT47S,191513,5860,74,youtube
프롬서희_20241022,외국 언니들이 맛있게 먹던 까먹는 열매,#shorts #thailand #goosberry #먹방,프롬서희,2024-10-22,PT46S,152263,5446,114,youtube
프롬서희_20241020,품절대란 일본 꿀젤리 아메모나카 만들기,,프롬서희,2024-10-20,PT50S,180448,4736,59,youtube
프롬서희_20241019,수제 딕만스 얼려먹기 vs 구워먹기,,프롬서희,2024-10-19,PT49S,125282,3406,60,youtube
프롬서희_20241017,진짜 라즈베리 씨가 박혀있는 수제 말차 딕만스,#shorts,프롬서희,2024-10-17,PT46S,169342,5474,60,youtube
프롬서희_20241015,먹는 스펀지? 종합제리 먹방ASMR,#shorts #asmr #asmrsounds #eatingsounds #eatingshow #mukbang #koreanfood,프롬서희,2024-10-15,PT58S,138159,4188,77,youtube
프롬서희_20241014,틱톡 유행 일본 스시도넛?,,프롬서희,2024-10-14,PT36S,93749,2168,53,youtube
프롬서희_20241014,틱톡에서 엄청 유행했던 캔디 케이크?!,#바주카캔디 #조카선물 #할로윈선물 #틱톡간식 #틱톡캔디 #간식추천 #shorts,프롬서희,2024-10-14,PT41S,90831,1415,49,youtube
프롬서희_20241012,마시멜로우 크림이 흐르는 딕만스 케이크?!,#shorts #마시멜로우 #편의점신상,프롬서희,2024-10-12,PT38S,91022,2175,61,youtube
프롬서희_20241011,탕후루처럼 바삭한 역대급 일본 코하쿠토 #asmr,#eatingshow #eatingsounds #mukbang #asmr #shorts,프롬서희,2024-10-11,PT51S,370977,10307,90,youtube
프롬서희_20241010,세븐일레븐 신상 킨조젤리! 이번엔 성공적일까?!,#shorts,프롬서희,2024-10-10,PT48S,439763,11405,108,youtube
프롬서희_20241007,댓글로 추천받은 유사 스웨디시 젤리? 비슷할까,#스웨디시젤리 #스웨덴캔디 #피에르구르망 #shorts,프롬서희,2024-10-07,PT50S,237470,7868,71,youtube
프롬서희_20241006,평범한 취준생에서 먹방 유튜버가 된 이유? #나의노력이성취로거듭나는곳 #제작비지원,#shorts #두바이초콜렛 #두바이디저트 #유튜버 #나의노력이성취로거듭나는곳 #제작비지원,프롬서희,2024-10-06,PT53S,62175,1205,72,youtube
프롬서희_20241005,두바이 이은 유행 스모어 초콜렛! 맛있을까?,#shorts #스모어초콜렛 #스모어,프롬서희,2024-10-05,PT41S,157809,4294,72,youtube
프롬서희_20241004,3시간 걸린 흑백요리사 바쓰! 평가해주십쇼,#흑백요리사 #바쓰 #정지선 #넷플릭스 #netflix #shorts,프롬서희,2024-10-04,PT54S,115383,4480,80,youtube
프롬서희_20241001,제주공항에 스웨디시 젤리를 판다고?!!,,프롬서희,2024-10-01,PT45S,540369,14112,125,youtube
프롬서희_20240930,손가락 크기의 미니사이즈 구미첼,#shorts #구미첼 #일본간식 #japanesefood,프롬서희,2024-09-30,PT27S,156024,3864,71,youtube
프롬서희_20240928,꿀젤리가 쭉쭉 늘어나는 일본 유행 모나카 @sweet_yup_sweet,,프롬서희,2024-09-28,PT47S,324610,9174,87,youtube
프롬서희_20240927,요즘 유행 대왕 마시멜로우 버섯,#shorts #마시멜로우버섯,프롬서희,2024-09-27,PT43S,87050,2071,50,youtube
프롬서희_20240922,이거 얼리면 5만원 스웨디시 젤리가 된다고?,,프롬서희,2024-09-22,PT47S,425724,11535,73,youtube
프롬서희_20240920,가루쿡으로 만드는 네루네루네 젤리 모찌,,프롬서희,2024-09-20,PT49S,251227,5896,63,youtube
프롬서희_20240917,#협찬 5일동안 만들었다는 추석 수제 젤리,,프롬서희,2024-09-17,PT49S,1444016,40395,180,youtube
프롬서희_20240916,스웨디시 마시멜로우! 최고의 식감을 찾아서 Let's find the best of Swedish jelly,,프롬서희,2024-09-16,PT59S,201266,5673,58,youtube
프롬서희_20240907,요즘 유행하는 스웨디시 젤리 마시멜로우 버전?,,프롬서희,2024-09-07,PT50S,253163,7089,58,youtube
프롬서희_20240906,서담표 두바이 초콜렛 3가지 재료를 맞춰보세요. (난이도 상) @seodam,,프롬서희,2024-09-06,PT48S,196758,5241,85,youtube
프롬서희_20240905,요즘 탕후루 퀄리티 수준.. 설탕이 없다고?!,#달콤왕가탕후루 #탕후루 #왕가탕후루 #달콤바삭 #설탕무첨가 #신선과일 #shorts,프롬서희,2024-09-05,PT44S,108221,2491,75,youtube
프롬서희_20240831,이탈리아 화과자 먹방asmr,,프롬서희,2024-08-31,PT49S,1036296,21385,150,youtube
프롬서희_20240830,초콜렛 장인에게 온 의문의 두바이 초콜렛,#shorts,프롬서희,2024-08-30,PT48S,175306,4832,56,youtube
프롬서희_20240828,망한 편의점 킨조젤리 5배 맛있게 먹기 Let's find the best of jelly,#shorts,프롬서희,2024-08-28,PT54S,326617,8676,70,youtube
프롬서희_20240827,편의점 킨조젤리 vs 오리지널 킨조젤리! 과연 비슷할까?,#shorts,프롬서희,2024-08-27,PT47S,481499,11326,140,youtube
프롬서희_20240825,퐁신퐁신한 망고 팬케이크 만들기,,프롬서희,2024-08-25,PT32S,86905,1718,63,youtube
프롬서희_20240823,2시간 만든 처참한 망고 크레페.. (+반전⭐️),#shorts,프롬서희,2024-08-23,PT46S,63573,1701,52,youtube
프롬서희_20240818,4가지 재료 만드는 초간단 무지개 와라비모찌,,프롬서희,2024-08-18,PT37S,827012,23840,96,youtube
프롬서희_20240817,전자레인지 돌리면 시럽이 생기는 레몬젤리,,프롬서희,2024-08-17,PT28S,191404,4203,41,youtube
프롬서희_20240816,일본가면 꼭 먹어야하는 대왕 우유팩 푸딩,,프롬서희,2024-08-16,PT40S,82635,2141,59,youtube
프롬서희_20240814,편의점 요아정 그릭요거트?! 오리지널처럼 맛있을까?,#shorts,프롬서희,2024-08-14,PT39S,102641,2124,36,youtube
프롬서희_20240813,편의점 요아정 디저트! 어떤게 가장 맛있을까?,#shorts,프롬서희,2024-08-13,PT49S,75131,2170,67,youtube
프롬서희_20240811,일본 100년 전통 베이커리의 어항 젤리?!🐟,,프롬서희,2024-08-11,PT48S,124645,4017,49,youtube
프롬서희_20240804,노브랜드 꼭 사야할 가성비 젤리? Korean Fruity Jelly Mukbang,#shorts,프롬서희,2024-08-04,PT47S,482259,11557,141,youtube
프롬서희_20240802,세븐일레븐 두바이 최고의 조합을 찾아서! Let's fine dubai chocolate's best,#shorts,프롬서희,2024-08-02,PT43S,80255,2053,50,youtube
프롬서희_20240801,편의점 3사 두바이 초콜렛 vs 오리지널 픽스 초콜렛,#shorts,프롬서희,2024-08-01,PT48S,718403,19082,108,youtube
프롬서희_20240730,편의점 가면 꼭 사야할 3D 과일젤리 Korean Convenience Store Jelly,#shorts #asmr #mukbang,프롬서희,2024-07-30,PT40S,297799,7890,128,youtube
프롬서희_20240729,요아정 1인분에 토핑 8개 추가했더니..,#먹방 #eatingshow #mukbang #koreanfood #yogurticecream #asmrsounds #asmr #shorts,프롬서희,2024-07-29,PT42S,116397,2621,43,youtube
프롬서희_20240727,일본가면 꼭 구매해야할 메론빵 스프레드 #ASMR,#shorts #japanesefood #asmr,프롬서희,2024-07-27,PT46S,74706,2007,55,youtube
프롬서희_20240724,일본가면 꼭 사와야하는 마시멜로우 모찌,,프롬서희,2024-07-24,PT32S,407730,11205,80,youtube
프롬서희_20240723,당근마켓 10만원에 파는 진짜!! 두바이 픽스 초콜렛!!,#shorts #fixchocolate #두바이초콜릿 #픽스초콜렛 #먹방,프롬서희,2024-07-23,PT47S,464122,12513,121,youtube
프롬서희_20240719,한정판 레몬 딕만스! 최고의 식감을 찾아서 Let's find Dickmanns's best texture,#shorts #mukbang #eatingshow #eatingsounds #asmr #asmrsounds,프롬서희,2024-07-19,PT43S,114938,3117,49,youtube
프롬서희_20240717,터트려먹는 물고기 코하쿠토🐟 @sweet_yup_sweet,,프롬서희,2024-07-17,PT34S,910992,19726,100,youtube
프롬서희_20240714,전자레인지 돌리면 시럽이 생기는 일본젤리,#shorts #일본젤리 #일본간식 #japanesefood #eatingshow,프롬서희,2024-07-14,PT44S,240725,7950,66,youtube
프롬서희_20240712,전자레인지 돌리면 시럽이 생기는 코하쿠토,,프롬서희,2024-07-12,PT39S,336209,8942,74,youtube
프롬서희_20240711,얼리면 10배 쫀득해지는 일본판 젤리블리?,,프롬서희,2024-07-11,PT31S,1427148,33190,170,youtube
프롬서희_20240709,CU 두바이스타일 초콜렛 10배 맛있게 만들기?,#먹방 #shorts,프롬서희,2024-07-09,PT45S,439129,9226,63,youtube
프롬서희_20240708,품절대란 CU 두바이초콜렛.. 찾을 수 있을까?,#shorts #두바이초콜릿 #cu두바이초콜렛 #cu두바이스타일초콜렛,프롬서희,2024-07-08,PT32S,71844,1990,79,youtube
프롬서희_20240707,퐁신 쫀득한 마시멜로우 젤리 케이크 만들기,#shorts,프롬서희,2024-07-07,PT38S,283458,9296,90,youtube
프롬서희_20240702,수세미처럼 생긴 카즈노코키싱 먹방,#카즈노코니싱 #청어알 #먹방 #mukbang #eatingshow #eatingsounds #food #koreanfood #shorts,프롬서희,2024-07-02,PT44S,129400,2487,66,youtube
프롬서희_20240630,일년만에 탕후루 빙수 리턴즈,,프롬서희,2024-06-30,PT36S,99925,2326,46,youtube
프롬서희_20240629,1000만 뷰 찍은 피라냐 물 먹방ㅋㅋㅋ,#shorts,프롬서희,2024-06-29,PT37S,100732,2896,70,youtube
프롬서희_20240627,87만 디저트 유튜버의 역대급 두바이 초콜렛 @seodam,,프롬서희,2024-06-27,PT54S,331123,8230,54,youtube
프롬서희_20240626,야키폰데링? 도넛탕후루? 일본 유행 막차 탑니다,#shorts #eatingshow #먹방 #일본간식 #야키폰데링 #焼きポンデリング #ポンデリング #japanesefood #japaneseculture #foodchallenge,프롬서희,2024-06-26,PT40S,84871,1950,51,youtube
프롬서희_20240622,쿠팡에서 구매한 떠먹는 두바이 소면 초콜렛..ㄷㄷ,,프롬서희,2024-06-22,PT39S,254127,4279,52,youtube
프롬서희_20240619,얼리면 10배 쫀득해지는 마시멜로우 케이크,#shorts,프롬서희,2024-06-19,PT54S,482527,14649,112,youtube
프롬서희_20240618,카다이프 대체 면 3가지 맞춰보세요! @thisis_eat_,#shorts,프롬서희,2024-06-18,PT53S,98118,1911,37,youtube
프롬서희_20240616,일본 킨조젤리 커피맛이 나왔다고?!,#킨조젤리 #일본간식 #mukbang #eatingshow #shorts,프롬서희,2024-06-16,PT47S,720444,13844,235,youtube
프롬서희_20240614,두바이 초콜릿 다음은 깨먹는 티라미수? @jeon_unni,#shorts #하트티라미수 #깨먹는티라미수 #더현대서울 #더현대팝업 #더현대디저트 #더현대맛집 #티라미수 #티라미수맛집 #디저트추천,프롬서희,2024-06-14,PT50S,227221,5319,83,youtube
프롬서희_20240612,틱톡에서 유행하는 설탕 제로 얼음 탕후루,#shorts #먹방 #탕후루 #냉동과일 #eatingshow #mukbang #koreanfood,프롬서희,2024-06-12,PT47S,110227,2624,55,youtube
프롬서희_20240605,부평 지하상가에 일본 킨조젤리가 있다고?! (+구독자이벤트⭐️),#킨조젤리 #shorts,프롬서희,2024-06-05,PT39S,183707,2818,100,youtube
프롬서희_20240603,냉동과일 + 얼음물 = 탕후루?!,,프롬서희,2024-06-03,PT39S,134445,3365,76,youtube
프롬서희_20240602,네이버 스토어에서 구매한 두바이 초콜렛?!,#shorts #dubai #dubaichocolate #두바이초콜릿 #koreanfood,프롬서희,2024-06-02,PT39S,345375,6222,62,youtube
프롬서희_20240601,쿠팡에서 구매한 두바이 초콜렛?!,,프롬서희,2024-06-01,PT39S,1436229,27794,228,youtube
프롬서희_20240529,만수르가 먹는 두바이 대추야자 초콜렛?,#shorts #두바이초콜릿 #koreanfood #eatingshow #dubai #dubaichocolate,프롬서희,2024-05-29,PT47S,61557,1277,38,youtube
프롬서희_20240528,신기한 우유팩 푸딩? 홋카이도 일본 푸딩?,#shorts #koreanfood #koreanconveniencestore #mukbang #eatingshow #편의점 #편의점신상,프롬서희,2024-05-28,PT43S,66862,1764,54,youtube
프롬서희_20240526,부산에서 찾은 일본 킨조젤리! 훨씬 싸잖아?!,#shorts,프롬서희,2024-05-26,PT47S,1346244,31677,276,youtube
프롬서희_20240525,광안리 한 가운데서 말아버린 아이브 해야,#ive #해야챌린지 #해야 #shorts,프롬서희,2024-05-25,PT18S,166320,3469,176,youtube
프롬서희_20240522,유행하는 두바이 초콜렛이 케이크로 나왔다고?,#shorts #두바이초콜릿 #mukbang #koreanfood #eatingshow #dubai #fixchocolate,프롬서희,2024-05-22,PT51S,101730,2215,85,youtube
프롬서희_20240520,요청 받은 두바이초콜렛 최고의 조합 찾아서~🍫,#shorts #dubai #fixchocolate,프롬서희,2024-05-20,PT55S,112794,2535,77,youtube
프롬서희_20240517,땅콩 소스 퓨전 두바이 초콜렛(?),#dubai #fixchocolate #recipe #두바이초콜릿 #먹방 #먹방asmr #mukbang #shorts,프롬서희,2024-05-17,PT45S,237833,5022,94,youtube
프롬서희_20240516,드보이켈러 최고의 식감은?! 얼려먹기 vs 구워먹기,,프롬서희,2024-05-16,PT48S,216767,5282,38,youtube
프롬서희_20240515,투명한 물이 들어있는 드보이켈러 초콜렛,#debeukelaer #germany #chocolate #mukbang #eatingshow #먹방 #먹방asmr #shorts,프롬서희,2024-05-15,PT40S,100037,2327,60,youtube
프롬서희_20240513,외국 언니들처럼 차 안에서 두바이초콜렛 먹방,#mukbang #dubai #fixchocolate #eatingshow #shorts,프롬서희,2024-05-13,PT37S,201405,4407,84,youtube
프롬서희_20240512,차안에서 두바이 초콜릿 먹방ASMR #fixchocolate,#mukbang #koreanfood #dubai #fixchocolate #픽스초콜렛 #먹방asmr #shorts,프롬서희,2024-05-12,PT44S,309656,5592,73,youtube
프롬서희_20240511,석류보다 맛있는 수제 망고 라바삭?! @seodam,#shorts #라바삭 #망고젤리 #라바삭먹방 #lavashak #eatingshow #mukbang,프롬서희,2024-05-11,PT50S,216610,4885,60,youtube
프롬서희_20240509,건조마시멜로우 멜로팝! 최고의 조합을 찾아서,#shorts #스낵스 #GS25 #건조마시멜로 #먹방 #먹방asmr #asmrsounds #mukbang,프롬서희,2024-05-09,PT50S,83297,2129,69,youtube
프롬서희_20240508,역대급 풍미 두바이 초콜릿 먹방 Fix chocolate mukbang,#shorts,프롬서희,2024-05-08,PT44S,212513,4875,75,youtube
프롬서희_20240507,해외에서 유행하는 두바이 초콜릿 만들기! Make Fix chocolate,#shorts #두바이 #두바이초콜릿 #초간단레시피 #fixchocolate #mukbang,프롬서희,2024-05-07,PT44S,864401,13898,114,youtube
프롬서희_20240506,하이젤리 최고의 식감은?! Let's find Hi-jelly's best texture,#킨죠젤리 #하이젤리 #mukbang #japanesefood #eatingshow #shorts,프롬서희,2024-05-06,PT49S,423172,10902,104,youtube
프롬서희_20240503,극강의 매운맛 챌린지🔥 베트남고추 치킨?ㄷㄷ,#치킨 #치킨추천 #60계 #60계치킨 #고추치킨 #하하핫치킨 #푸하핫치킨 #mukbang #koreanbbq #shorts,프롬서희,2024-05-03,PT47S,50482,1082,63,youtube
프롬서희_20240501,야매 동결건조 미니 딕만스! 역대급 식감🌟,#shorts #딕만스 #동결건조 #dickmanns #freezedried #chocolate #mukbang #eatingshow,프롬서희,2024-05-01,PT48S,73277,1561,50,youtube
프롬서희_20240430,킨조젤리 최고의 식감을 찾아서 Let's find Kinzojelly's best texture,#shorts #eatingshow #kinzojelly #kinzo #koreanmukbanger #korean #japanesefood #japanesesnack #mukbang,프롬서희,2024-04-30,PT53S,18738495,524180,3182,youtube
프롬서희_20240428,옛날 제리보다 쫀득한 일본 킨조젤리 Kinzojelly Eatingshow,#shorts #japanesefood #킨조젤리 #유행간식 #먹방,프롬서희,2024-04-28,PT42S,405050,10088,118,youtube
프롬서희_20240426,미니 딕만스 얼려먹기 vs 구워먹기,#shorts #koreanfood #먹방 #딕만스 #dickmanns,프롬서희,2024-04-26,PT46S,198725,4992,71,youtube
프롬서희_20240423,고수 러버들 난리나는 고수케이크,#고수케이크 #고수 #케이크 #koreanfood #mukbang #shorts,프롬서희,2024-04-23,PT44S,53406,1374,42,youtube
프롬서희_20240419,치즈폭포 사고펄 떡볶이ㅋㅋㅋ,#스텔라떡볶이 #스떡 #주현영떡볶이 #떡볶이맛집 #shorts,프롬서희,2024-04-19,PT49S,59603,1151,69,youtube
프롬서희_20240418,망고로 만든 초간단 깍두기 탕후루ㅋㅋㅋ,#shorts #깍두기탕후루 #탕후루,프롬서희,2024-04-18,PT45S,54018,1334,53,youtube
프롬서희_20240416,노을 강균성님께 극강의 신맛 보여드렸더니.. @soom281,#mukbang #세상에서제일신캔디 #신맛챌린지 #챌린지 #challenge #koreanfood #foodchallenge #shorts,프롬서희,2024-04-16,PT49S,59659,1591,44,youtube
프롬서희_20240414,원조보다 맛있는 중국젤리 라바삭,#shorts #라바삭 #lavashak #iranianfood #mukbang,프롬서희,2024-04-14,PT42S,120208,2821,66,youtube
프롬서희_20240412,까먹는 젤리에 이은 깨먹는 젤리?!,#위니비니 #젤리볼 #트레이더스추천 #트레이더스 #간식리뷰 #간식추천 #shorts,프롬서희,2024-04-12,PT44S,80327,1618,56,youtube
프롬서희_20240411,태극기 실타래 탕후루 만들기 @반달샘,,프롬서희,2024-04-11,PT33S,71546,1665,74,youtube
프롬서희_20240407,해외직구한 오리지널 찐 라바삭 먹방!!,#lavashak #mukbang #iran #라바삭 #먹방 #shorts,프롬서희,2024-04-07,PT40S,122285,2553,59,youtube
프롬서희_20240406,해외직구 오리지널 라바삭! 한장에 4만원..ㄷㄷ,#라바삭 #lavashak #iranianfood #iran #foodreview #shorts,프롬서희,2024-04-06,PT41S,145236,2863,47,youtube
프롬서희_20240405,먹방 유튜버의 킹받는 포켓몬댄스 #pokédance,#shorts #pokemon #challenge,프롬서희,2024-04-05,PT12S,99358,2107,122,youtube
프롬서희_20240403,직접 만든 딕만스 먹방asmr @bandalsaem,#딕만스 #koreanfood #dickmanns #mukbang #먹방asmr #shorts,프롬서희,2024-04-03,PT42S,81042,1791,49,youtube
프롬서희_20240402,3000kcal 대왕 크림빵 탕후루ㅋㅋㅋ,,프롬서희,2024-04-02,PT41S,149973,3521,104,youtube
프롬서희_20240401,수제 스모어쿠키 구워먹기 vs 얼려먹기,#shorts #mukbang #koreanfood #스모어쿠키,프롬서희,2024-04-01,PT47S,91432,2205,38,youtube
프롬서희_20240331,1500만개 판매된 수제 스모어쿠키?,,프롬서희,2024-03-31,PT36S,69270,2210,69,youtube
프롬서희_20240330,자몽탕후루 최고의 조합은? 불닭소스🔥,#shorts #koreanfood #mukbang #먹방,프롬서희,2024-03-30,PT49S,129931,3116,74,youtube
프롬서희_20240329,태국에선 망고를 소스 찍어 먹는다고?,#shorts #thailand #thailandfood #태국음식 #태국 #태국여행 #mukbang #먹방,프롬서희,2024-03-29,PT39S,68737,1680,58,youtube
프롬서희_20240327,신기한 태국 과일 5가지 맞춰보시오.(5점),#shorts,프롬서희,2024-03-27,PT53S,101059,2572,71,youtube
프롬서희_20240326,봄 신상 자몽탕후루!? 꿀자몽 맛이야..♥️,#달콤왕가탕후루 #달왕탕 #탕후루 #왕가탕후루 #왕가탕후루영통점 #자몽 #자몽탕후루 #shorts,프롬서희,2024-03-26,PT30S,196277,4147,154,youtube
프롬서희_20240325,인도네시아 탕후루 맛있을까?!,#shorts,프롬서희,2024-03-25,PT38S,82509,1697,72,youtube
프롬서희_20240324,1000원짜리 태국 전통 젤리? #lukchup,#thailand #lukchup #thailandfood #jelly #bangkok #shorts,프롬서희,2024-03-24,PT35S,124693,2899,58,youtube
프롬서희_20240323,세상에서 제일 신 캔디! 달샘이 먹여 봄ㅋㅋㅋ​ @반달샘,#먹방 #mukbang #challenge #koreanfood #eatingshow #shorts,프롬서희,2024-03-23,PT44S,109187,2861,112,youtube
프롬서희_20240322,초코 코팅된 페레로 링고아메,#koreanfood #korean #먹방 #탕후루 #shorts,프롬서희,2024-03-22,PT39S,73021,1730,45,youtube
프롬서희_20240321,45cm 초대형 딸기 파르페,#shorts,프롬서희,2024-03-21,PT48S,268469,7218,79,youtube
프롬서희_20240320,45cm 파르페 들고 춤추는 먹방 유튜바,#shorts,프롬서희,2024-03-20,PT26S,848930,17966,118,youtube
프롬서희_20240317,중국 천겹토스트에 버터를 싸 먹었더니? 반전⭐️,#중국간식 #천겹토스트 #천겹식빵 #중국 #chinesefood #mukbang #shorts,프롬서희,2024-03-17,PT46S,144179,3969,88,youtube
프롬서희_20240312,1시간 숙성한 쫄깃한 라바삭 @seodam,,프롬서희,2024-03-12,PT43S,345072,6780,75,youtube
프롬서희_20240310,대만인이 만든 현지 망고사고?!,#사고 #망고사고 #먹방 #음식리뷰 #koreanfood #shorts,프롬서희,2024-03-10,PT45S,87454,2604,58,youtube
프롬서희_20240309,"링고아메 불닭소스, 민트초코, 휘핑크림 뿌려먹기🍎",#링고아메 #사과탕후루 #탕후루 #먹방 #koreanfood #applecandy #mukbang #shorts,프롬서희,2024-03-09,PT43S,199068,4525,77,youtube
프롬서희_20240303,디저트 전문점 숙성한 사고! 맛있을까?!,#사고 #사고먹방 #홍콩식사고 #음식리뷰 #먹방 #shorts,프롬서희,2024-03-03,PT46S,122734,2550,38,youtube
프롬서희_20240229,터녹스 야매 동결건조가 될까?,#동결건조 #freezedried #mukbang #shorts,프롬서희,2024-02-29,PT31S,77539,1364,41,youtube
프롬서희_20240226,호불호 심한 콩나물 아이스크림..ㄷㄷ,#shorts,프롬서희,2024-02-26,PT35S,51555,1277,65,youtube
프롬서희_20240224,국내 최초 식용 네잎클로버 먹방,,프롬서희,2024-02-24,PT37S,46463,1186,103,youtube
프롬서희_20240223,터녹스 마시멜로우 얼려먹기 vs 구워먹기,,프롬서희,2024-02-23,PT50S,115345,2770,45,youtube
프롬서희_20240222,짭짤한 크리스탈 100배 맛있게 먹는 법,#mukbang #koreanfood #crystals #소금먹방 #먹방 #shorts,프롬서희,2024-02-22,PT34S,106940,2161,57,youtube
프롬서희_20240219,껍질 까먹는 곶감(?),,프롬서희,2024-02-19,PT34S,62783,1724,48,youtube
프롬서희_20240217,딕만스 마시멜로우 얼려먹기 vs 구워먹기,#딕만스 #마시멜로우 #mukbang #dickmanns #mashmellow #mukbang #koreanmukbanger #shorts,프롬서희,2024-02-17,PT53S,643052,14299,172,youtube
프롬서희_20240212,팝핑캔디 탕후루 40초 먹방asmr,#달콤왕가탕후루 #달왕탕 #탕후루 #왕가탕후루 #왕가탕후루수원영통점 #딸기탕후루 #팝핑캔디 #스트라이킹 #스트라이킹팝핑캔디 #팝핑탕후루 #shorts,프롬서희,2024-02-12,PT40S,87422,1334,69,youtube
프롬서희_20240210,국내 최초 식용 해마 탕후루ㅋㅋㅋ,#탕후루 #탕후루먹방 #mukbang #해마 #식용해마 #koreanfood #shorts,프롬서희,2024-02-10,PT24S,62101,1107,73,youtube
프롬서희_20240206,최애 수제 머랭쿠키 30초 먹방asmr,,프롬서희,2024-02-06,PT31S,54119,1396,57,youtube
프롬서희_20240205,특이한 중국간식 다 모아옴! 벽돌 모양 소화제..?!😱,#중국간식 #간식리뷰 #chinesefood #korean #mukbang #shorts,프롬서희,2024-02-05,PT49S,323330,5964,97,youtube
프롬서희_20240204,감자가 씹히는 대파크림 감자라떼..?,#신상리뷰 #음식리뷰 #빽다방 #신메뉴 #koreanfood #foodreview #shorts,프롬서희,2024-02-04,PT49S,74256,1660,41,youtube
프롬서희_20240202,레몬탕후루 극강의 신맛 3단계 챌린지,#탕후루 #레몬탕후루 #탕후루먹방 #koreanfood #shorts,프롬서희,2024-02-02,PT46S,179975,4357,113,youtube
프롬서희_20240131,탕후루 먹으면 스테이씨 포카를 준다고?!,#달콤왕가탕후루 #달왕탕 #탕후루 #탕후루먹방 #왕가탕후루 #왕가탕후루수원역점 #레몬탕후루 #shorts,프롬서희,2024-01-31,PT42S,89159,2066,89,youtube
프롬서희_20240129,짭짤한 크리스탈 30초 먹방asmr,,프롬서희,2024-01-29,PT30S,159862,3364,136,youtube
프롬서희_20240127,4300만 조회수 만든 장인의 탕후루?! @seodam,#탕후루 #탕후루먹방 #먹방 #부산맛집 #koreanfood #foodreview #shorts,프롬서희,2024-01-27,PT49S,819860,20818,173,youtube
프롬서희_20240126,부산 명물 깍두기 스무디?!,,프롬서희,2024-01-26,PT38S,101949,2783,79,youtube
프롬서희_20240124,제리 치즈케이크 30초 먹방asmr,#asmr #asmrsounds #mukbang #먹방asmr #먹방 #shorts,프롬서희,2024-01-24,PT28S,135318,3310,66,youtube
프롬서희_20240123,아이스 탕후루 최고의 조합을 찾아서,,프롬서희,2024-01-23,PT40S,78157,1712,46,youtube
프롬서희_20240122,초고가 식용 해마! 어떻게 먹어야 맛있을까요?,,프롬서희,2024-01-22,PT48S,70470,1412,104,youtube
프롬서희_20240120,요즘 난리난 엽떡 신상! 마라로제 떡볶이🔥,,프롬서희,2024-01-20,PT48S,521007,10059,88,youtube
프롬서희_20240119,얼린 수제 코하쿠토 30초 먹방asmr,,프롬서희,2024-01-19,PT28S,267664,5191,101,youtube
프롬서희_20240118,찹쌀떡을 붕어빵 팬에 넣었더니?!,,프롬서희,2024-01-18,PT42S,42460,854,42,youtube
프롬서희_20240117,일본 와라비모찌 전문점?! 맛있을까?! @냠사친,#일본 #일본디저트 #와라비모찌 #japanesefood #mukbang #foodreview #shorts,프롬서희,2024-01-17,PT41S,72698,2054,59,youtube
프롬서희_20240116,생활의 달인이 만든 실타래 케이크,,프롬서희,2024-01-16,PT44S,42192,1123,66,youtube
프롬서희_20240114,먹방 유튜버보다 먹방 잘하는 고양이🐱,,프롬서희,2024-01-14,PT30S,76685,1681,58,youtube
프롬서희_20240113,바삭 마시멜로우? 신기한 편의점 간식 다 털어옴,#koreanconveniencestore #mukbang #koreanfood #foodreview #shorts,프롬서희,2024-01-13,PT40S,100530,2239,49,youtube
프롬서희_20240112,초고급 새우 여러가지 국가 소스 먹방,,프롬서희,2024-01-12,PT46S,60772,1278,64,youtube
프롬서희_20240111,3만원 말린 새우 포! 새우 좋아하는 사람?🦐,,프롬서희,2024-01-11,PT34S,73482,1362,77,youtube
프롬서희_20240110,링도넛처럼 생긴 개성주악 30초 먹방asmr,,프롬서희,2024-01-10,PT30S,87225,2145,54,youtube
프롬서희_20240109,겨울 딸기 탕후루 30초 먹방asmr,,프롬서희,2024-01-09,PT29S,154237,2998,127,youtube
프롬서희_20240106,프랑스 수제젤리 40초 먹방asmr,#asmr #mukbang #먹방asmr #수제젤리 #간식리뷰 #koreanfood #shorts,프롬서희,2024-01-06,PT40S,778777,14517,186,youtube
프롬서희_20240104,댓글 읽으며 점토 마시멜로우 구워먹기🔥,,프롬서희,2024-01-04,PT41S,80920,1621,76,youtube
프롬서희_20240102,레몬탕후루 다 먹을 수 있는 사람 손!✋🏻,#레몬탕후루 #탕후루 #챌린지 #먹방 #shorts,프롬서희,2024-01-02,PT46S,159409,3533,148,youtube
프롬서희_20240101,가래떡 탕후루 네가지 소스를 맞춰보시오.,,프롬서희,2024-01-01,PT45S,117653,2677,303,youtube
프롬서희_20231231,붕어빵 탕후루 3가지 맛 맞춰보시오.(5점),,프롬서희,2023-12-31,PT35S,108455,2154,190,youtube
프롬서희_20231230,강원도 고구마 탕후루와 붕어빵 탕후루,#탕후루 #탕후루먹방 #간식리뷰 #mukbang #shorts,프롬서희,2023-12-30,PT46S,102498,2398,86,youtube
프롬서희_20231227,신기한 태국 간식 이모티콘 먹방 #thailand 🇹🇭,,프롬서희,2023-12-27,PT40S,69344,1746,47,youtube
프롬서희_20231223,크리스마스 마켓 역대급 구황작물 빵!!,,프롬서희,2023-12-23,PT42S,91580,2477,63,youtube
프롬서희_20231222,드디어 동생한테 맛있는거 먹여봤습니다ㅋㅋㅋ,#유키모찌 #젤모찌 #간식리뷰 #신사맛집 #신사역 #koreanfood #mukbang #shorts,프롬서희,2023-12-22,PT49S,87215,1944,39,youtube
프롬서희_20231221,9천원짜리 초고가 팝핑 애플캔디?!🍎,#애플캔디 #탕후루 #크리스마스마켓 #shorts,프롬서희,2023-12-21,PT47S,95968,2385,69,youtube
프롬서희_20231219,100만 조회수 역대급 수제 젤리,,프롬서희,2023-12-19,PT41S,1009440,21309,104,youtube
프롬서희_20231218,광주에만 파는 신기한 닭발 떡볶이?!,#1913송정역시장 #송정역시장 #광주송정역 #광주송정역세르네상스 #광주 #광주여행 #광주맛집 #맛집리뷰 #shorts #광주송정역세권상권르네상스,프롬서희,2023-12-18,PT51S,64447,1763,70,youtube
프롬서희_20231215,기름에 절인 바나나 과자? 인도네시아 간식🇮🇩,#인도네시아 #인도네시아음식 #indonesian #indonesia #indonesianfood #mukbang #음식리뷰 #shorts,프롬서희,2023-12-15,PT57S,81811,1787,62,youtube
프롬서희_20231214,역대급 겨울 신상 떴다!! 골드키위 탕후루,#달콤왕가탕후루 #달왕탕 #왕가탕후루 #왕가탕후루수원영통점 #키위탕후루 #골드키위 #골드키위탕후루 #탕후루 #shorts,프롬서희,2023-12-14,PT40S,75120,1995,65,youtube
프롬서희_20231213,신기한 일본 시나몬 애플캔디?!,#애플캔디 #applecandy #링고아메 #탕후루 #통사과탕후루 #shorts,프롬서희,2023-12-13,PT36S,71960,1479,66,youtube
프롬서희_20231212,혜화에 있는 통 말차 링고아메? 애플캔디,#링고아메 #애플캔디 #applecandy #koreanfood #혜화맛집 #shorts,프롬서희,2023-12-12,PT45S,149508,3380,51,youtube
프롬서희_20231211,먹는 탕후루 스노우볼 케이크?!,#케이크 #이색음식 #신기한간식 #shorts #크리스마스 #HolidaysWithShorts,프롬서희,2023-12-11,PT50S,103926,0,77,youtube
프롬서희_20231208,세상에서 제일 매운 젤리! 동생 뇌절 옴ㅋㅋㅋ,#세상에서제일매운젤리 #젤리 #shorts,프롬서희,2023-12-08,PT45S,137920,3285,56,youtube
프롬서희_20231207,산타 복장하고 산타 탕후루 먹기ㅋㅋㅋ🎅🏻,#달콤왕가탕후루 #달왕탕 #탕후루 #왕가탕후루 #왕가탕후루수원망포점 #탕후루먹방 #산타탕후루 #shorts,프롬서희,2023-12-07,PT47S,136569,3314,110,youtube
프롬서희_20231202,동생에게 사워피클볼 먹여 봄ㅋㅋㅋ,#사워피클볼 #간식리뷰 #간식먹방 #먹방 #sourpickleballs #mukbang #shorts,프롬서희,2023-12-02,PT45S,193291,4604,105,youtube
프롬서희_20231128,양갱으로 만든 신기한 롤 케이크?!,#신기한간식 #간식리뷰 #음식리뷰 #양갱 #koreanfood #koreantraditionalfood #mukbang #shorts,프롬서희,2023-11-28,PT48S,135130,3305,92,youtube
프롬서희_20231127,보석같은 생과일 구슬 젤리?!💎,#mukbang #젤리 #수제젤리 #short,프롬서희,2023-11-27,PT50S,337306,8101,134,youtube
프롬서희_20231126,탕후루 사고 먹방asmr 통귤 미쳤다..,#탕후루 #사고 #젼언니사고 #탕후루먹방 #mukbang #korean #koreanfood #shorts,프롬서희,2023-11-26,PT46S,98435,2504,80,youtube
프롬서희_20231124,4시간 숙성한 탕후루 사고! 맛있을까?,,프롬서희,2023-11-24,PT52S,636670,18018,177,youtube
프롬서희_20231123,1시간 숙성한 망고사고 맛있을까?,#shorts,프롬서희,2023-11-23,PT48S,210110,6006,110,youtube
프롬서희_20231122,요즘 유행하는 망고 사고 만들기!? 숙성 필쑤⭐️,#shorts,프롬서희,2023-11-22,PT46S,358956,10453,86,youtube
프롬서희_20231120,4만원짜리 일본 과일 젤리?! 2탄!,#일본간식 #일본 #일본음식 #간식리뷰 #먹방 #japanesefood #japan #shorts,프롬서희,2023-11-20,PT44S,147061,3497,58,youtube
프롬서희_20231119,물방울 젤리 같은 일본 과일 젤리?!,#shorts,프롬서희,2023-11-19,PT52S,314537,7527,113,youtube
프롬서희_20231116,왕가탕후루 초! 신상 키위 탕후루?!🥝,#달콤왕가탕후루 #달왕탕 #탕후루 #왕가탕후루 #왕가탕후루수원영통점 #키위탕후루 #그린키위 #탕후루먹방 #shorts,프롬서희,2023-11-16,PT45S,293662,7140,184,youtube
프롬서희_20231113,호불호 심한 아이스 탕후루 먹방 모음,#탕후루 #탕후루먹방 #mukbang #먹방asmr #먹방 #koreanfood #icesweetcandy #shorts,프롬서희,2023-11-13,PT59S,154851,3206,66,youtube
프롬서희_20231113,산리오 덕후들 난리나는 일본 키티모찌🎀,#일본 #키티 #산리오 #키티모찌 #japanesefood #japanese #mukbang #shorts,프롬서희,2023-11-13,PT40S,125519,4037,112,youtube
프롬서희_20231112,오레오 콕콕 박혀있는 역대급 머랭쿠키,#달콤왕가탕후루 #달왕탕 #왕가탕후루광교점 #머랭 #머랭쿠키 #코하쿠토 #왕가탕후루머랭쿠키 #왕가탕후루코하쿠토 #먹방 #mukbang #shorts,프롬서희,2023-11-12,PT53S,189198,5442,91,youtube
프롬서희_20231111,탕후루 많이 먹으면 당뇨에 걸릴까?,#shorts,프롬서희,2023-11-11,PT42S,204442,6045,150,youtube
프롬서희_20231110,인절미 가루가 없는 인절미 떡?,,프롬서희,2023-11-10,PT40S,304501,6326,77,youtube
프롬서희_20231109,먹는 방부제(?) 핑거라임 먹방asmr,#mukbang #먹방asmr #먹방 #핑거라임 #shorts,프롬서희,2023-11-09,PT42S,128117,3128,102,youtube
프롬서희_20231107,100% 고백 성공하는 막대과자 탕후루,"지금 배민B마트 공식 인스타그램에서 '내맘내꾸 이벤트' 진행중이래요! 참여하고 상품권 득템 가즈아~! https://www.instagram.com/p/CzSXxTFPIjA/  ✅ B마트는 서비스 지역에서만 이용 가능하며  일부 행정동에서는 이용이 어려울 수 있습니다. ✅ 지역에 따라 일부 상품은 품절될 수 있습니다.  📍B마트 운영시간 : 매일 9:00 ~ 24:00 📍B마트 서비스 지역 (23년 9월 기준) : 서울, 김포, 일산, 부천, 분당, 성남, 인천, 용인, 수원, 시흥, 안성, 안양, 동탄, 오산, 평택, 대전, 성남, 천안, 고양, 송도, 의정부, 부산 진구, 대구 달서, 파주, 하남, 청주상당 & 청주 홍덕, 군포, 구리, 대구 북구&수성&중구, 울산 남구, 부산 해운대 & 사하 & 동래구, 김해, 창원, 원주, 인천용현, 대전서구 (더 많은 지역으로 확장 준비 중이니 조금만 기다려주세요!)   #배민B마트 #1111내맘내꾸 #B마트 #배달의민족 #shorts",프롬서희,2023-11-07,PT55S,105904,2311,65,youtube
프롬서희_20231106,떡볶이 소스 없는 떡볶이?!,,프롬서희,2023-11-06,PT41S,1174576,24973,325,youtube
프롬서희_20231104,구황작물 빵 2탄! 옥수수빵 넘 귀엽다..🌽,#간식리뷰 #빵 #구황작물빵 #먹방 #mukbang #koreanfood #shorts,프롬서희,2023-11-04,PT57S,460466,8623,96,youtube
프롬서희_20231103,구황작물 빵?! 파빵은 또 처음이네ㅋㅋㅋ,,프롬서희,2023-11-03,PT46S,963974,19933,191,youtube
프롬서희_20231101,올 겨울 간식은 이 영상으로 종결합니다.,#편의점디저트 #편의점간식 #편의점신상 #gs25 #gs25디저트 #디저트핫플 #편의점냉동디저트 #가장춥지만가장핫한곳 #shorts,프롬서희,2023-11-01,PT58S,119959,3115,60,youtube
프롬서희_20231030,진짜 감자튀김이 있는 감자튀김 빵?!🍟,#shorts,프롬서희,2023-10-30,PT43S,89762,2385,44,youtube
프롬서희_20231027,탕후루 인간이 좋아하는 탕후루 임티 먹방asmr,#탕후루 #탕후루먹방 #먹방asmr #mukbang #shorts,프롬서희,2023-10-27,PT59S,203577,4826,211,youtube
프롬서희_20231024,대학 축제에서 탕후루 무료로 나눠준다고?!,#탕후루 #탕후루먹방 #달콤왕가탕후루 #왕가탕후루 #shorts,프롬서희,2023-10-24,PT44S,429369,11157,119,youtube
프롬서희_20231023,떡 안에 소스가 들어있는 역볶이?!,,프롬서희,2023-10-23,PT41S,922067,18675,231,youtube
프롬서희_20231022,쿠카멜론 단면 드디어 공개! (+탕후루까지),,프롬서희,2023-10-22,PT55S,398967,9997,155,youtube
프롬서희_20231019,세상에서 제일 작은 수박?! 쿠카멜론🍉,,프롬서희,2023-10-19,PT41S,479405,10298,277,youtube
프롬서희_20231018,통귤 탕후루 vs 귤 탕후루! 탕후루좌 선택은?,#귤탕후루 #통귤탕후루 #왕가탕후루 #탕후루먹방 #먹방asmr #mukbang #shorts,프롬서희,2023-10-18,PT59S,537275,11683,303,youtube
프롬서희_20231017,구독자 추천해준 이모티콘 먹방🍜,#이모티콘먹방 #먹방 #mukbang #먹어달라는거먹어드려요 #shorts,프롬서희,2023-10-17,PT55S,197048,4411,106,youtube
프롬서희_20231016,껍질째 먹는 신기한 일본 캬라멜?!,#일본간식 #일본음식 #간식리뷰 #shorts,프롬서희,2023-10-16,PT50S,177542,4464,62,youtube
프롬서희_20231015,껍질째 먹는 초미니 모찌,,프롬서희,2023-10-15,PT41S,596948,13332,126,youtube
프롬서희_20231014,구독자님 요청 이모티콘 먹방 (지옥에서 온 꿀젤리),#이모티콘먹방 #꿀젤리 #mukbang #emojimukbang #mukbang #shorts,프롬서희,2023-10-14,PT57S,463185,10387,395,youtube
프롬서희_20231012,물먹방좌와 탕후루 종류별로 먹어보기! @자곰ASMR,#탕후루 #탕후루먹방 #먹방asmr #달콤왕가탕후루 #왕가탕후루 #mukbang #shorts,프롬서희,2023-10-12,PT51S,619678,14347,281,youtube
프롬서희_20231011,신상 통귤탕후루! 가성비 대박인데?ㅋㅋㅋ,#달콤왕가탕후루 #달왕탕 #왕가탕후루세종소담점 #탕후루 #왕가탕후루 #통귤탕후루 #귤탕후루 #탕후루분리수거 #shorts,프롬서희,2023-10-11,PT46S,170635,4436,195,youtube
프롬서희_20231010,쫀드기 탕후루? 이색 탕후루 오마카세 2탄,,프롬서희,2023-10-10,PT41S,826856,16224,117,youtube
프롬서희_20231009,2만원짜리 이색 탕후루 오마카세?!,,프롬서희,2023-10-09,PT57S,289199,6708,125,youtube
프롬서희_20231008,밤새고 탕후루빙수 먹으러 온 사람ㅋㅋㅋ나야~,,프롬서희,2023-10-08,PT43S,335413,9460,111,youtube
프롬서희_20231005,신기한 중국 통조림! 역대급 기름 줄줄..,#중국간식 #중국음식 #음식리뷰 #mukbang #먹방asmr #shorts,프롬서희,2023-10-05,PT44S,456097,8805,411,youtube
프롬서희_20231003,편의점 롤업젤리 vs 원조 롤업젤리 어떻게 다를까?!,,프롬서희,2023-10-03,PT51S,860042,20190,211,youtube
프롬서희_20231002,가족 앞에서 추석 음식 탕후루 만들때 반응ㅋㅋㅋ,#탕후루 #탕후루먹방 #탕후루만들기 #mukbang #shorts,프롬서희,2023-10-02,PT49S,511976,14621,135,youtube
프롬서희_20230930,요즘 핫한 탕후루 취화채 만들기!ㅋㅋㅋ,,프롬서희,2023-09-30,PT56S,191867,4582,130,youtube
프롬서희_20230930,추석 큰집에서 탕후루 먹방 찍으면 생기는 일ㅋㅋㅋ,,프롬서희,2023-09-30,PT52S,568745,16114,168,youtube
프롬서희_20230929,"송편 탕후루, 한우 산적 탕후루 먹방ㅋㅋㅋ",#탕후루 #탕후루먹방 #mukbang #shorts #추석 #추석특집,프롬서희,2023-09-29,PT48S,1078576,22397,616,youtube
프롬서희_20230928,5만원짜리 초고가 구미첼 탕후루,#구미첼 #구미첼먹방 #탕후루 #탕후루먹방 #asmrsounds #shorts,프롬서희,2023-09-28,PT41S,688902,16834,404,youtube
프롬서희_20230926,서울우유 크림라떼로 1000번 흔드는 아이스크림 도전?,#서울우유 #초코크림라떼 #솔티드크림라떼  부드럽고 단짠단짠 맛이 매력적인 서울우유 크림라떼는 편의점에서 구매 가능!  도전정신 강한 친구들은 이 크림라떼로 아이스크림 만들어보는거 어때?!ㅋㅋㅋㅋ🔥  - 서울우유 유료광고를 진행하며 무상으로 제공받은 제품을 활용하고 있습니다.  - 크림라떼 2종 구매처: 편의점  #간식리뷰 #간식먹방 #shorts #챌린지,프롬서희,2023-09-26,PT54S,300148,5141,90,youtube
프롬서희_20230925,일본 구미첼 vs 편의점 구미첼 비교해봄,#구미첼 #구미첼먹방 #간식리뷰 #간식먹방 #shorts,프롬서희,2023-09-25,PT54S,815237,21612,184,youtube
프롬서희_20230924,태국 동결건조 과일 먹방ASMR 🇹🇭,#동결건조 #동결건조과일 #먹방asmr #asmrsounds #간식먹방 #태국 #thailand #mukbang #shorts,프롬서희,2023-09-24,PT57S,429108,9547,120,youtube
프롬서희_20230923,가지로 펭귄 탕후루 만들기ㅋㅋㅋ @반달샘,,프롬서희,2023-09-23,PT47S,150832,2616,64,youtube
프롬서희_20230922,중국슈퍼에서 중국 아이스크림 먹어봄,,프롬서희,2023-09-22,PT48S,945611,19052,508,youtube
프롬서희_20230921,GS25 크림까눌레 X 갤럭시 스튜디오 신박한 조합?!,#GS25 #GS25디저트 #편의점디저트 #편의점인기템 #디저트 #갤럭시Z플립 #갤럭시Z폴드 #크림까눌레 #디저트추천 #디저트핫플 #shorts,프롬서희,2023-09-21,PT58S,108713,1905,44,youtube
프롬서희_20230920,천상의 맛 두리안 탕후루 만들기!!,#탕후루 #탕후루먹방 #탕후루만들기 #먹방asmr #두리안 #두리안탕후루 #shorts,프롬서희,2023-09-20,PT55S,255934,6250,136,youtube
프롬서희_20230917,솜사탕후루! 극강의 단맛..ㄷㄷ,,프롬서희,2023-09-17,PT48S,661679,16985,242,youtube
프롬서희_20230915,2만원짜리 초고가 일본 푸딩,#일본 #일본간식 #일본푸딩 #푸딩 #간식리뷰 #shorts,프롬서희,2023-09-15,PT45S,691912,17548,144,youtube
프롬서희_20230914,요즘 탕후루 쓰레기 문제가 심각하다는데..,#탕후루 #탕후루먹방 #먹방asmr #달콤왕가탕후루 #왕가탕후루 #달왕탕 #망고탕후루 #shorts #왕가탕후루한티역점,프롬서희,2023-09-14,PT43S,854679,19275,275,youtube
프롬서희_20230912,요즘 핫한 실타래 탕후루 만들기,,프롬서희,2023-09-12,PT29S,569463,0,144,youtube
프롬서희_20230911,2만원짜리 한국판 구미첼?!,#구미첼 #구미첼먹방 #간식리뷰 #신상간식 #음식리뷰 #shorts,프롬서희,2023-09-11,PT49S,517554,11549,133,youtube
프롬서희_20230910,바삭한 치킨 탕후루🍗ㅋㅋㅋ 팔아도 되겠는데?,#치킨 #치킨추천 #치킨플러스 #두마리같은한마리치킨주세요 #치킨맛집 #shorts #탕후루 #탕후루만들기,프롬서희,2023-09-10,PT48S,266298,5360,162,youtube
프롬서희_20230909,헤리포터 옷 입고 코하쿠토 먹방asmr 💎,#코하쿠토 #먹방 #mukbang #먹방asmr #kohakuto #shorts,프롬서희,2023-09-09,PT58S,308117,7827,221,youtube
프롬서희_20230906,향긋한 오이탕후루 만들기! 왜 맛있지..?,#탕후루 #탕후루먹방 #먹방asmr #먹방 #탕후루만들기 #mukbang #tanghulu #shorts,프롬서희,2023-09-06,PT45S,177442,4291,115,youtube
프롬서희_20230904,새벽에 차 안에서 복숭아 탕후루 먹방ㅋㅋㅋ,,프롬서희,2023-09-04,PT43S,785043,20135,207,youtube
프롬서희_20230903,바삭한 일본간식 이모티콘 먹방asmr,#이모티콘먹방 #먹방asmr #mukbang #asmrsounds #shorts,프롬서희,2023-09-03,PT48S,179322,4077,107,youtube
프롬서희_20230901,야채 탕후루 비하인드.. 유통기한이 ㄷㄷ,#탕후루 #탕후루먹방 #mukbang #먹방asmr #shorts,프롬서희,2023-09-01,PT39S,347562,7837,69,youtube
프롬서희_20230831,몸에 좋은 야채 탕후루 오마카세 @bandalsaem,#탕후루 #탕후루먹방 #먹방asmr #mukbang #shorts,프롬서희,2023-08-31,PT45S,362507,8660,96,youtube
프롬서희_20230829,신기한 코르크 물 먹방ㅋㅋㅋ(?),#shorts #물먹방 #신기한음식 #먹방asmr #mukbang #asmrsounds,프롬서희,2023-08-29,PT38S,12393733,123074,659,youtube
프롬서희_20230826,요즘 탕후루 먹기 힘든 이유..,#탕후루 #탕후루먹방 #mukbang #shorts,프롬서희,2023-08-26,PT44S,483030,11571,160,youtube
프롬서희_20230825,유통기한 지난 태국 망고 찰밥..🥭,#태국 #태국여행 #먹방 #망고밥 #mukbang #shorts,프롬서희,2023-08-25,PT47S,248183,6154,75,youtube
프롬서희_20230822,망고탕후루? 왕가탕후루 역대급 신상 나왔다!!🥭,#탕후루 #탕후루먹방 #간식먹방 #간식리뷰 #왕가탕후루 #달콤왕가탕후루 #달왕탕 #망고탕후루 #shorts,프롬서희,2023-08-22,PT44S,785815,19439,360,youtube
프롬서희_20230820,사진 찍으러 갔다가 탕후루 먹고 옴ㅋㅋㅋ,#탕후루 #탕후루먹방 #mukbang #shorts,프롬서희,2023-08-20,PT39S,226089,6337,82,youtube
프롬서희_20230817,새콤달콤 귤 탕후루 먹방 모음🍊,,프롬서희,2023-08-17,PT59S,182902,3993,150,youtube
프롬서희_20230817,젤리블리 신상 또 나왔다! 납작복숭아 맛🍑,#젤리블리 #간식먹방 #간식리뷰 #먹방asmr #납작복숭아 #shorts,프롬서희,2023-08-17,PT37S,142578,4584,74,youtube
프롬서희_20230815,탕후루 케이크!🎂 생일 축하해줄게~,,프롬서희,2023-08-15,PT42S,171650,4926,152,youtube
프롬서희_20230814,탕후루 빙수 이은 탕후루 아이스크림?!,#탕후루 #탕후루먹방 #탕후루asmr #먹방asmr #asmrsounds #mukbang #short,프롬서희,2023-08-14,PT34S,199134,5279,90,youtube
프롬서희_20230812,딸기탕후루 먹방 모음 🍓,#탕후루 #탕후루먹방 #먹방asmr #탕후루모음 #mukbang #shorts,프롬서희,2023-08-12,PT54S,225470,4965,190,youtube
프롬서희_20230811,탕후루 무지개색 이모티콘 먹방asmr 🌈,#탕후루 #탕후루먹방 #mukbang #shorts,프롬서희,2023-08-11,PT41S,258867,6230,177,youtube
프롬서희_20230809,닭발 튀겨 만든 인도네시아 과자?!🇮🇩,,프롬서희,2023-08-09,PT40S,158469,3861,106,youtube
프롬서희_20230808,복숭아 탕후루가 새로 나왔다고?!🍑,#탕후루 #왕가탕후루 #달콤왕가탕후루 #탕후루먹방 #복숭아탕후루 #shorts,프롬서희,2023-08-08,PT46S,848996,22909,533,youtube
프롬서희_20230807,신기한 인도네시아 과일 먹방asmr 🇮🇩,#인도네시아 #동남아 #동남아과일 #신기한과일 #신기한음식 #mukbang #asmrsounds #asmr #shorts,프롬서희,2023-08-07,PT53S,2595553,43469,583,youtube
프롬서희_20230806,중국 마라소스 크로플 어때?ㅋㅋㅋ🇨🇳,#mukbang #중국간식 #중국소스 #먹방 #shorts,프롬서희,2023-08-06,PT39S,235804,5501,66,youtube
프롬서희_20230805,크로플에 민트초코 소스+마요네즈 뿌려먹기?,#mukbang #간식먹방 #소스먹방 #먹방asmr #먹방 #shorts,프롬서희,2023-08-05,PT37S,228490,6647,54,youtube
