KEYWORD_ID,KEYWORD_NAME,KEYWORDUP,REP_KEYWORD_ID,REP_KEYWORD_NAME
1,먹방,452,1,먹방
2,간식,299,2,간식
3,디저트,276,3,디저트
4,레시피,133,4,레시피
5,케이크,123,5,케이크
6,초콜릿,117,6,초콜릿
7,신기한간식,114,7,신기한간식
8,요거트,100,8,요거트
9,요리,88,9,요리
10,베이킹,67,10,베이킹
11,두바이초콜릿맛집,61,11,두바이초콜릿맛집
12,음식,60,12,음식
13,야식,46,13,야식
14,국수,44,14,국수
15,과일,43,15,과일
16,빵,42,16,빵
17,엽기떡볶이,38,17,엽기떡볶이
18,탕후루,38,18,탕후루
19,아이스크림,37,19,아이스크림
20,치즈,37,20,치즈
21,밥,36,21,밥
22,라면,35,22,라면
23,피자,34,23,피자
24,맛집,33,24,맛집
25,연어,32,25,연어
26,치킨,28,26,치킨
27,식사,25,27,식사
28,쫀득쿠키,23,28,쫀득쿠키
29,제품,23,29,제품
30,편의점,23,30,편의점
31,과자,23,31,과자
32,우유,23,32,우유
33,초코,23,33,초코
34,젤리,22,34,젤리
35,고추,22,35,고추
36,크리스마스간식,21,36,크리스마스간식
37,파스타,20,37,파스타
38,김치,20,38,김치
39,버거,20,39,버거
40,떡,19,40,떡
41,생크림,19,41,생크림
42,요구르트,18,42,요구르트
43,수박,18,43,수박
44,쫀득,18,44,쫀득
45,추성훈스테이크,18,45,추성훈스테이크
46,계란,17,46,계란
47,고기,17,47,고기
48,일본통조림,16,48,일본통조림
49,소스,16,49,소스
50,메뉴,16,50,메뉴
51,머랭쿠키,14,51,머랭쿠키
52,버터,14,52,버터
53,소세지,14,53,소세지
54,닭발,14,54,닭발
55,감자,14,55,감자
56,살,14,56,살
57,양파,13,57,양파
58,찹쌀떡,13,58,찹쌀떡
59,찜,13,59,찜
60,사과,12,60,사과
61,오징어,12,61,오징어
62,삼겹살,12,62,삼겹살
63,불닭,12,63,불닭
64,마카롱,12,64,마카롱
65,먹기,12,65,먹기
66,딸기,12,66,딸기
67,음료,12,67,음료
68,흑백요리사,11,68,흑백요리사
69,사비,11,69,사비
70,만두,11,70,만두
71,쿠키,11,71,쿠키
72,사탕,11,72,사탕
73,중국식빵,10,73,중국식빵
74,게장,10,74,게장
75,가지,10,75,가지
76,빙수,10,76,빙수
77,불닭볶음면,10,77,불닭볶음면
78,커피,10,78,커피
79,도넛,10,79,도넛
80,바나나,10,80,바나나
81,맛,10,81,맛
82,비빔면,10,82,비빔면
83,콜라,10,83,콜라
84,빵추천,9,84,빵추천
85,다이어트식단,9,85,다이어트식단
86,젤라또,9,86,젤라또
87,해산물,9,87,해산물
88,토마토,9,88,토마토
89,토스트,9,89,토스트
90,티라미수,9,90,티라미수
91,당근,9,91,당근
92,간장,9,92,간장
93,귤,9,93,귤
94,짜장면,9,94,짜장면
95,먹스타그램,8,95,먹스타그램
96,성심당무화과,8,96,성심당무화과
97,팝콘,8,97,팝콘
98,아시,8,98,아시
99,입맛,8,99,입맛
100,베이커리,8,100,베이커리
101,피스타치오,8,101,피스타치오
102,스타벅스,8,102,스타벅스
103,케익,8,103,케익
104,깨,8,104,깨
105,배,8,105,배
106,병,8,106,병
107,튀김,8,107,튀김
108,샌드위치,8,108,샌드위치
109,퐁당,8,109,퐁당
110,떡볶이밀키트,7,110,떡볶이밀키트
111,떡볶이asmr,7,110,떡볶이밀키트
112,마시멜로우먹방,7,112,마시멜로우먹방
113,글리터,7,113,글리터
114,백종원,7,114,백종원
115,석류,7,115,석류
116,크로와상,7,116,크로와상
117,볶음,7,117,볶음
118,붕어빵,7,118,붕어빵
119,옥수수,7,119,옥수수
120,타코야끼,7,120,타코야끼
121,통귤,7,121,통귤
122,두부,7,122,두부
123,시리얼,7,123,시리얼
124,고구마,7,124,고구마
125,깍두기,7,125,깍두기
126,꼬치,7,126,꼬치
127,마트,7,127,마트
128,짜파게티,7,128,짜파게티
129,엽떡토핑,6,129,엽떡토핑
130,마인크래프트치킨,6,130,마인크래프트치킨
131,순대,6,131,순대
132,파리바게트,6,132,파리바게트
133,빼빼로,6,133,빼빼로
134,채소,6,134,채소
135,맥도날드,6,135,맥도날드
136,곱창,6,136,곱창
137,달걀,6,137,달걀
138,술,6,138,술
139,버블티,6,139,버블티
140,시럽,6,140,시럽
141,오리,6,141,오리
142,식감,6,142,식감
143,돼지,6,143,돼지
144,복숭아,6,144,복숭아
145,사이다,6,145,사이다
146,쌈,6,146,쌈
147,칩,6,147,칩
148,포도,6,148,포도
149,계란후라이,6,149,계란후라이
150,땅콩,6,150,땅콩
151,마늘,6,151,마늘
152,버섯,6,152,버섯
153,베이컨,6,153,베이컨
154,파인애플,6,154,파인애플
155,필수,6,155,필수
156,스윗믹스젤리,5,156,스윗믹스젤리
157,선크림,5,157,선크림
158,스웨디쉬젤리,5,158,스웨디쉬젤리
159,일본간식먹방,5,159,일본간식먹방
160,코스,5,160,코스
161,제주도먹방,5,161,제주도먹방
162,스시,5,162,스시
163,훠궈,5,163,훠궈
164,통닭,5,164,통닭
165,샐러드,5,165,샐러드
166,육포,5,166,육포
167,메론빵,5,167,메론빵
168,곶감,5,168,곶감
169,분식,5,169,분식
170,냉면,5,170,냉면
171,갈비,5,171,갈비
172,맥주,5,172,맥주
173,스낵,5,173,스낵
174,식당,5,174,식당
175,신맛,5,175,신맛
176,올리브영,5,176,올리브영
177,재료,5,177,재료
178,취,5,178,취
179,츄러스,5,179,츄러스
180,끼,5,180,끼
181,베,5,181,베
182,새우,5,182,새우
183,설탕,5,183,설탕
184,와플,5,184,와플
185,코코넛,5,185,코코넛
186,핫도그,5,186,핫도그
187,성심당시루케이크,4,187,성심당시루케이크
188,핫팟,4,188,핫팟
189,대왕쿠키,4,189,대왕쿠키
190,경기도맛집,4,190,경기도맛집
191,뷔페꿀팁,4,191,뷔페꿀팁
192,초간단요리,4,192,초간단요리
193,이탈리아음식,4,193,이탈리아음식
194,비빔밥,4,194,비빔밥
195,닭가슴살,4,195,닭가슴살
196,숯불얼음구이,4,196,숯불얼음구이
197,수빙수쌈장게장,4,197,수빙수쌈장게장
198,김장,4,198,김장
199,삼계탕,4,199,삼계탕
200,마시기,4,200,마시기
201,야채,4,201,야채
202,고등어,4,202,고등어
203,에스프레소,4,203,에스프레소
204,배스킨라빈스추천,4,204,배스킨라빈스추천
205,카스타드,4,205,카스타드
206,롯데리아,4,206,롯데리아
207,가래떡,4,207,가래떡
208,양념치킨,4,208,양념치킨
209,대추야자,4,209,대추야자
210,구이,4,210,구이
211,마요네즈,4,211,마요네즈
212,머랭,4,212,머랭
213,생선,4,213,생선
214,식품,4,214,식품
215,구우,4,215,구우
216,자몽,4,216,자몽
217,주스,4,217,주스
218,케찹,4,218,케찹
219,쿄호,4,219,쿄호
220,쿡,4,220,쿡
221,한우,4,221,한우
222,햄,4,222,햄
223,햇반,4,223,햇반
224,회,4,224,회
225,콘치,4,225,콘치
226,레몬에이드,4,226,레몬에이드
227,밀크,4,227,밀크
228,쥬스,4,228,쥬스
229,먹음,4,229,먹음
230,코스트코,4,230,코스트코
231,배라,3,231,배라
232,성심당케익부띠끄,3,232,성심당케익부띠끄
233,풋롱쿠키,3,233,풋롱쿠키
234,밥솥,3,234,밥솥
235,탄 푸루 모방,3,235,탄 푸루 모방
236,빵 굽기,3,236,빵 굽기
237,대왕컵떡볶이,3,237,대왕컵떡볶이
238,교촌치킨신메뉴,3,238,교촌치킨신메뉴
239,고추바사삭,3,239,고추바사삭
240,펄볶이리뷰,3,240,펄볶이리뷰
241,먹방asmr,3,241,먹방asmr
242,라이스페이퍼요리,3,242,라이스페이퍼요리
243,김말이,3,243,김말이
244,파이,3,244,파이
245,육수,3,245,육수
246,머그,3,246,머그
247,오므라이스,3,247,오므라이스
248,크레페,3,248,크레페
249,대게,3,249,대게
250,수세미,3,250,수세미
251,매실장아찌,3,251,매실장아찌
252,국밥집,3,252,국밥집
253,카카오,3,253,카카오
254,스프,3,254,스프
255,단백,3,255,단백
256,연유,3,256,연유
257,다이닝,3,257,다이닝
258,어묵,3,258,어묵
259,가요,3,259,가요
260,급식,3,260,급식
261,대파,3,261,대파
262,도시락,3,262,도시락
263,고래밥,3,263,고래밥
264,머스켓,3,264,머스켓
265,소주,3,265,소주
266,시식,3,266,시식
267,장어,3,267,장어
268,한판,3,268,한판
269,고춧가루,3,269,고춧가루
270,구매,3,270,구매
271,라멘,3,271,라멘
272,스무디,3,272,스무디
273,식용,3,273,식용
274,식이,3,274,식이
275,야끼소바,3,275,야끼소바
276,양갱,3,276,양갱
277,엿,3,277,엿
278,작물,3,278,작물
279,콩나물,3,279,콩나물
280,포켓몬빵,3,280,포켓몬빵
281,홈플러스,3,281,홈플러스
282,닭강정,3,282,닭강정
283,유부초밥,3,283,유부초밥
284,육즙,3,284,육즙
285,정식,3,285,정식
286,카레,3,286,카레
287,갓,3,287,갓
288,껌,3,288,껌
289,낫또,3,289,낫또
290,호박,3,290,호박
291,족발,3,291,족발
292,참치,3,292,참치
293,캔,3,293,캔
294,해먹,3,294,해먹
295,먹스나님,3,295,먹스나님
296,우동,3,296,우동
297,정수기,3,297,정수기
298,퍼먹는,3,298,퍼먹는
299,킨조젤리만들기,2,299,킨조젤리만들기
300,일본초밥,2,300,일본초밥
301,응급실떡볶이,2,301,응급실떡볶이
302,구데타마간식,2,302,구데타마간식
303,과육,2,303,과육
304,조리사,2,304,조리사
305,피쉬,2,305,피쉬
306,집밥,2,306,집밥
307,치즈 미스,2,307,치즈 미스
308,양파 보일,2,308,양파 보일
309,푸딩,2,309,푸딩
310,서울푸드,2,310,서울푸드
311,롯데리아장어버거,2,206,롯데리아
312,인스타음식,2,312,인스타음식
313,에이블리간식,2,313,에이블리간식
314,냉동식품,2,314,냉동식품
315,간장게장먹방,2,315,간장게장먹방
316,현지인맛집,2,316,현지인맛집
317,인도네시아요리,2,317,인도네시아요리
318,미국mz간식,2,318,미국mz간식
319,브라질치즈빵,2,319,브라질치즈빵
320,일본칼디,2,320,일본칼디
321,치즈케이크레시피,2,321,치즈케이크레시피
322,라면끓이는법,2,322,라면끓이는법
323,이사장수건케이크,2,323,이사장수건케이크
324,간장계란밥,2,324,간장계란밥
325,상해맛집추천,2,325,상해맛집추천
326,찜닭,2,326,찜닭
327,중국인먹방,2,327,중국인먹방
328,후라이푸딩,2,328,후라이푸딩
329,샤인머스켓디저트,2,329,샤인머스켓디저트
330,요아정토핑,2,330,요아정토핑
331,마곡역맛집,2,331,마곡역맛집
332,프랑스간식,2,332,프랑스간식
333,일본당고,2,333,일본당고
334,10만원라면,2,334,10만원라면
335,대파감자라떼,2,335,대파감자라떼
336,멕시코간식,2,336,멕시코간식
337,타이페이맛집,2,337,타이페이맛집
338,오토김밥,2,338,오토김밥
339,병조림,2,339,병조림
340,불닭마요연어깍두기정식,2,340,불닭마요연어깍두기정식
341,육회칼빔면,2,341,육회칼빔면
342,롤업스젤리,2,342,롤업스젤리
343,식단,2,343,식단
344,야자나무,2,344,야자나무
345,밀카,2,345,밀카
346,호두,2,346,호두
347,과즙,2,347,과즙
348,립싱크,2,348,립싱크
349,소보로빵,2,349,소보로빵
350,오일,2,350,오일
351,울산쫀드기,2,351,울산쫀드기
352,타르트,2,352,타르트
353,뷔페,2,353,뷔페
354,비상식량,2,354,비상식량
355,아보카도,2,355,아보카도
356,오믈렛,2,356,오믈렛
357,허니버터칩,2,357,허니버터칩
358,감초,2,358,감초
359,견과류,2,359,견과류
360,닭다리,2,360,닭다리
361,돈코츠,2,361,돈코츠
362,모야,2,362,모야
363,모짜렐라,2,363,모짜렐라
364,알콜,2,364,알콜
365,양배추,2,365,양배추
366,유사,2,366,유사
367,인절미,2,367,인절미
368,잔,2,368,잔
369,전문점,2,369,전문점
370,크랜베리,2,370,크랜베리
371,터트려먹는,2,371,터트려먹는
372,파바,2,372,파바
373,파파야,2,373,파파야
374,퐁듀,2,374,퐁듀
375,푸드,2,375,푸드
376,풍선껌,2,376,풍선껌
377,던킨,2,377,던킨
378,동파육,2,378,동파육
379,멸치,2,379,멸치
380,와인,2,380,와인
381,윤기,2,381,윤기
382,구찌,2,382,구찌
383,굴,2,383,굴
384,녹말,2,384,녹말
385,된장,2,385,된장
386,맛동산,2,386,맛동산
387,모카,2,387,모카
388,사료,2,388,사료
389,생수,2,389,생수
390,수산시장,2,390,수산시장
391,수확,2,391,수확
392,식탐,2,392,식탐
393,이케아,2,393,이케아
394,주먹밥,2,394,주먹밥
395,짬뽕,2,395,짬뽕
396,탕맛,2,396,탕맛
397,투게더,2,397,투게더
398,포카,2,398,포카
399,꽈리,2,399,꽈리
400,소라빵,2,400,소라빵
401,크리스피크림,2,36,크리스마스간식
402,페티,2,402,페티
403,낙지,2,403,낙지
404,미역,2,404,미역
405,뼈,2,405,뼈
406,삼각김밥,2,406,삼각김밥
407,초코퐁당,1,407,초코퐁당
408,초코초꾸떡,1,408,초코초꾸떡
409,말차라떼,1,409,말차라떼
410,플라이밀쉐이크,1,410,플라이밀쉐이크
411,맛있는조합,1,411,맛있는조합
412,코코아밤,1,412,코코아밤
413,훠궈#하이디라오,1,413,훠궈#하이디라오
414,일본패스트푸드,1,414,일본패스트푸드
415,젯데리아메뉴,1,415,젯데리아메뉴
416,돼지김치찜레시피,1,416,돼지김치찜레시피
417,밥도둑,1,417,밥도둑
418,부산삼시세끼,1,418,부산삼시세끼
419,택시기사맛집,1,419,택시기사맛집
420,먹방브이로그,1,420,먹방브이로그
421,시식코너고기,1,421,시식코너고기
422,팥빙젤라또파르페,1,422,팥빙젤라또파르페
423,메가커피추천,1,423,메가커피추천
424,컵빙수추천,1,424,컵빙수추천
425,누드와인,1,425,누드와인
426,알리오올리오레시피,1,426,알리오올리오레시피
427,무제한소고기,1,427,무제한소고기
428,호텔식샤브뷔페,1,428,호텔식샤브뷔페
429,가족외식,1,429,가족외식
430,뷔페추천,1,430,뷔페추천
431,고급튀김,1,431,고급튀김
432,벽돌초콜릿케이크,1,432,벽돌초콜릿케이크
433,교촌치킨오마카세,1,238,교촌치킨신메뉴
434,신맛챌린지,1,434,신맛챌린지
435,연어날치알마요,1,435,연어날치알마요
436,광어회,1,436,광어회
437,깻잎막회,1,437,깻잎막회
438,날치알막회,1,438,날치알막회
439,차슈,1,439,차슈
440,전자레인지음식,1,440,전자레인지음식
441,푸딩만들기,1,441,푸딩만들기
442,영화관간식,1,442,영화관간식
443,대만뱀피자,1,443,대만뱀피자
444,어니언칩,1,444,어니언칩
445,부페,1,445,부페
446,추성훈맛집,1,45,추성훈스테이크
447,유튜브간식,1,447,유튜브간식
448,후라이드치킨,1,328,후라이푸딩
449,비비큐치킨,1,449,비비큐치킨
450,발렌타인데이초콜릿,1,450,발렌타인데이초콜릿
451,생딸기듬뿍우유생크림,1,451,생딸기듬뿍우유생크림
452,스트로베리말차가나슈,1,452,스트로베리말차가나슈
453,피자헛신상,1,453,피자헛신상
454,피자헛추천메뉴,1,453,피자헛신상
455,설리당과일,1,455,설리당과일
456,떡볶이랜덤토핑,1,110,떡볶이밀키트
457,#중국수건케이크,1,457,#중국수건케이크
458,두찜,1,458,두찜
459,푸드트럭,1,459,푸드트럭
460,신당동떡볶이과자,1,460,신당동떡볶이과자
461,캐비어알밥,1,461,캐비어알밥
462,정지선셰프,1,462,정지선셰프
463,소금빵,1,463,소금빵
464,마시멜로우스모어초콜릿,1,464,마시멜로우스모어초콜릿
465,스탠리텀블러꿀팁,1,465,스탠리텀블러꿀팁
466,삼겹김치전,1,466,삼겹김치전
467,폭식로그,1,467,폭식로그
468,맥주추천,1,468,맥주추천
469,강서구맛집,1,469,강서구맛집
470,술잘마시는법,1,470,술잘마시는법
471,콰트로미트피자,1,471,콰트로미트피자
472,떡기계,1,472,떡기계
473,튀르키예간식,1,473,튀르키예간식
474,재난식량,1,474,재난식량
475,일본스시맛집,1,475,일본스시맛집
476,쿠키만드는법,1,476,쿠키만드는법
477,제주공항근처맛집,1,477,제주공항근처맛집
478,추억의간식,1,478,추억의간식
479,떡볶이사고펄,1,110,떡볶이밀키트
480,치킨플러스,1,480,치킨플러스
481,카오빙리우즈,1,481,카오빙리우즈
482,왕가탕후루신메뉴,1,482,왕가탕후루신메뉴
483,먹방유튜버,1,483,먹방유튜버
484,먹는풍선,1,484,먹는풍선
485,산낙지먹방,1,485,산낙지먹방
486,걸작떡볶이치킨,1,486,걸작떡볶이치킨
487,스윗마라치킨,1,487,스윗마라치킨
488,타피오카펄먹방,1,488,타피오카펄먹방
489,삼미식당,1,489,삼미식당
490,대만연어초밥,1,490,대만연어초밥
491,먹뱉,1,491,먹뱉
492,다식,1,492,다식
493,대세레드치킨,1,493,대세레드치킨
494,무상협찬,1,494,무상협찬
495,허니립밤!,1,495,허니립밤!
496,튀르,1,496,튀르
497,이달의맛,1,497,이달의맛
498,드은,1,498,드은
499,스네이크,1,499,스네이크
500,풀무,1,500,풀무
501,수분,1,501,수분
502,GS25#스윗벚꽃젤리샤베트,1,502,GS25#스윗벚꽃젤리샤베트
503,바스켓팝콘,1,503,바스켓팝콘
504,먹견,1,504,먹견
505,코카콜라,1,505,코카콜라
506,생파,1,506,생파
507,오픈피드,1,507,오픈피드
508,블린더초콜렛,1,508,블린더초콜렛
509,꿀떡,1,509,꿀떡
510,해묵,1,510,해묵
511,마시멜로우크림치즈케이크,1,511,마시멜로우크림치즈케이크
512,바찌바찌,1,512,바찌바찌
513,닭밝,1,513,닭밝
514,에너지드링크추천,1,514,에너지드링크추천
515,해각포,1,515,해각포
516,육회바른연어,1,516,육회바른연어
517,두릅,1,517,두릅
518,짜파게티콘테스트,1,128,짜파게티
519,밥솥카스테라,1,519,밥솥카스테라
520,달걀볶음밥,1,520,달걀볶음밥
521,봉구스밥버거,1,521,봉구스밥버거
522,젖병음료,1,522,젖병음료
523,감자튀김,1,523,감자튀김
524,나비엔보일라면,1,524,나비엔보일라면
525,문방구간식,1,525,문방구간식
526,불닭팽이쌈,1,526,불닭팽이쌈
527,랭킹닭컴,1,527,랭킹닭컴
528,잇메이트,1,528,잇메이트
529,60계치킨,1,529,60계치킨
530,짜장계란치킨,1,530,짜장계란치킨
531,마시멜로스프레드,1,112,마시멜로우먹방
532,개구리알,1,532,개구리알
533,간물,1,533,간물
534,홋카이도 치즈 케이크,1,534,홋카이도 치즈 케이크
535,구미,1,535,구미
536,추천 #메론프라푸치노,1,536,추천 #메론프라푸치노
537,멜론 빵,1,537,멜론 빵
538,오레오 레코페,1,538,오레오 레코페
539,반짝임,1,539,반짝임
540,일본 음식,1,540,일본 음식
541,도키 우드,1,541,도키 우드
542,도쿄 미식가,1,542,도쿄 미식가
543,페이스트블,1,543,페이스트블
544,대만간식asmr,1,544,대만간식asmr
545,과일 콘 피트,1,545,과일 콘 피트
546,러시아어,1,546,러시아어
547,끓는점,1,547,끓는점
548,고깃집,1,548,고깃집
549,문어,1,549,문어
550,아침식사,1,550,아침식사
551,알밤,1,551,알밤
552,치마,1,552,치마
553,치실,1,553,치실
554,케비어,1,554,케비어
555,팥빙프라페,1,555,팥빙프라페
556,겹겹이,1,556,겹겹이
557,냠사친,1,557,냠사친
558,동물농장,1,558,동물농장
559,모과,1,559,모과
560,반찬,1,560,반찬
561,쁘띠첼,1,561,쁘띠첼
562,소면,1,562,소면
563,스쿱,1,563,스쿱
564,스테비,1,564,스테비
565,약혐주,1,565,약혐주
566,오카,1,566,오카
567,인삼,1,567,인삼
568,잡채,1,568,잡채
569,제과,1,569,제과
570,죠스,1,570,죠스
571,칠리,1,571,칠리
572,콩가루,1,572,콩가루
573,쿄효젤리,1,573,쿄효젤리
574,쿠카,1,574,쿠카
575,텀블러,1,575,텀블러
576,토핑된,1,576,토핑된
577,해장,1,577,해장
578,후렌치,1,578,후렌치
579,고다,1,579,고다
580,던킨도너츠,1,580,던킨도너츠
581,만둣국,1,581,만둣국
582,반상,1,582,반상
583,보양식,1,583,보양식
584,상차림,1,584,상차림
585,손맛,1,585,손맛
586,쇼핑,1,586,쇼핑
587,스니커즈,1,587,스니커즈
588,일식,1,588,일식
589,제육,1,589,제육
590,쫀맛,1,590,쫀맛
591,고간,1,591,고간
592,고오스,1,592,고오스
593,귤밭,1,593,귤밭
594,내기,1,594,내기
595,누룽지,1,595,누룽지
596,도토리묵,1,596,도토리묵
597,돈까스,1,597,돈까스
598,돼지껍데기,1,598,돼지껍데기
599,레스토랑,1,599,레스토랑
600,막걸리,1,600,막걸리
601,맛탕,1,601,맛탕
602,매운탕,1,602,매운탕
603,먹어봣다,1,603,먹어봣다
604,물라,1,604,물라
605,물컵,1,605,물컵
606,바오밥,1,606,바오밥
607,밥투정,1,607,밥투정
608,상추,1,608,상추
609,셰프,1,609,셰프
610,수제비,1,610,수제비
611,스팸떡,1,611,스팸떡
612,식중독,1,612,식중독
613,아몬드,1,613,아몬드
614,아침밥,1,614,아침밥
615,전기밥솥,1,615,전기밥솥
616,전어,1,616,전어
617,조리기구,1,617,조리기구
618,조리법,1,618,조리법
619,중식,1,619,중식
620,찬물,1,620,찬물
621,청포묵,1,621,청포묵
622,취사,1,622,취사
623,취한,1,623,취한
624,케첩,1,624,케첩
625,간식유튜버,1,625,간식유튜버
626,걸레,1,626,걸레
627,계란노른자,1,627,계란노른자
628,과유,1,628,과유
629,녹차,1,629,녹차
630,다시마,1,630,다시마
631,대식,1,631,대식
632,데스,1,632,데스
633,뚝배기,1,633,뚝배기
634,라핑탕,1,634,라핑탕
635,마끼아또,1,635,마끼아또
636,맛나,1,636,맛나
637,맛남샌드,1,637,맛남샌드
638,매실,1,638,매실
639,맥심,1,639,맥심
640,머핀,1,640,머핀
641,먹어봤슈,1,641,먹어봤슈
642,밀키스,1,642,밀키스
643,바비,1,643,바비
644,분량,1,644,분량
645,분유,1,645,분유
646,상품,1,646,상품
647,샤베트,1,647,샤베트
648,오븐,1,648,오븐
649,유듀바들,1,649,유듀바들
650,이유식,1,650,이유식
651,입욕,1,651,입욕
652,절임,1,652,절임
653,접시,1,653,접시
654,취할까,1,654,취할까
655,카페라떼,1,655,카페라떼
656,컨,1,656,컨
657,케로로빵,1,657,케로로빵
658,크림브륄레,1,658,크림브륄레
659,티백,1,659,티백
660,페페,1,660,페페
661,평소,1,661,평소
662,포테이토,1,662,포테이토
663,홍시,1,663,홍시
664,모밀,1,664,모밀
665,조개,1,665,조개
666,쫄면,1,666,쫄면
667,곰탕,1,667,곰탕
668,궁뎅,1,668,궁뎅
669,꽈자,1,669,꽈자
670,보리차,1,670,보리차
671,보쌈,1,671,보쌈
672,복,1,672,복
673,브레드,1,673,브레드
674,사발면,1,674,사발면
675,사시미,1,675,사시미
676,소시,1,676,소시
677,스폰지밥,1,677,스폰지밥
678,오뚜기,1,678,오뚜기
679,츠카,1,679,츠카
680,치맥,1,680,치맥
681,크런키,1,681,크런키
682,파가,1,682,파가
683,프라이,1,683,프라이
684,피리,1,684,피리
685,핫팩,1,685,핫팩
686,홍어,1,686,홍어
687,고자,1,687,고자
688,골뱅이,1,688,골뱅이
689,김치냉장고,1,689,김치냉장고
690,럭키,1,690,럭키
691,레베카,1,691,레베카
692,머치,1,692,머치
693,먹어보쟈,1,693,먹어보쟈
694,메이드,1,694,메이드
695,명란젓,1,695,명란젓
696,모나리자,1,696,모나리자
697,물건,1,697,물건
698,물의,1,698,물의
699,부대찌개,1,699,부대찌개
700,비스킷,1,700,비스킷
701,생활비,1,701,생활비
702,스튜,1,702,스튜
703,식기세척기,1,703,식기세척기
704,식성,1,704,식성
705,야자수,1,705,야자수
706,엿먹으,1,706,엿먹으
707,오리너구리,1,707,오리너구리
708,일상,1,708,일상
709,입충,1,709,입충
710,저녁,1,710,저녁
711,조식,1,711,조식
712,치민,1,712,치민
713,케잌,1,713,케잌
714,크레이프,1,714,크레이프
715,파자마파티,1,715,파자마파티
716,파채,1,716,파채
717,팥죽,1,717,팥죽
718,훈제,1,718,훈제
719,까르보불닭,1,719,까르보불닭
720,두산베어스,1,720,두산베어스
721,로투스도넛,1,721,로투스도넛
722,부추,1,722,부추
723,키친,1,723,키친
724,푸팟퐁커리,1,724,푸팟퐁커리
725,키위,2,725,키위
726,스위즐스,1,726,스위즐스
727,동결건조,2,727,동결건조
728,통대창,1,728,통대창
729,초콜렛,5,729,초콜렛
730,레몬,1,730,레몬
731,솔트워터,1,731,솔트워터
732,노각무침,1,732,노각무침
733,망고,3,733,망고
734,보일링어니언,1,734,보일링어니언
735,코하쿠토,1,735,코하쿠토
736,파니포포,1,736,파니포포
737,라바샥,5,737,라바샥
738,마시멜로우,1,112,마시멜로우먹방
739,마라탕,2,739,마라탕
740,핵아이셔,2,740,핵아이셔
741,메론킷,1,741,메론킷
742,밤,1,742,밤
743,메로나,1,743,메로나
744,플러프잼,1,744,플러프잼
745,모찌,2,745,모찌
746,파삭,2,746,파삭
747,샤인머스캣,2,329,샤인머스켓디저트
