STATS_ID,KEYWORD_ID,STATS_DATE,size,KEYWORD_NAME,type,priority
1,191,2022-07-06,1,하이디라오,NNG,9999
2,384,2022-07-18,1,라이,NNG,5000
3,135,2022-09-07,1,요리,NNG,9999
4,229,2022-09-20,1,계란,NNG,5000
5,90,2022-09-21,1,사과,NNG,9999
6,157,2022-09-23,1,카페라떼,NNG,9999
7,38,2022-09-24,1,레시피,NNG,9999
8,374,2022-09-30,1,라면,NNG,5000
9,163,2022-10-08,1,쿠키,NNG,9999
10,950,2022-10-11,1,토마토,NNG,5000
11,127,2022-10-14,1,에스프레소,NNG,9999
12,341,2022-10-16,1,도넛,NNG,5000
13,90,2022-10-24,1,사과,NNG,9999
14,61,2022-10-26,1,먹방,NNG,9999
15,1011,2022-11-04,1,푸딩,NNG,5000
16,1011,2022-11-17,1,푸딩,NNG,5000
17,509,2022-11-21,1,버터,NNG,5000
18,689,2022-11-25,1,야쿠르트,NNG,5000
19,977,2022-11-25,1,파스타,NNG,5000
20,562,2023-01-03,1,사탕,NNG,5000
21,587,2023-01-10,1,석류,NNG,5000
22,25,2023-01-12,1,동결건조,NNG,9999
23,723,2023-01-18,1,오이,NNG,5000
24,25,2023-01-25,1,동결건조,NNG,9999
25,25,2023-02-15,1,동결건조,NNG,9999
26,880,2023-02-17,1,카라멜,NNG,5000
27,58,2023-04-02,1,맥도날드,NNG,9999
28,25,2023-04-13,1,동결건조,NNG,9999
29,798,2023-04-19,1,젤리,NNG,5000
30,728,2023-04-24,1,옥수수,NNG,5000
31,46,2023-04-29,1,마시멜로,NNG,9999
32,25,2023-05-02,1,동결건조,NNG,9999
33,270,2023-05-03,1,기프,NNG,5000
34,65,2023-05-12,1,메론빵,NNG,9999
35,175,2023-05-12,1,탕후루,NNG,9999
36,56,2023-05-17,1,망고,NNG,9999
37,25,2023-05-27,1,동결건조,NNG,9999
38,191,2023-05-30,1,하이디라오,NNG,9999
39,198,2023-05-31,1,훠궈,NNG,9999
40,798,2023-06-01,1,젤리,NNG,5000
41,175,2023-06-02,1,탕후루,NNG,9999
42,109,2023-06-03,1,수박,NNG,9999
43,109,2023-06-04,2,수박,NNG,9999
44,89,2023-06-05,1,뻥튀기,NNG,9999
45,25,2023-06-06,1,동결건조,NNG,9999
46,30,2023-06-07,1,딸기,NNG,9999
47,89,2023-06-10,1,뻥튀기,NNG,9999
48,1011,2023-06-17,1,푸딩,NNG,5000
49,175,2023-06-20,1,탕후루,NNG,9999
50,175,2023-06-29,1,탕후루,NNG,9999
51,25,2023-07-10,1,동결건조,NNG,9999
52,845,2023-07-12,1,초코,NNG,5000
53,25,2023-07-14,1,동결건조,NNG,9999
54,175,2023-07-17,1,탕후루,NNG,9999
55,473,2023-07-24,1,밀크,NNG,5000
56,628,2023-08-08,1,스크림,NNG,5000
57,207,2023-08-21,1,간식,NNG,5000
58,60,2023-08-22,1,머랭쿠키,NNG,9999
59,207,2023-08-24,1,간식,NNG,5000
60,207,2023-09-03,1,간식,NNG,5000
61,207,2023-09-04,1,간식,NNG,5000
62,61,2023-09-06,1,먹방,NNG,9999
63,207,2023-09-07,1,간식,NNG,5000
64,109,2023-09-14,1,수박,NNG,9999
65,923,2023-09-23,1,크로,NNG,5000
66,874,2023-09-24,1,치킨,NNG,5000
67,606,2023-09-26,1,수세미,NNG,5000
68,175,2023-09-28,1,탕후루,NNG,9999
69,207,2023-10-01,1,간식,NNG,5000
70,61,2023-10-03,1,먹방,NNG,9999
71,61,2023-10-05,1,먹방,NNG,9999
72,46,2023-10-21,1,마시멜로,NNG,9999
73,870,2023-10-29,1,치즈,NNG,5000
74,207,2023-10-31,1,간식,NNG,5000
75,414,2023-11-03,1,마쉬멜로우,NNG,5000
76,207,2023-11-09,1,간식,NNG,5000
77,207,2023-11-11,1,간식,NNG,5000
78,46,2023-11-12,1,마시멜로,NNG,9999
79,207,2023-11-15,1,간식,NNG,5000
80,207,2023-11-18,1,간식,NNG,5000
81,206,2023-11-22,1,가지,NNG,5000
82,798,2023-11-23,1,젤리,NNG,5000
83,229,2023-11-26,1,계란,NNG,5000
84,207,2023-11-27,1,간식,NNG,5000
85,61,2023-11-28,1,먹방,NNG,9999
86,56,2023-12-04,1,망고,NNG,9999
87,123,2023-12-04,1,약과,NNG,9999
88,207,2023-12-04,1,간식,NNG,5000
89,25,2023-12-06,2,동결건조,NNG,9999
90,95,2023-12-06,1,샤인머스캣,NNG,9999
91,511,2023-12-06,1,베리,NNG,5000
92,923,2023-12-06,1,크로,NNG,5000
93,61,2023-12-07,1,먹방,NNG,9999
94,85,2023-12-07,1,붕어빵,NNG,9999
95,61,2023-12-08,1,먹방,NNG,9999
96,46,2023-12-09,1,마시멜로,NNG,9999
97,175,2023-12-09,1,탕후루,NNG,9999
98,890,2023-12-09,1,캔디,NNG,5000
99,511,2023-12-10,1,베리,NNG,5000
100,890,2023-12-10,1,캔디,NNG,5000
101,999,2023-12-10,1,포도,NNG,5000
102,12,2023-12-11,1,꼬치,NNG,9999
103,890,2023-12-11,1,캔디,NNG,5000
104,85,2023-12-12,1,붕어빵,NNG,9999
105,90,2023-12-12,1,사과,NNG,9999
106,798,2023-12-12,1,젤리,NNG,5000
107,798,2023-12-13,1,젤리,NNG,5000
108,25,2023-12-14,1,동결건조,NNG,9999
109,175,2023-12-14,1,탕후루,NNG,9999
110,511,2023-12-14,1,베리,NNG,5000
111,798,2023-12-14,1,젤리,NNG,5000
112,30,2023-12-15,1,딸기,NNG,9999
113,250,2023-12-15,1,과자,NNG,5000
114,364,2023-12-15,1,땅콩,NNG,5000
115,562,2023-12-15,2,사탕,NNG,5000
116,56,2023-12-16,1,망고,NNG,9999
117,229,2023-12-16,1,계란,NNG,5000
118,763,2023-12-16,1,이게찐,NNG,5000
119,890,2023-12-16,1,캔디,NNG,5000
120,207,2023-12-17,1,간식,NNG,5000
121,220,2023-12-17,1,개구리,NNG,5000
122,435,2023-12-17,1,매운맛,NNG,5000
123,2,2023-12-19,1,계란빵,NNG,9999
124,798,2023-12-19,1,젤리,NNG,5000
125,1011,2023-12-19,1,푸딩,NNG,5000
126,229,2023-12-21,1,계란,NNG,5000
127,206,2023-12-23,1,가지,NNG,5000
128,207,2023-12-24,1,간식,NNG,5000
129,46,2023-12-25,1,마시멜로,NNG,9999
130,895,2023-12-28,1,케이,NNG,5000
131,30,2023-12-29,1,딸기,NNG,9999
132,366,2023-12-30,1,떡볶이,NNG,5000
133,870,2023-12-31,1,치즈,NNG,5000
134,175,2024-01-01,1,탕후루,NNG,9999
135,207,2024-01-02,1,간식,NNG,5000
136,61,2024-01-05,1,먹방,NNG,9999
137,83,2024-01-05,1,불닭,NNG,9999
138,628,2024-01-08,1,스크림,NNG,5000
139,30,2024-01-09,1,딸기,NNG,9999
140,61,2024-01-09,1,먹방,NNG,9999
141,249,2024-01-10,1,과일,NNG,5000
142,46,2024-01-11,1,마시멜로,NNG,9999
143,61,2024-01-11,1,먹방,NNG,9999
144,249,2024-01-11,1,과일,NNG,5000
145,62,2024-01-12,1,먹스타그램,NNG,9999
146,207,2024-01-12,1,간식,NNG,5000
147,312,2024-01-12,1,다이소,NNG,5000
148,175,2024-01-13,1,탕후루,NNG,9999
149,312,2024-01-13,1,다이소,NNG,5000
150,175,2024-01-14,1,탕후루,NNG,9999
151,61,2024-01-15,2,먹방,NNG,9999
152,325,2024-01-15,1,당고,NNG,5000
153,25,2024-01-16,1,동결건조,NNG,9999
154,61,2024-01-16,1,먹방,NNG,9999
155,175,2024-01-17,1,탕후루,NNG,9999
156,798,2024-01-17,1,젤리,NNG,5000
157,891,2024-01-19,1,커피,NNG,5000
158,65,2024-01-20,1,메론빵,NNG,9999
159,564,2024-01-20,1,산낙지,NNG,5000
160,173,2024-01-21,1,타피오카,NNG,9999
161,30,2024-01-22,1,딸기,NNG,9999
162,25,2024-01-23,1,동결건조,NNG,9999
163,366,2024-01-24,1,떡볶이,NNG,5000
164,61,2024-01-26,1,먹방,NNG,9999
165,45,2024-01-28,1,마라탕,NNG,9999
166,175,2024-01-29,1,탕후루,NNG,9999
167,376,2024-01-31,1,라바,NNG,5000
168,794,2024-01-31,1,제품,NNG,5000
169,25,2024-02-01,1,동결건조,NNG,9999
170,61,2024-02-03,1,먹방,NNG,9999
171,1010,2024-02-04,1,푸드,NNG,5000
172,175,2024-02-05,1,탕후루,NNG,9999
173,955,2024-02-05,1,통닭,NNG,5000
174,1010,2024-02-05,1,푸드,NNG,5000
175,1010,2024-02-07,1,푸드,NNG,5000
176,30,2024-02-08,1,딸기,NNG,9999
177,1011,2024-02-08,1,푸딩,NNG,5000
178,30,2024-02-09,1,딸기,NNG,9999
179,443,2024-02-09,1,메뉴,NNG,5000
180,25,2024-02-10,1,동결건조,NNG,9999
181,61,2024-02-10,1,먹방,NNG,9999
182,366,2024-02-10,1,떡볶이,NNG,5000
183,109,2024-02-12,1,수박,NNG,9999
184,1010,2024-02-12,1,푸드,NNG,5000
185,109,2024-02-13,1,수박,NNG,9999
186,810,2024-02-14,1,지코,NNG,5000
187,951,2024-02-14,1,토스트,NNG,5000
188,173,2024-02-16,1,타피오카,NNG,9999
189,1010,2024-02-16,1,푸드,NNG,5000
190,366,2024-02-19,1,떡볶이,NNG,5000
191,597,2024-02-19,1,소스,NNG,5000
192,175,2024-02-20,1,탕후루,NNG,9999
193,25,2024-02-21,1,동결건조,NNG,9999
194,44,2024-02-23,1,마라샹궈,NNG,9999
195,731,2024-02-23,1,와퍼,NNG,5000
196,165,2024-02-24,1,크레페,NNG,9999
197,207,2024-02-24,1,간식,NNG,5000
198,499,2024-02-24,1,배스킨라빈스,NNG,5000
199,327,2024-02-25,1,대게,NNG,5000
200,1010,2024-02-25,1,푸드,NNG,5000
201,61,2024-02-26,1,먹방,NNG,9999
202,423,2024-02-27,1,만두,NNG,5000
203,699,2024-02-28,1,얼음,NNG,5000
204,61,2024-02-29,1,먹방,NNG,9999
205,27,2024-03-01,1,두찜,NNG,9999
206,891,2024-03-01,1,커피,NNG,5000
207,90,2024-03-02,1,사과,NNG,9999
208,25,2024-03-04,1,동결건조,NNG,9999
209,175,2024-03-04,1,탕후루,NNG,9999
210,207,2024-03-04,1,간식,NNG,5000
211,61,2024-03-06,1,먹방,NNG,9999
212,250,2024-03-07,1,과자,NNG,5000
213,874,2024-03-07,1,치킨,NNG,5000
214,214,2024-03-09,1,감자,NNG,5000
215,745,2024-03-09,1,우유,NNG,5000
216,61,2024-03-10,1,먹방,NNG,9999
217,263,2024-03-10,1,국수,NNG,5000
218,163,2024-03-12,1,쿠키,NNG,9999
219,207,2024-03-12,1,간식,NNG,5000
220,596,2024-03-12,1,소세지,NNG,5000
221,1010,2024-03-12,1,푸드,NNG,5000
222,45,2024-03-13,1,마라탕,NNG,9999
223,56,2024-03-15,1,망고,NNG,9999
224,163,2024-03-15,1,쿠키,NNG,9999
225,249,2024-03-16,1,과일,NNG,5000
226,891,2024-03-16,1,커피,NNG,5000
227,61,2024-03-18,1,먹방,NNG,9999
228,61,2024-03-20,1,먹방,NNG,9999
229,61,2024-03-22,1,먹방,NNG,9999
230,374,2024-03-22,1,라면,NNG,5000
231,341,2024-03-23,1,도넛,NNG,5000
232,30,2024-03-24,1,딸기,NNG,9999
233,61,2024-03-27,1,먹방,NNG,9999
234,360,2024-03-27,1,디저트,NNG,5000
235,61,2024-04-02,1,먹방,NNG,9999
236,762,2024-04-02,1,음식,NNG,5000
237,4,2024-04-05,1,교촌치킨,NNG,9999
238,61,2024-04-05,1,먹방,NNG,9999
239,25,2024-04-08,1,동결건조,NNG,9999
240,209,2024-04-08,1,갈비,NNG,5000
241,234,2024-04-08,1,고등어,NNG,5000
242,61,2024-04-09,2,먹방,NNG,9999
243,443,2024-04-10,1,메뉴,NNG,5000
244,30,2024-04-11,1,딸기,NNG,9999
245,229,2024-04-11,1,계란,NNG,5000
246,798,2024-04-11,1,젤리,NNG,5000
247,27,2024-04-12,1,두찜,NNG,9999
248,368,2024-04-13,1,띠미,NNG,5000
249,760,2024-04-13,1,음료,NNG,5000
250,115,2024-04-15,1,스시,NNG,9999
251,298,2024-04-15,1,냉면,NNG,5000
252,208,2024-04-16,1,간장,NNG,5000
253,233,2024-04-16,1,고기,NNG,5000
254,214,2024-04-17,1,감자,NNG,5000
255,420,2024-04-17,1,마트,NNG,5000
256,23,2024-04-18,1,돈카츠,NNG,9999
257,61,2024-04-18,1,먹방,NNG,9999
258,249,2024-04-19,1,과일,NNG,5000
259,443,2024-04-19,1,메뉴,NNG,5000
260,61,2024-04-20,1,먹방,NNG,9999
261,338,2024-04-21,1,덮밥,NNG,5000
262,443,2024-04-23,1,메뉴,NNG,5000
263,163,2024-04-24,1,쿠키,NNG,9999
264,170,2024-04-25,1,킨조젤리,NNG,9999
265,61,2024-04-26,1,먹방,NNG,9999
266,261,2024-04-26,1,국물,NNG,5000
267,12,2024-04-28,1,꼬치,NNG,9999
268,496,2024-04-28,1,배라,NNG,5000
269,240,2024-04-29,1,고추,NNG,5000
270,61,2024-04-30,1,먹방,NNG,9999
271,112,2024-05-02,1,순대,NNG,9999
272,286,2024-05-03,1,꾸덕,NNG,5000
273,61,2024-05-04,1,먹방,NNG,9999
274,998,2024-05-04,1,편의점,NNG,5000
275,12,2024-05-07,1,꼬치,NNG,9999
276,61,2024-05-07,1,먹방,NNG,9999
277,170,2024-05-07,1,킨조젤리,NNG,9999
278,233,2024-05-07,1,고기,NNG,5000
279,844,2024-05-08,1,초밥,NNG,5000
280,325,2024-05-09,1,당고,NNG,5000
281,890,2024-05-09,1,캔디,NNG,5000
282,259,2024-05-10,1,구이,NNG,5000
283,366,2024-05-11,1,떡볶이,NNG,5000
284,25,2024-05-12,1,동결건조,NNG,9999
285,57,2024-05-12,1,매실차,NNG,9999
286,206,2024-05-12,1,가지,NNG,5000
287,90,2024-05-13,1,사과,NNG,9999
288,175,2024-05-13,1,탕후루,NNG,9999
289,263,2024-05-13,1,국수,NNG,5000
290,170,2024-05-14,1,킨조젤리,NNG,9999
291,229,2024-05-14,1,계란,NNG,5000
292,148,2024-05-15,1,초콜릿,NNG,9999
293,206,2024-05-15,1,가지,NNG,5000
294,212,2024-05-15,1,갈치,NNG,5000
295,233,2024-05-16,1,고기,NNG,5000
296,61,2024-05-17,1,먹방,NNG,9999
297,148,2024-05-19,1,초콜릿,NNG,9999
298,163,2024-05-19,1,쿠키,NNG,9999
299,233,2024-05-19,1,고기,NNG,5000
300,249,2024-05-20,1,과일,NNG,5000
301,437,2024-05-20,1,매콤,NNG,5000
302,654,2024-05-20,1,식량,NNG,5000
303,641,2024-05-21,1,슬라,NNG,5000
304,175,2024-05-22,1,탕후루,NNG,9999
305,223,2024-05-22,1,겉절이,NNG,5000
306,26,2024-05-23,1,두바이초콜릿,NNG,9999
307,155,2024-05-23,1,카다이프,NNG,9999
308,106,2024-05-24,1,소주,NNG,9999
309,639,2024-05-24,1,스프,NNG,5000
310,38,2024-05-25,1,레시피,NNG,9999
311,273,2024-05-25,1,김치,NNG,5000
312,170,2024-05-26,1,킨조젤리,NNG,9999
313,204,2024-05-27,1,가마솥,NNG,5000
314,692,2024-05-27,1,양념,NNG,5000
315,61,2024-05-28,1,먹방,NNG,9999
316,745,2024-05-28,1,우유,NNG,5000
317,863,2024-05-29,1,초콜렛,NNG,5000
318,25,2024-05-30,1,동결건조,NNG,9999
319,112,2024-05-30,1,순대,NNG,9999
320,233,2024-05-30,1,고기,NNG,5000
321,207,2024-05-31,1,간식,NNG,5000
322,250,2024-05-31,1,과자,NNG,5000
323,548,2024-05-31,1,빙수,NNG,5000
324,255,2024-06-01,1,구매,NNG,5000
325,360,2024-06-01,1,디저트,NNG,5000
326,255,2024-06-02,1,구매,NNG,5000
327,61,2024-06-03,1,먹방,NNG,9999
328,175,2024-06-03,1,탕후루,NNG,9999
329,494,2024-06-03,1,밥통,NNG,5000
330,170,2024-06-05,1,킨조젤리,NNG,9999
331,794,2024-06-05,1,제품,NNG,5000
332,340,2024-06-06,1,도너츠,NNG,5000
333,148,2024-06-08,1,초콜릿,NNG,9999
334,170,2024-06-08,1,킨조젤리,NNG,9999
335,286,2024-06-08,1,꾸덕,NNG,5000
336,38,2024-06-09,1,레시피,NNG,9999
337,155,2024-06-09,1,카다이프,NNG,9999
338,642,2024-06-09,1,슬러시,NNG,5000
339,175,2024-06-10,2,탕후루,NNG,9999
340,155,2024-06-11,1,카다이프,NNG,9999
341,204,2024-06-11,1,가마솥,NNG,5000
342,35,2024-06-12,1,라라스윗,NNG,9999
343,61,2024-06-12,1,먹방,NNG,9999
344,79,2024-06-12,1,베이킹,NNG,9999
345,175,2024-06-12,1,탕후루,NNG,9999
346,1023,2024-06-12,1,프림,NNG,5000
347,209,2024-06-13,1,갈비,NNG,5000
348,580,2024-06-13,1,샐러드,NNG,5000
349,46,2024-06-14,1,마시멜로,NNG,9999
350,255,2024-06-14,1,구매,NNG,5000
351,170,2024-06-16,1,킨조젤리,NNG,9999
352,155,2024-06-18,1,카다이프,NNG,9999
353,191,2024-06-18,1,하이디라오,NNG,9999
354,46,2024-06-19,1,마시멜로,NNG,9999
355,49,2024-06-19,1,마카롱,NNG,9999
356,189,2024-06-19,1,하겐다즈,NNG,9999
357,229,2024-06-19,1,계란,NNG,5000
358,745,2024-06-21,1,우유,NNG,5000
359,255,2024-06-22,1,구매,NNG,5000
360,45,2024-06-23,1,마라탕,NNG,9999
361,196,2024-06-23,1,호떡,NNG,9999
362,951,2024-06-23,1,토스트,NNG,5000
363,118,2024-06-24,1,쌀국수,NNG,9999
364,170,2024-06-24,1,킨조젤리,NNG,9999
365,376,2024-06-24,1,라바,NNG,5000
366,798,2024-06-24,1,젤리,NNG,5000
367,209,2024-06-25,1,갈비,NNG,5000
368,760,2024-06-25,1,음료,NNG,5000
369,26,2024-06-26,1,두바이초콜릿,NNG,9999
370,175,2024-06-26,2,탕후루,NNG,9999
371,207,2024-06-26,1,간식,NNG,5000
372,207,2024-06-27,1,간식,NNG,5000
373,360,2024-06-27,1,디저트,NNG,5000
374,175,2024-06-28,1,탕후루,NNG,9999
375,256,2024-06-28,1,구미첼,NNG,5000
376,61,2024-06-29,1,먹방,NNG,9999
377,475,2024-06-29,1,바게트,NNG,5000
378,175,2024-06-30,1,탕후루,NNG,9999
379,263,2024-06-30,1,국수,NNG,5000
380,113,2024-07-01,1,슈크림,NNG,9999
381,61,2024-07-02,1,먹방,NNG,9999
382,156,2024-07-03,1,카스테라,NNG,9999
383,175,2024-07-03,1,탕후루,NNG,9999
384,261,2024-07-04,1,국물,NNG,5000
385,271,2024-07-04,1,김밥,NNG,5000
386,449,2024-07-04,1,명랑,NNG,5000
387,863,2024-07-04,1,초콜렛,NNG,5000
388,923,2024-07-04,1,크로,NNG,5000
389,46,2024-07-05,1,마시멜로,NNG,9999
390,64,2024-07-05,1,메로나,NNG,9999
391,360,2024-07-05,1,디저트,NNG,5000
392,487,2024-07-05,1,반찬,NNG,5000
393,39,2024-07-06,1,롤케이크,NNG,9999
394,207,2024-07-06,1,간식,NNG,5000
395,286,2024-07-06,1,꾸덕,NNG,5000
396,26,2024-07-07,1,두바이초콜릿,NNG,9999
397,46,2024-07-07,1,마시멜로,NNG,9999
398,49,2024-07-07,1,마카롱,NNG,9999
399,61,2024-07-08,1,먹방,NNG,9999
400,175,2024-07-08,1,탕후루,NNG,9999
401,273,2024-07-08,1,김치,NNG,5000
402,863,2024-07-08,1,초콜렛,NNG,5000
403,263,2024-07-09,1,국수,NNG,5000
404,863,2024-07-09,1,초콜렛,NNG,5000
405,11,2024-07-10,1,깐풍기,NNG,9999
406,30,2024-07-10,1,딸기,NNG,9999
407,573,2024-07-11,1,상추,NNG,5000
408,798,2024-07-11,1,젤리,NNG,5000
409,60,2024-07-12,1,머랭쿠키,NNG,9999
410,281,2024-07-12,1,깻잎,NNG,5000
411,644,2024-07-12,1,시럽,NNG,5000
412,59,2024-07-14,1,맥주,NNG,9999
413,61,2024-07-14,1,먹방,NNG,9999
414,644,2024-07-14,1,시럽,NNG,5000
415,339,2024-07-15,1,데카포,NNG,5000
416,844,2024-07-15,1,초밥,NNG,5000
417,54,2024-07-16,1,말차,NNG,9999
418,175,2024-07-16,1,탕후루,NNG,9999
419,863,2024-07-16,1,초콜렛,NNG,5000
420,38,2024-07-17,1,레시피,NNG,9999
421,79,2024-07-17,1,베이킹,NNG,9999
422,125,2024-07-17,1,어묵,NNG,9999
423,233,2024-07-17,1,고기,NNG,5000
424,38,2024-07-18,1,레시피,NNG,9999
425,40,2024-07-18,1,롯데리아,NNG,9999
426,148,2024-07-18,1,초콜릿,NNG,9999
427,263,2024-07-18,1,국수,NNG,5000
428,44,2024-07-19,1,마라샹궈,NNG,9999
429,1007,2024-07-20,1,폭식,NNG,5000
430,61,2024-07-21,1,먹방,NNG,9999
431,250,2024-07-21,1,과자,NNG,5000
432,67,2024-07-23,2,멜론,NNG,9999
433,175,2024-07-23,1,탕후루,NNG,9999
434,366,2024-07-23,1,떡볶이,NNG,5000
435,863,2024-07-23,1,초콜렛,NNG,5000
436,951,2024-07-23,1,토스트,NNG,5000
437,148,2024-07-24,1,초콜릿,NNG,9999
438,159,2024-07-24,1,칼디,NNG,9999
439,187,2024-07-24,1,피스타치오,NNG,9999
440,374,2024-07-25,1,라면,NNG,5000
441,760,2024-07-25,1,음료,NNG,5000
442,142,2024-07-26,1,짜장면,NNG,9999
443,155,2024-07-26,1,카다이프,NNG,9999
444,220,2024-07-26,1,개구리,NNG,5000
445,58,2024-07-27,1,맥도날드,NNG,9999
446,65,2024-07-27,1,메론빵,NNG,9999
447,14,2024-07-28,1,녹차라떼,NNG,9999
448,566,2024-07-28,1,삼겹살,NNG,5000
449,136,2024-07-29,1,요아정,NNG,9999
450,240,2024-07-29,1,고추,NNG,5000
451,317,2024-07-29,1,단백,NNG,5000
452,341,2024-07-29,1,도넛,NNG,5000
453,366,2024-07-29,1,떡볶이,NNG,5000
454,26,2024-07-30,1,두바이초콜릿,NNG,9999
455,136,2024-07-30,1,요아정,NNG,9999
456,249,2024-07-30,1,과일,NNG,5000
457,624,2024-07-30,1,스벅,NNG,5000
458,68,2024-07-31,1,민트초코,NNG,9999
459,187,2024-07-31,1,피스타치오,NNG,9999
460,207,2024-07-31,1,간식,NNG,5000
461,780,2024-07-31,1,저녁,NNG,5000
462,26,2024-08-01,1,두바이초콜릿,NNG,9999
463,61,2024-08-01,1,먹방,NNG,9999
464,163,2024-08-01,1,쿠키,NNG,9999
465,175,2024-08-01,2,탕후루,NNG,9999
466,716,2024-08-01,1,오리,NNG,5000
467,798,2024-08-01,1,젤리,NNG,5000
468,863,2024-08-01,1,초콜렛,NNG,5000
469,26,2024-08-02,2,두바이초콜릿,NNG,9999
470,56,2024-08-02,1,망고,NNG,9999
471,60,2024-08-02,1,머랭쿠키,NNG,9999
472,148,2024-08-02,1,초콜릿,NNG,9999
473,26,2024-08-03,2,두바이초콜릿,NNG,9999
474,61,2024-08-03,1,먹방,NNG,9999
475,148,2024-08-03,1,초콜릿,NNG,9999
476,998,2024-08-03,1,편의점,NNG,5000
477,26,2024-08-04,1,두바이초콜릿,NNG,9999
478,148,2024-08-04,1,초콜릿,NNG,9999
479,249,2024-08-04,2,과일,NNG,5000
480,374,2024-08-04,1,라면,NNG,5000
481,798,2024-08-04,1,젤리,NNG,5000
482,21,2024-08-05,2,던킨도너츠,NNG,9999
483,25,2024-08-05,1,동결건조,NNG,9999
484,61,2024-08-05,2,먹방,NNG,9999
485,65,2024-08-05,1,메론빵,NNG,9999
486,26,2024-08-06,1,두바이초콜릿,NNG,9999
487,240,2024-08-06,1,고추,NNG,5000
488,339,2024-08-06,1,데카포,NNG,5000
489,60,2024-08-07,1,머랭쿠키,NNG,9999
490,61,2024-08-07,2,먹방,NNG,9999
491,65,2024-08-07,1,메론빵,NNG,9999
492,148,2024-08-07,2,초콜릿,NNG,9999
493,339,2024-08-07,1,데카포,NNG,5000
494,760,2024-08-07,1,음료,NNG,5000
495,29,2024-08-08,1,디카페인,NNG,9999
496,61,2024-08-08,1,먹방,NNG,9999
497,136,2024-08-08,1,요아정,NNG,9999
498,263,2024-08-08,1,국수,NNG,5000
499,366,2024-08-08,1,떡볶이,NNG,5000
500,508,2024-08-08,1,버섯,NNG,5000
501,61,2024-08-09,1,먹방,NNG,9999
502,70,2024-08-09,1,바나나,NNG,9999
503,175,2024-08-09,1,탕후루,NNG,9999
504,360,2024-08-09,1,디저트,NNG,5000
505,649,2024-08-09,1,시카노코,NNG,5000
506,61,2024-08-10,1,먹방,NNG,9999
507,136,2024-08-10,1,요아정,NNG,9999
508,203,2024-08-10,1,가루쿡,NNG,5000
509,762,2024-08-10,1,음식,NNG,5000
510,895,2024-08-10,1,케이,NNG,5000
511,25,2024-08-11,2,동결건조,NNG,9999
512,513,2024-08-11,2,베이,NNG,5000
513,943,2024-08-11,1,탄산,NNG,5000
514,83,2024-08-12,1,불닭,NNG,9999
515,135,2024-08-12,1,요리,NNG,9999
516,207,2024-08-12,1,간식,NNG,5000
517,559,2024-08-12,1,사온,NNG,5000
518,705,2024-08-12,1,에이드,NNG,5000
519,798,2024-08-12,1,젤리,NNG,5000
520,25,2024-08-13,1,동결건조,NNG,9999
521,56,2024-08-13,1,망고,NNG,9999
522,61,2024-08-13,1,먹방,NNG,9999
523,136,2024-08-13,1,요아정,NNG,9999
524,525,2024-08-13,1,볶음,NNG,5000
525,61,2024-08-14,1,먹방,NNG,9999
526,70,2024-08-14,1,바나나,NNG,9999
527,136,2024-08-14,2,요아정,NNG,9999
528,319,2024-08-14,1,달걀,NNG,5000
529,420,2024-08-14,1,마트,NNG,5000
530,684,2024-08-14,2,애슐리,NNG,5000
531,26,2024-08-15,1,두바이초콜릿,NNG,9999
532,61,2024-08-15,1,먹방,NNG,9999
533,366,2024-08-15,1,떡볶이,NNG,5000
534,639,2024-08-15,1,스프,NNG,5000
535,26,2024-08-16,1,두바이초콜릿,NNG,9999
536,46,2024-08-16,1,마시멜로,NNG,9999
537,61,2024-08-16,1,먹방,NNG,9999
538,175,2024-08-16,2,탕후루,NNG,9999
539,745,2024-08-16,1,우유,NNG,5000
540,26,2024-08-17,2,두바이초콜릿,NNG,9999
541,38,2024-08-17,1,레시피,NNG,9999
542,46,2024-08-17,1,마시멜로,NNG,9999
543,233,2024-08-17,1,고기,NNG,5000
544,392,2024-08-17,1,레몬,NNG,5000
545,705,2024-08-17,1,에이드,NNG,5000
546,26,2024-08-18,2,두바이초콜릿,NNG,9999
547,46,2024-08-18,1,마시멜로,NNG,9999
548,61,2024-08-18,1,먹방,NNG,9999
549,133,2024-08-18,1,와라비모찌,NNG,9999
550,136,2024-08-18,1,요아정,NNG,9999
551,374,2024-08-18,1,라면,NNG,5000
552,473,2024-08-18,1,밀크,NNG,5000
553,760,2024-08-18,1,음료,NNG,5000
554,890,2024-08-18,1,캔디,NNG,5000
555,26,2024-08-19,2,두바이초콜릿,NNG,9999
556,318,2024-08-19,1,단호박,NNG,5000
557,375,2024-08-19,2,라미,NNG,5000
558,527,2024-08-19,1,부대찌개,NNG,5000
559,535,2024-08-19,1,뷔페,NNG,5000
560,38,2024-08-20,1,레시피,NNG,9999
561,61,2024-08-20,1,먹방,NNG,9999
562,109,2024-08-20,1,수박,NNG,9999
563,136,2024-08-20,1,요아정,NNG,9999
564,196,2024-08-20,1,호떡,NNG,9999
565,745,2024-08-20,1,우유,NNG,5000
566,26,2024-08-21,3,두바이초콜릿,NNG,9999
567,99,2024-08-21,2,성심당,NNG,9999
568,207,2024-08-21,1,간식,NNG,5000
569,360,2024-08-21,1,디저트,NNG,5000
570,56,2024-08-22,1,망고,NNG,9999
571,61,2024-08-22,1,먹방,NNG,9999
572,191,2024-08-22,1,하이디라오,NNG,9999
573,233,2024-08-22,1,고기,NNG,5000
574,648,2024-08-22,1,시식,NNG,5000
575,56,2024-08-23,3,망고,NNG,9999
576,61,2024-08-23,3,먹방,NNG,9999
577,229,2024-08-23,1,계란,NNG,5000
578,360,2024-08-23,1,디저트,NNG,5000
579,567,2024-08-23,1,삼계탕,NNG,5000
580,762,2024-08-23,1,음식,NNG,5000
581,61,2024-08-24,1,먹방,NNG,9999
582,187,2024-08-24,1,피스타치오,NNG,9999
583,249,2024-08-24,1,과일,NNG,5000
584,376,2024-08-24,1,라바,NNG,5000
585,26,2024-08-25,2,두바이초콜릿,NNG,9999
586,56,2024-08-25,1,망고,NNG,9999
587,109,2024-08-25,1,수박,NNG,9999
588,271,2024-08-25,1,김밥,NNG,5000
589,651,2024-08-25,1,식감,NNG,5000
590,26,2024-08-26,1,두바이초콜릿,NNG,9999
591,61,2024-08-26,2,먹방,NNG,9999
592,90,2024-08-26,1,사과,NNG,9999
593,420,2024-08-26,1,마트,NNG,5000
594,890,2024-08-26,1,캔디,NNG,5000
595,61,2024-08-27,2,먹방,NNG,9999
596,155,2024-08-27,1,카다이프,NNG,9999
597,170,2024-08-27,2,킨조젤리,NNG,9999
598,206,2024-08-27,1,가지,NNG,5000
599,208,2024-08-27,1,간장,NNG,5000
600,574,2024-08-27,1,상품,NNG,5000
601,580,2024-08-27,1,샐러드,NNG,5000
602,30,2024-08-28,1,딸기,NNG,9999
603,38,2024-08-28,1,레시피,NNG,9999
604,62,2024-08-28,1,먹스타그램,NNG,9999
605,143,2024-08-28,1,짬뽕,NNG,9999
606,170,2024-08-28,2,킨조젤리,NNG,9999
607,247,2024-08-28,1,공짜,NNG,5000
608,890,2024-08-28,1,캔디,NNG,5000
609,26,2024-08-29,1,두바이초콜릿,NNG,9999
610,46,2024-08-29,2,마시멜로,NNG,9999
611,56,2024-08-29,1,망고,NNG,9999
612,61,2024-08-29,1,먹방,NNG,9999
613,372,2024-08-29,1,라떼,NNG,5000
614,376,2024-08-29,1,라바,NNG,5000
615,798,2024-08-29,2,젤리,NNG,5000
616,56,2024-08-30,1,망고,NNG,9999
617,233,2024-08-30,1,고기,NNG,5000
618,863,2024-08-30,2,초콜렛,NNG,5000
619,25,2024-08-31,1,동결건조,NNG,9999
620,61,2024-08-31,2,먹방,NNG,9999
621,204,2024-08-31,1,가마솥,NNG,5000
622,845,2024-08-31,1,초코,NNG,5000
623,61,2024-09-01,2,먹방,NNG,9999
624,136,2024-09-01,1,요아정,NNG,9999
625,360,2024-09-01,1,디저트,NNG,5000
626,473,2024-09-01,1,밀크,NNG,5000
627,499,2024-09-01,1,배스킨라빈스,NNG,5000
628,890,2024-09-01,1,캔디,NNG,5000
629,26,2024-09-02,1,두바이초콜릿,NNG,9999
630,46,2024-09-02,2,마시멜로,NNG,9999
631,49,2024-09-02,1,마카롱,NNG,9999
632,61,2024-09-02,1,먹방,NNG,9999
633,376,2024-09-02,1,라바,NNG,5000
634,26,2024-09-03,1,두바이초콜릿,NNG,9999
635,61,2024-09-03,1,먹방,NNG,9999
636,153,2024-09-03,1,치즈케이크,NNG,9999
637,341,2024-09-03,1,도넛,NNG,5000
638,762,2024-09-03,1,음식,NNG,5000
639,890,2024-09-03,1,캔디,NNG,5000
640,998,2024-09-03,1,편의점,NNG,5000
641,35,2024-09-04,1,라라스윗,NNG,9999
642,61,2024-09-04,1,먹방,NNG,9999
643,376,2024-09-04,1,라바,NNG,5000
644,672,2024-09-04,1,아망추,NNG,5000
645,890,2024-09-04,1,캔디,NNG,5000
646,46,2024-09-05,1,마시멜로,NNG,9999
647,61,2024-09-05,2,먹방,NNG,9999
648,148,2024-09-05,1,초콜릿,NNG,9999
649,175,2024-09-05,1,탕후루,NNG,9999
650,509,2024-09-05,2,버터,NNG,5000
651,628,2024-09-05,1,스크림,NNG,5000
652,206,2024-09-06,2,가지,NNG,5000
653,735,2024-09-06,1,요거,NNG,5000
654,798,2024-09-06,1,젤리,NNG,5000
655,890,2024-09-06,1,캔디,NNG,5000
656,46,2024-09-07,2,마시멜로,NNG,9999
657,628,2024-09-07,1,스크림,NNG,5000
658,46,2024-09-08,1,마시멜로,NNG,9999
659,61,2024-09-08,1,먹방,NNG,9999
660,672,2024-09-08,1,아망추,NNG,5000
661,38,2024-09-09,1,레시피,NNG,9999
662,61,2024-09-09,1,먹방,NNG,9999
663,175,2024-09-09,1,탕후루,NNG,9999
664,26,2024-09-10,2,두바이초콜릿,NNG,9999
665,61,2024-09-10,1,먹방,NNG,9999
666,376,2024-09-10,1,라바,NNG,5000
667,443,2024-09-10,1,메뉴,NNG,5000
668,794,2024-09-10,1,제품,NNG,5000
669,798,2024-09-10,2,젤리,NNG,5000
670,998,2024-09-10,1,편의점,NNG,5000
671,136,2024-09-11,1,요아정,NNG,9999
672,148,2024-09-11,1,초콜릿,NNG,9999
673,443,2024-09-11,1,메뉴,NNG,5000
674,735,2024-09-11,1,요거,NNG,5000
675,798,2024-09-11,1,젤리,NNG,5000
676,863,2024-09-11,1,초콜렛,NNG,5000
677,61,2024-09-12,1,먹방,NNG,9999
678,360,2024-09-12,1,디저트,NNG,5000
679,384,2024-09-12,1,라이,NNG,5000
680,771,2024-09-12,1,자몽,NNG,5000
681,890,2024-09-12,1,캔디,NNG,5000
682,26,2024-09-13,2,두바이초콜릿,NNG,9999
683,99,2024-09-13,1,성심당,NNG,9999
684,206,2024-09-13,1,가지,NNG,5000
685,207,2024-09-13,1,간식,NNG,5000
686,798,2024-09-13,2,젤리,NNG,5000
687,46,2024-09-14,1,마시멜로,NNG,9999
688,61,2024-09-14,1,먹방,NNG,9999
689,207,2024-09-14,1,간식,NNG,5000
690,548,2024-09-14,1,빙수,NNG,5000
691,798,2024-09-14,1,젤리,NNG,5000
692,25,2024-09-15,1,동결건조,NNG,9999
693,26,2024-09-15,3,두바이초콜릿,NNG,9999
694,30,2024-09-15,2,딸기,NNG,9999
695,202,2024-09-15,1,가래떡,NNG,5000
696,414,2024-09-15,1,마쉬멜로우,NNG,5000
697,762,2024-09-15,1,음식,NNG,5000
698,890,2024-09-15,1,캔디,NNG,5000
699,26,2024-09-16,1,두바이초콜릿,NNG,9999
700,46,2024-09-16,2,마시멜로,NNG,9999
701,273,2024-09-16,1,김치,NNG,5000
702,798,2024-09-16,1,젤리,NNG,5000
703,46,2024-09-17,1,마시멜로,NNG,9999
704,56,2024-09-17,2,망고,NNG,9999
705,798,2024-09-17,3,젤리,NNG,5000
706,25,2024-09-18,1,동결건조,NNG,9999
707,59,2024-09-18,1,맥주,NNG,9999
708,136,2024-09-18,1,요아정,NNG,9999
709,209,2024-09-18,1,갈비,NNG,5000
710,628,2024-09-18,1,스크림,NNG,5000
711,25,2024-09-19,1,동결건조,NNG,9999
712,61,2024-09-19,1,먹방,NNG,9999
713,209,2024-09-19,1,갈비,NNG,5000
714,366,2024-09-19,2,떡볶이,NNG,5000
715,681,2024-09-19,1,안주,NNG,5000
716,745,2024-09-19,1,우유,NNG,5000
717,26,2024-09-20,2,두바이초콜릿,NNG,9999
718,39,2024-09-20,1,롤케이크,NNG,9999
719,54,2024-09-20,1,말차,NNG,9999
720,61,2024-09-20,1,먹방,NNG,9999
721,203,2024-09-20,1,가루쿡,NNG,5000
722,384,2024-09-20,1,라이,NNG,5000
723,628,2024-09-20,1,스크림,NNG,5000
724,670,2024-09-20,1,아람,NNG,5000
725,890,2024-09-20,2,캔디,NNG,5000
726,548,2024-09-21,1,빙수,NNG,5000
727,730,2024-09-21,1,올리브,NNG,5000
728,798,2024-09-21,1,젤리,NNG,5000
729,1011,2024-09-21,1,푸딩,NNG,5000
730,25,2024-09-22,2,동결건조,NNG,9999
731,348,2024-09-22,1,돼지,NNG,5000
732,558,2024-09-22,1,사비,NNG,5000
733,798,2024-09-22,1,젤리,NNG,5000
734,890,2024-09-22,1,캔디,NNG,5000
735,56,2024-09-23,1,망고,NNG,9999
736,798,2024-09-23,1,젤리,NNG,5000
737,874,2024-09-23,2,치킨,NNG,5000
738,38,2024-09-24,1,레시피,NNG,9999
739,46,2024-09-24,1,마시멜로,NNG,9999
740,61,2024-09-24,1,먹방,NNG,9999
741,99,2024-09-24,2,성심당,NNG,9999
742,233,2024-09-24,1,고기,NNG,5000
743,348,2024-09-24,1,돼지,NNG,5000
744,25,2024-09-25,1,동결건조,NNG,9999
745,38,2024-09-25,1,레시피,NNG,9999
746,46,2024-09-25,1,마시멜로,NNG,9999
747,76,2024-09-25,1,버터쿠키,NNG,9999
748,77,2024-09-25,1,베스킨라빈스,NNG,9999
749,61,2024-09-26,1,먹방,NNG,9999
750,219,2024-09-26,1,감초,NNG,5000
751,249,2024-09-26,1,과일,NNG,5000
752,46,2024-09-27,5,마시멜로,NNG,9999
753,68,2024-09-27,1,민트초코,NNG,9999
754,360,2024-09-27,1,디저트,NNG,5000
755,366,2024-09-27,1,떡볶이,NNG,5000
756,628,2024-09-27,1,스크림,NNG,5000
757,135,2024-09-28,2,요리,NNG,9999
758,207,2024-09-28,1,간식,NNG,5000
759,273,2024-09-28,1,김치,NNG,5000
760,798,2024-09-28,1,젤리,NNG,5000
761,46,2024-09-29,3,마시멜로,NNG,9999
762,104,2024-09-29,1,소금빵,NNG,9999
763,434,2024-09-29,1,매실,NNG,5000
764,584,2024-09-29,1,샤베트,NNG,5000
765,794,2024-09-29,1,제품,NNG,5000
766,798,2024-09-29,2,젤리,NNG,5000
767,53,2024-09-30,1,막걸리,NNG,9999
768,256,2024-09-30,1,구미첼,NNG,5000
769,389,2024-09-30,1,람보,NNG,5000
770,743,2024-09-30,1,우럭,NNG,5000
771,25,2024-10-01,3,동결건조,NNG,9999
772,148,2024-10-01,1,초콜릿,NNG,9999
773,449,2024-10-01,1,명랑,NNG,5000
774,798,2024-10-01,2,젤리,NNG,5000
775,30,2024-10-02,1,딸기,NNG,9999
776,61,2024-10-02,1,먹방,NNG,9999
777,135,2024-10-02,1,요리,NNG,9999
778,207,2024-10-02,1,간식,NNG,5000
779,798,2024-10-02,1,젤리,NNG,5000
780,61,2024-10-03,2,먹방,NNG,9999
781,99,2024-10-03,1,성심당,NNG,9999
782,136,2024-10-03,2,요아정,NNG,9999
783,207,2024-10-03,2,간식,NNG,5000
784,762,2024-10-03,1,음식,NNG,5000
785,25,2024-10-04,1,동결건조,NNG,9999
786,38,2024-10-04,1,레시피,NNG,9999
787,135,2024-10-04,4,요리,NNG,9999
788,798,2024-10-04,1,젤리,NNG,5000
789,897,2024-10-04,2,케익,NNG,5000
790,26,2024-10-05,1,두바이초콜릿,NNG,9999
791,135,2024-10-05,1,요리,NNG,9999
792,148,2024-10-05,1,초콜릿,NNG,9999
793,863,2024-10-05,1,초콜렛,NNG,5000
794,38,2024-10-06,1,레시피,NNG,9999
795,61,2024-10-06,1,먹방,NNG,9999
796,135,2024-10-06,2,요리,NNG,9999
797,207,2024-10-06,1,간식,NNG,5000
798,360,2024-10-06,1,디저트,NNG,5000
799,135,2024-10-07,1,요리,NNG,9999
800,189,2024-10-07,1,하겐다즈,NNG,9999
801,562,2024-10-07,1,사탕,NNG,5000
802,609,2024-10-07,1,수제딕만스,NNG,5000
803,798,2024-10-07,1,젤리,NNG,5000
804,61,2024-10-08,1,먹방,NNG,9999
805,284,2024-10-08,1,꽈리,NNG,5000
806,61,2024-10-09,2,먹방,NNG,9999
807,207,2024-10-09,1,간식,NNG,5000
808,255,2024-10-09,1,구매,NNG,5000
809,642,2024-10-09,1,슬러시,NNG,5000
810,798,2024-10-09,1,젤리,NNG,5000
811,895,2024-10-09,2,케이,NNG,5000
812,112,2024-10-10,1,순대,NNG,9999
813,170,2024-10-10,2,킨조젤리,NNG,9999
814,207,2024-10-10,1,간식,NNG,5000
815,30,2024-10-11,1,딸기,NNG,9999
816,148,2024-10-11,1,초콜릿,NNG,9999
817,175,2024-10-11,2,탕후루,NNG,9999
818,207,2024-10-11,2,간식,NNG,5000
819,376,2024-10-11,1,라바,NNG,5000
820,46,2024-10-12,2,마시멜로,NNG,9999
821,234,2024-10-12,1,고등어,NNG,5000
822,25,2024-10-13,2,동결건조,NNG,9999
823,61,2024-10-13,1,먹방,NNG,9999
824,798,2024-10-13,1,젤리,NNG,5000
825,115,2024-10-14,2,스시,NNG,9999
826,135,2024-10-14,2,요리,NNG,9999
827,249,2024-10-14,1,과일,NNG,5000
828,890,2024-10-14,1,캔디,NNG,5000
829,978,2024-10-14,1,파이,NNG,5000
830,61,2024-10-15,2,먹방,NNG,9999
831,95,2024-10-15,1,샤인머스캣,NNG,9999
832,206,2024-10-15,2,가지,NNG,5000
833,45,2024-10-16,1,마라탕,NNG,9999
834,99,2024-10-16,2,성심당,NNG,9999
835,148,2024-10-16,1,초콜릿,NNG,9999
836,562,2024-10-16,1,사탕,NNG,5000
837,46,2024-10-17,1,마시멜로,NNG,9999
838,54,2024-10-17,2,말차,NNG,9999
839,61,2024-10-17,1,먹방,NNG,9999
840,249,2024-10-17,1,과일,NNG,5000
841,45,2024-10-18,1,마라탕,NNG,9999
842,151,2024-10-18,1,츄러스,NNG,9999
843,506,2024-10-18,1,버거,NNG,5000
844,762,2024-10-18,1,음식,NNG,5000
845,890,2024-10-18,1,캔디,NNG,5000
846,61,2024-10-19,1,먹방,NNG,9999
847,83,2024-10-19,1,불닭,NNG,9999
848,151,2024-10-19,1,츄러스,NNG,9999
849,229,2024-10-19,1,계란,NNG,5000
850,609,2024-10-19,1,수제딕만스,NNG,5000
851,874,2024-10-19,1,치킨,NNG,5000
852,977,2024-10-19,1,파스타,NNG,5000
853,1011,2024-10-19,1,푸딩,NNG,5000
854,15,2024-10-20,1,달고나,NNG,9999
855,61,2024-10-20,2,먹방,NNG,9999
856,374,2024-10-20,1,라면,NNG,5000
857,673,2024-10-20,1,아메모나카,NNG,5000
858,798,2024-10-20,1,젤리,NNG,5000
859,876,2024-10-20,1,치토스,NNG,5000
860,15,2024-10-21,2,달고나,NNG,9999
861,89,2024-10-21,1,뻥튀기,NNG,9999
862,90,2024-10-21,1,사과,NNG,9999
863,95,2024-10-21,1,샤인머스캣,NNG,9999
864,61,2024-10-22,2,먹방,NNG,9999
865,64,2024-10-22,1,메로나,NNG,9999
866,206,2024-10-22,1,가지,NNG,5000
867,453,2024-10-22,1,모찌,NNG,5000
868,798,2024-10-22,1,젤리,NNG,5000
869,998,2024-10-22,1,편의점,NNG,5000
870,112,2024-10-23,1,순대,NNG,9999
871,231,2024-10-23,1,고간,NNG,5000
872,388,2024-10-23,1,라핑탕,NNG,5000
873,890,2024-10-23,4,캔디,NNG,5000
874,38,2024-10-24,1,레시피,NNG,9999
875,49,2024-10-24,1,마카롱,NNG,9999
876,261,2024-10-24,1,국물,NNG,5000
877,263,2024-10-24,1,국수,NNG,5000
878,710,2024-10-24,1,연어,NNG,5000
879,895,2024-10-24,1,케이,NNG,5000
880,61,2024-10-25,1,먹방,NNG,9999
881,148,2024-10-25,1,초콜릿,NNG,9999
882,207,2024-10-25,1,간식,NNG,5000
883,268,2024-10-25,1,급식,NNG,5000
884,375,2024-10-25,1,라미,NNG,5000
885,628,2024-10-25,2,스크림,NNG,5000
886,863,2024-10-25,1,초콜렛,NNG,5000
887,895,2024-10-25,1,케이,NNG,5000
888,414,2024-10-26,1,마쉬멜로우,NNG,5000
889,819,2024-10-26,1,쫀득,NNG,5000
890,890,2024-10-26,2,캔디,NNG,5000
891,61,2024-10-27,1,먹방,NNG,9999
892,144,2024-10-27,1,쫀득쿠키,NNG,9999
893,219,2024-10-27,2,감초,NNG,5000
894,360,2024-10-27,1,디저트,NNG,5000
895,366,2024-10-27,1,떡볶이,NNG,5000
896,597,2024-10-27,1,소스,NNG,5000
897,26,2024-10-28,2,두바이초콜릿,NNG,9999
898,798,2024-10-28,1,젤리,NNG,5000
899,61,2024-10-29,2,먹방,NNG,9999
900,190,2024-10-29,6,하리보,NNG,9999
901,628,2024-10-29,2,스크림,NNG,5000
902,845,2024-10-29,1,초코,NNG,5000
903,890,2024-10-29,1,캔디,NNG,5000
904,61,2024-10-30,3,먹방,NNG,9999
905,135,2024-10-30,1,요리,NNG,9999
906,229,2024-10-30,1,계란,NNG,5000
907,360,2024-10-30,1,디저트,NNG,5000
908,375,2024-10-30,1,라미,NNG,5000
909,630,2024-10-30,1,스테이,NNG,5000
910,61,2024-10-31,2,먹방,NNG,9999
911,163,2024-10-31,1,쿠키,NNG,9999
912,190,2024-10-31,1,하리보,NNG,9999
913,762,2024-10-31,1,음식,NNG,5000
914,1004,2024-10-31,1,포카,NNG,5000
915,75,2024-11-01,2,버블티,NNG,9999
916,125,2024-11-01,1,어묵,NNG,9999
917,144,2024-11-01,1,쫀득쿠키,NNG,9999
918,190,2024-11-01,1,하리보,NNG,9999
919,207,2024-11-01,1,간식,NNG,5000
920,798,2024-11-01,1,젤리,NNG,5000
921,61,2024-11-02,3,먹방,NNG,9999
922,190,2024-11-02,1,하리보,NNG,9999
923,207,2024-11-02,1,간식,NNG,5000
924,677,2024-11-02,1,아이스,NNG,5000
925,61,2024-11-03,1,먹방,NNG,9999
926,190,2024-11-03,2,하리보,NNG,9999
927,207,2024-11-03,1,간식,NNG,5000
928,496,2024-11-03,1,배라,NNG,5000
929,798,2024-11-03,2,젤리,NNG,5000
930,61,2024-11-04,1,먹방,NNG,9999
931,163,2024-11-04,1,쿠키,NNG,9999
932,467,2024-11-04,1,미식,NNG,5000
933,828,2024-11-04,2,찐빵,NNG,5000
934,870,2024-11-04,2,치즈,NNG,5000
935,25,2024-11-05,1,동결건조,NNG,9999
936,61,2024-11-05,2,먹방,NNG,9999
937,225,2024-11-05,2,게장,NNG,5000
938,651,2024-11-05,1,식감,NNG,5000
939,837,2024-11-05,1,찹쌀,NNG,5000
940,923,2024-11-05,1,크로,NNG,5000
941,46,2024-11-06,1,마시멜로,NNG,9999
942,47,2024-11-06,2,마오쥔젤,NNG,9999
943,61,2024-11-06,3,먹방,NNG,9999
944,148,2024-11-06,1,초콜릿,NNG,9999
945,190,2024-11-06,1,하리보,NNG,9999
946,148,2024-11-07,1,초콜릿,NNG,9999
947,172,2024-11-07,2,타코야끼,NNG,9999
948,207,2024-11-07,1,간식,NNG,5000
949,245,2024-11-07,1,곱도리탕,NNG,5000
950,863,2024-11-07,1,초콜렛,NNG,5000
951,46,2024-11-08,1,마시멜로,NNG,9999
952,55,2024-11-08,1,맘스터치,NNG,9999
953,144,2024-11-08,2,쫀득쿠키,NNG,9999
954,531,2024-11-08,1,분식,NNG,5000
955,837,2024-11-08,2,찹쌀,NNG,5000
956,1034,2024-11-08,1,핑구,NNG,5000
957,61,2024-11-09,3,먹방,NNG,9999
958,144,2024-11-09,2,쫀득쿠키,NNG,9999
959,254,2024-11-09,1,구르망,NNG,5000
960,509,2024-11-09,1,버터,NNG,5000
961,798,2024-11-09,1,젤리,NNG,5000
962,38,2024-11-10,1,레시피,NNG,9999
963,61,2024-11-10,2,먹방,NNG,9999
964,144,2024-11-10,1,쫀득쿠키,NNG,9999
965,175,2024-11-10,1,탕후루,NNG,9999
966,539,2024-11-10,2,블린더,NNG,5000
967,668,2024-11-10,2,씨리얼,NNG,5000
968,786,2024-11-10,1,정식,NNG,5000
969,46,2024-11-11,2,마시멜로,NNG,9999
970,61,2024-11-11,1,먹방,NNG,9999
971,155,2024-11-11,1,카다이프,NNG,9999
972,187,2024-11-11,1,피스타치오,NNG,9999
973,587,2024-11-11,2,석류,NNG,5000
974,722,2024-11-11,1,오븐,NNG,5000
975,895,2024-11-11,1,케이,NNG,5000
976,95,2024-11-12,2,샤인머스캣,NNG,9999
977,207,2024-11-12,1,간식,NNG,5000
978,249,2024-11-12,1,과일,NNG,5000
979,360,2024-11-12,1,디저트,NNG,5000
980,570,2024-11-12,1,삼부,NNG,5000
981,61,2024-11-13,2,먹방,NNG,9999
982,83,2024-11-13,2,불닭,NNG,9999
983,272,2024-11-13,2,김장,NNG,5000
984,651,2024-11-13,1,식감,NNG,5000
985,26,2024-11-14,1,두바이초콜릿,NNG,9999
986,36,2024-11-14,2,라멘,NNG,9999
987,61,2024-11-14,1,먹방,NNG,9999
988,234,2024-11-14,2,고등어,NNG,5000
989,374,2024-11-14,1,라면,NNG,5000
990,38,2024-11-15,1,레시피,NNG,9999
991,55,2024-11-15,1,맘스터치,NNG,9999
992,163,2024-11-15,1,쿠키,NNG,9999
993,175,2024-11-15,1,탕후루,NNG,9999
994,229,2024-11-15,1,계란,NNG,5000
995,890,2024-11-15,1,캔디,NNG,5000
996,923,2024-11-15,1,크로,NNG,5000
997,26,2024-11-16,1,두바이초콜릿,NNG,9999
998,46,2024-11-16,1,마시멜로,NNG,9999
999,70,2024-11-16,1,바나나,NNG,9999
1000,83,2024-11-16,2,불닭,NNG,9999
1001,35,2024-11-17,2,라라스윗,NNG,9999
1002,61,2024-11-17,2,먹방,NNG,9999
1003,798,2024-11-17,1,젤리,NNG,5000
1004,61,2024-11-18,1,먹방,NNG,9999
1005,152,2024-11-18,1,치즈버거,NNG,9999
1006,405,2024-11-18,1,리스,NNG,5000
1007,696,2024-11-18,2,양파,NNG,5000
1008,780,2024-11-18,1,저녁,NNG,5000
1009,38,2024-11-19,1,레시피,NNG,9999
1010,48,2024-11-19,1,마오진젤,NNG,9999
1011,61,2024-11-19,1,먹방,NNG,9999
1012,83,2024-11-19,1,불닭,NNG,9999
1013,135,2024-11-19,1,요리,NNG,9999
1014,259,2024-11-19,1,구이,NNG,5000
1015,798,2024-11-19,2,젤리,NNG,5000
1016,74,2024-11-20,1,버거킹,NNG,9999
1017,119,2024-11-20,1,아메리카노,NNG,9999
1018,255,2024-11-20,2,구매,NNG,5000
1019,573,2024-11-20,1,상추,NNG,5000
1020,622,2024-11-20,2,스니커즈,NNG,5000
1021,1011,2024-11-20,1,푸딩,NNG,5000
1022,56,2024-11-21,1,망고,NNG,9999
1023,61,2024-11-21,3,먹방,NNG,9999
1024,85,2024-11-21,2,붕어빵,NNG,9999
1025,552,2024-11-21,1,빼빼로,NNG,5000
1026,692,2024-11-21,1,양념,NNG,5000
1027,745,2024-11-21,1,우유,NNG,5000
1028,798,2024-11-21,1,젤리,NNG,5000
1029,977,2024-11-21,1,파스타,NNG,5000
1030,61,2024-11-22,1,먹방,NNG,9999
1031,107,2024-11-22,2,수건케이크,NNG,9999
1032,249,2024-11-22,1,과일,NNG,5000
1033,366,2024-11-22,1,떡볶이,NNG,5000
1034,30,2024-11-23,1,딸기,NNG,9999
1035,61,2024-11-23,2,먹방,NNG,9999
1036,209,2024-11-23,1,갈비,NNG,5000
1037,250,2024-11-23,1,과자,NNG,5000
1038,315,2024-11-23,1,다크초코맛,NNG,5000
1039,384,2024-11-23,1,라이,NNG,5000
1040,396,2024-11-23,1,로스,NNG,5000
1041,552,2024-11-23,1,빼빼로,NNG,5000
1042,61,2024-11-24,1,먹방,NNG,9999
1043,144,2024-11-24,1,쫀득쿠키,NNG,9999
1044,255,2024-11-24,1,구매,NNG,5000
1045,346,2024-11-24,1,돈키호테,NNG,5000
1046,728,2024-11-24,1,옥수수,NNG,5000
1047,55,2024-11-25,2,맘스터치,NNG,9999
1048,61,2024-11-25,1,먹방,NNG,9999
1049,83,2024-11-25,1,불닭,NNG,9999
1050,90,2024-11-25,2,사과,NNG,9999
1051,259,2024-11-25,1,구이,NNG,5000
1052,597,2024-11-25,1,소스,NNG,5000
1053,35,2024-11-26,1,라라스윗,NNG,9999
1054,46,2024-11-26,2,마시멜로,NNG,9999
1055,107,2024-11-26,1,수건케이크,NNG,9999
1056,250,2024-11-26,2,과자,NNG,5000
1057,726,2024-11-26,1,오징어,NNG,5000
1058,798,2024-11-26,1,젤리,NNG,5000
1059,874,2024-11-26,1,치킨,NNG,5000
1060,10,2024-11-27,1,까르보불닭,NNG,9999
1061,35,2024-11-27,1,라라스윗,NNG,9999
1062,61,2024-11-27,1,먹방,NNG,9999
1063,104,2024-11-27,1,소금빵,NNG,9999
1064,194,2024-11-27,1,핫치즈빅싸이,NNG,9999
1065,240,2024-11-27,1,고추,NNG,5000
1066,250,2024-11-27,2,과자,NNG,5000
1067,269,2024-11-27,1,기름,NNG,5000
1068,286,2024-11-27,1,꾸덕,NNG,5000
1069,366,2024-11-27,1,떡볶이,NNG,5000
1070,688,2024-11-27,1,야자수,NNG,5000
1071,819,2024-11-27,1,쫀득,NNG,5000
1072,26,2024-11-28,1,두바이초콜릿,NNG,9999
1073,35,2024-11-28,1,라라스윗,NNG,9999
1074,83,2024-11-28,2,불닭,NNG,9999
1075,130,2024-11-28,1,엽기떡볶이,NNG,9999
1076,194,2024-11-28,1,핫치즈빅싸이,NNG,9999
1077,214,2024-11-28,1,감자,NNG,5000
1078,845,2024-11-28,1,초코,NNG,5000
1079,30,2024-11-29,2,딸기,NNG,9999
1080,38,2024-11-29,2,레시피,NNG,9999
1081,123,2024-11-29,2,약과,NNG,9999
1082,148,2024-11-29,1,초콜릿,NNG,9999
1083,194,2024-11-29,1,핫치즈빅싸이,NNG,9999
1084,207,2024-11-29,1,간식,NNG,5000
1085,798,2024-11-29,1,젤리,NNG,5000
1086,26,2024-11-30,2,두바이초콜릿,NNG,9999
1087,61,2024-11-30,1,먹방,NNG,9999
1088,482,2024-11-30,1,바오밥,NNG,5000
1089,511,2024-11-30,2,베리,NNG,5000
1090,716,2024-11-30,2,오리,NNG,5000
1091,38,2024-12-01,1,레시피,NNG,9999
1092,54,2024-12-01,1,말차,NNG,9999
1093,61,2024-12-01,2,먹방,NNG,9999
1094,83,2024-12-01,1,불닭,NNG,9999
1095,628,2024-12-01,1,스크림,NNG,5000
1096,725,2024-12-01,1,오일,NNG,5000
1097,38,2024-12-02,1,레시피,NNG,9999
1098,61,2024-12-02,1,먹방,NNG,9999
1099,83,2024-12-02,2,불닭,NNG,9999
1100,148,2024-12-02,2,초콜릿,NNG,9999
1101,692,2024-12-02,2,양념,NNG,5000
1102,798,2024-12-02,2,젤리,NNG,5000
1103,26,2024-12-03,1,두바이초콜릿,NNG,9999
1104,30,2024-12-03,1,딸기,NNG,9999
1105,38,2024-12-03,1,레시피,NNG,9999
1106,207,2024-12-03,1,간식,NNG,5000
1107,255,2024-12-03,1,구매,NNG,5000
1108,360,2024-12-03,1,디저트,NNG,5000
1109,511,2024-12-03,1,베리,NNG,5000
1110,779,2024-12-03,1,재료,NNG,5000
1111,12,2024-12-04,2,꼬치,NNG,9999
1112,61,2024-12-04,1,먹방,NNG,9999
1113,135,2024-12-04,2,요리,NNG,9999
1114,148,2024-12-04,1,초콜릿,NNG,9999
1115,255,2024-12-04,1,구매,NNG,5000
1116,513,2024-12-04,1,베이,NNG,5000
1117,716,2024-12-04,1,오리,NNG,5000
1118,897,2024-12-04,2,케익,NNG,5000
1119,998,2024-12-04,1,편의점,NNG,5000
1120,61,2024-12-05,2,먹방,NNG,9999
1121,360,2024-12-05,1,디저트,NNG,5000
1122,597,2024-12-05,1,소스,NNG,5000
1123,964,2024-12-05,1,트루프루,NNG,5000
1124,1030,2024-12-05,1,피자,NNG,5000
1125,27,2024-12-06,2,두찜,NNG,9999
1126,38,2024-12-06,1,레시피,NNG,9999
1127,61,2024-12-06,2,먹방,NNG,9999
1128,83,2024-12-06,2,불닭,NNG,9999
1129,159,2024-12-06,2,칼디,NNG,9999
1130,870,2024-12-06,1,치즈,NNG,5000
1131,25,2024-12-07,1,동결건조,NNG,9999
1132,27,2024-12-07,1,두찜,NNG,9999
1133,83,2024-12-07,1,불닭,NNG,9999
1134,148,2024-12-07,1,초콜릿,NNG,9999
1135,207,2024-12-07,1,간식,NNG,5000
1136,248,2024-12-07,1,곶감,NNG,5000
1137,964,2024-12-07,1,트루프루,NNG,5000
1138,61,2024-12-08,1,먹방,NNG,9999
1139,83,2024-12-08,2,불닭,NNG,9999
1140,229,2024-12-08,2,계란,NNG,5000
1141,255,2024-12-08,1,구매,NNG,5000
1142,374,2024-12-08,1,라면,NNG,5000
1143,511,2024-12-08,1,베리,NNG,5000
1144,45,2024-12-09,1,마라탕,NNG,9999
1145,85,2024-12-09,2,붕어빵,NNG,9999
1146,107,2024-12-09,4,수건케이크,NNG,9999
1147,148,2024-12-09,1,초콜릿,NNG,9999
1148,249,2024-12-09,2,과일,NNG,5000
1149,374,2024-12-09,2,라면,NNG,5000
1150,387,2024-12-09,1,라즈베리,NNG,5000
1151,863,2024-12-09,1,초콜렛,NNG,5000
1152,207,2024-12-10,1,간식,NNG,5000
1153,405,2024-12-10,1,리스,NNG,5000
1154,587,2024-12-10,1,석류,NNG,5000
1155,628,2024-12-10,1,스크림,NNG,5000
1156,845,2024-12-10,1,초코,NNG,5000
1157,895,2024-12-10,2,케이,NNG,5000
1158,61,2024-12-11,1,먹방,NNG,9999
1159,107,2024-12-11,1,수건케이크,NNG,9999
1160,175,2024-12-11,1,탕후루,NNG,9999
1161,190,2024-12-11,1,하리보,NNG,9999
1162,798,2024-12-11,3,젤리,NNG,5000
1163,897,2024-12-11,1,케익,NNG,5000
1164,61,2024-12-12,3,먹방,NNG,9999
1165,206,2024-12-12,1,가지,NNG,5000
1166,255,2024-12-12,1,구매,NNG,5000
1167,360,2024-12-12,1,디저트,NNG,5000
1168,363,2024-12-12,1,딸래미,NNG,5000
1169,12,2024-12-13,2,꼬치,NNG,9999
1170,61,2024-12-13,1,먹방,NNG,9999
1171,74,2024-12-13,1,버거킹,NNG,9999
1172,114,2024-12-13,1,스무디,NNG,9999
1173,207,2024-12-13,1,간식,NNG,5000
1174,571,2024-12-13,1,삼시세끼,NNG,5000
1175,798,2024-12-13,2,젤리,NNG,5000
1176,25,2024-12-14,1,동결건조,NNG,9999
1177,46,2024-12-14,1,마시멜로,NNG,9999
1178,136,2024-12-14,1,요아정,NNG,9999
1179,263,2024-12-14,2,국수,NNG,5000
1180,61,2024-12-15,1,먹방,NNG,9999
1181,207,2024-12-15,1,간식,NNG,5000
1182,232,2024-12-15,1,고구마,NNG,5000
1183,261,2024-12-15,1,국물,NNG,5000
1184,628,2024-12-15,1,스크림,NNG,5000
1185,998,2024-12-15,1,편의점,NNG,5000
1186,12,2024-12-16,1,꼬치,NNG,9999
1187,45,2024-12-16,2,마라탕,NNG,9999
1188,61,2024-12-16,2,먹방,NNG,9999
1189,214,2024-12-16,1,감자,NNG,5000
1190,235,2024-12-16,1,고디바,NNG,5000
1191,21,2024-12-17,1,던킨도너츠,NNG,9999
1192,25,2024-12-17,1,동결건조,NNG,9999
1193,26,2024-12-17,1,두바이초콜릿,NNG,9999
1194,61,2024-12-17,3,먹방,NNG,9999
1195,107,2024-12-17,4,수건케이크,NNG,9999
1196,360,2024-12-17,1,디저트,NNG,5000
1197,15,2024-12-18,1,달고나,NNG,9999
1198,30,2024-12-18,2,딸기,NNG,9999
1199,46,2024-12-18,1,마시멜로,NNG,9999
1200,61,2024-12-18,1,먹방,NNG,9999
1201,104,2024-12-18,1,소금빵,NNG,9999
1202,148,2024-12-18,2,초콜릿,NNG,9999
1203,539,2024-12-18,1,블린더,NNG,5000
1204,61,2024-12-19,2,먹방,NNG,9999
1205,148,2024-12-19,3,초콜릿,NNG,9999
1206,222,2024-12-19,1,건빵,NNG,5000
1207,396,2024-12-19,1,로스,NNG,5000
1208,405,2024-12-19,1,리스,NNG,5000
1209,651,2024-12-19,1,식감,NNG,5000
1210,38,2024-12-20,1,레시피,NNG,9999
1211,61,2024-12-20,2,먹방,NNG,9999
1212,116,2024-12-20,1,스위즐스,NNG,9999
1213,266,2024-12-20,1,글리터,NNG,5000
1214,699,2024-12-20,2,얼음,NNG,5000
1215,710,2024-12-20,1,연어,NNG,5000
1216,25,2024-12-21,1,동결건조,NNG,9999
1217,61,2024-12-21,2,먹방,NNG,9999
1218,83,2024-12-21,1,불닭,NNG,9999
1219,207,2024-12-21,3,간식,NNG,5000
1220,341,2024-12-21,2,도넛,NNG,5000
1221,628,2024-12-21,1,스크림,NNG,5000
1222,995,2024-12-21,1,페스,NNG,5000
1223,30,2024-12-22,2,딸기,NNG,9999
1224,405,2024-12-22,1,리스,NNG,5000
1225,580,2024-12-22,1,샐러드,NNG,5000
1226,61,2024-12-23,1,먹방,NNG,9999
1227,107,2024-12-23,1,수건케이크,NNG,9999
1228,187,2024-12-23,2,피스타치오,NNG,9999
1229,291,2024-12-23,1,끌레도르,NNG,5000
1230,405,2024-12-23,1,리스,NNG,5000
1231,655,2024-12-23,2,식빵,NNG,5000
1232,987,2024-12-23,1,팥죽,NNG,5000
1233,30,2024-12-24,1,딸기,NNG,9999
1234,61,2024-12-24,1,먹방,NNG,9999
1235,107,2024-12-24,1,수건케이크,NNG,9999
1236,255,2024-12-24,1,구매,NNG,5000
1237,405,2024-12-24,2,리스,NNG,5000
1238,598,2024-12-24,1,소시지,NNG,5000
1239,30,2024-12-25,3,딸기,NNG,9999
1240,44,2024-12-25,1,마라샹궈,NNG,9999
1241,61,2024-12-25,2,먹방,NNG,9999
1242,77,2024-12-25,1,베스킨라빈스,NNG,9999
1243,163,2024-12-25,1,쿠키,NNG,9999
1244,61,2024-12-26,3,먹방,NNG,9999
1245,116,2024-12-26,1,스위즐스,NNG,9999
1246,286,2024-12-26,1,꾸덕,NNG,5000
1247,331,2024-12-26,1,대파,NNG,5000
1248,366,2024-12-26,1,떡볶이,NNG,5000
1249,513,2024-12-26,1,베이,NNG,5000
1250,1044,2024-12-26,1,핫도그,NNG,5000
1251,3,2024-12-27,2,고추바사삭,NNG,9999
1252,26,2024-12-27,1,두바이초콜릿,NNG,9999
1253,61,2024-12-27,1,먹방,NNG,9999
1254,232,2024-12-27,1,고구마,NNG,5000
1255,273,2024-12-27,1,김치,NNG,5000
1256,30,2024-12-28,1,딸기,NNG,9999
1257,38,2024-12-28,1,레시피,NNG,9999
1258,45,2024-12-28,1,마라탕,NNG,9999
1259,172,2024-12-28,1,타코야끼,NNG,9999
1260,207,2024-12-28,1,간식,NNG,5000
1261,232,2024-12-28,1,고구마,NNG,5000
1262,587,2024-12-28,1,석류,NNG,5000
1263,762,2024-12-28,2,음식,NNG,5000
1264,1060,2024-12-28,1,허니,NNG,5000
1265,61,2024-12-29,2,먹방,NNG,9999
1266,259,2024-12-29,1,구이,NNG,5000
1267,409,2024-12-29,1,링고아메,NNG,5000
1268,61,2024-12-30,1,먹방,NNG,9999
1269,249,2024-12-30,2,과일,NNG,5000
1270,38,2024-12-31,1,레시피,NNG,9999
1271,83,2024-12-31,1,불닭,NNG,9999
1272,323,2024-12-31,1,닭발,NNG,5000
1273,61,2025-01-01,1,먹방,NNG,9999
1274,250,2025-01-01,1,과자,NNG,5000
1275,255,2025-01-01,1,구매,NNG,5000
1276,425,2025-01-01,1,만둣국,NNG,5000
1277,798,2025-01-01,1,젤리,NNG,5000
1278,61,2025-01-02,3,먹방,NNG,9999
1279,68,2025-01-02,1,민트초코,NNG,9999
1280,95,2025-01-02,1,샤인머스캣,NNG,9999
1281,360,2025-01-02,1,디저트,NNG,5000
1282,374,2025-01-02,1,라면,NNG,5000
1283,837,2025-01-02,1,찹쌀,NNG,5000
1284,61,2025-01-03,1,먹방,NNG,9999
1285,273,2025-01-03,1,김치,NNG,5000
1286,331,2025-01-03,1,대파,NNG,5000
1287,646,2025-01-03,2,시리얼,NNG,5000
1288,30,2025-01-04,2,딸기,NNG,9999
1289,58,2025-01-04,1,맥도날드,NNG,9999
1290,163,2025-01-04,1,쿠키,NNG,9999
1291,220,2025-01-04,1,개구리,NNG,5000
1292,384,2025-01-04,1,라이,NNG,5000
1293,507,2025-01-04,1,버블,NNG,5000
1294,895,2025-01-04,2,케이,NNG,5000
1295,46,2025-01-05,2,마시멜로,NNG,9999
1296,249,2025-01-05,1,과일,NNG,5000
1297,366,2025-01-05,2,떡볶이,NNG,5000
1298,30,2025-01-06,1,딸기,NNG,9999
1299,38,2025-01-06,1,레시피,NNG,9999
1300,187,2025-01-06,1,피스타치오,NNG,9999
1301,214,2025-01-06,1,감자,NNG,5000
1302,273,2025-01-06,2,김치,NNG,5000
1303,405,2025-01-06,1,리스,NNG,5000
1304,38,2025-01-07,1,레시피,NNG,9999
1305,61,2025-01-07,1,먹방,NNG,9999
1306,107,2025-01-07,2,수건케이크,NNG,9999
1307,123,2025-01-07,2,약과,NNG,9999
1308,874,2025-01-07,1,치킨,NNG,5000
1309,25,2025-01-08,2,동결건조,NNG,9999
1310,30,2025-01-08,1,딸기,NNG,9999
1311,38,2025-01-08,1,레시피,NNG,9999
1312,55,2025-01-08,3,맘스터치,NNG,9999
1313,232,2025-01-08,1,고구마,NNG,5000
1314,250,2025-01-08,1,과자,NNG,5000
1315,331,2025-01-08,2,대파,NNG,5000
1316,61,2025-01-09,2,먹방,NNG,9999
1317,172,2025-01-09,1,타코야끼,NNG,9999
1318,229,2025-01-09,1,계란,NNG,5000
1319,319,2025-01-09,1,달걀,NNG,5000
1320,378,2025-01-09,1,라보,NNG,5000
1321,620,2025-01-09,1,스낵,NNG,5000
1322,25,2025-01-10,1,동결건조,NNG,9999
1323,38,2025-01-10,1,레시피,NNG,9999
1324,58,2025-01-10,2,맥도날드,NNG,9999
1325,61,2025-01-10,1,먹방,NNG,9999
1326,107,2025-01-10,2,수건케이크,NNG,9999
1327,139,2025-01-10,1,유자차,NNG,9999
1328,745,2025-01-10,2,우유,NNG,5000
1329,798,2025-01-10,1,젤리,NNG,5000
1330,26,2025-01-11,1,두바이초콜릿,NNG,9999
1331,97,2025-01-11,1,서브웨이,NNG,9999
1332,148,2025-01-11,4,초콜릿,NNG,9999
1333,562,2025-01-11,2,사탕,NNG,5000
1334,651,2025-01-11,1,식감,NNG,5000
1335,863,2025-01-11,1,초콜렛,NNG,5000
1336,21,2025-01-12,2,던킨도너츠,NNG,9999
1337,61,2025-01-12,1,먹방,NNG,9999
1338,70,2025-01-12,1,바나나,NNG,9999
1339,141,2025-01-12,1,중국식빵,NNG,9999
1340,233,2025-01-12,1,고기,NNG,5000
1341,35,2025-01-13,1,라라스윗,NNG,9999
1342,123,2025-01-13,1,약과,NNG,9999
1343,135,2025-01-13,1,요리,NNG,9999
1344,255,2025-01-13,1,구매,NNG,5000
1345,366,2025-01-13,1,떡볶이,NNG,5000
1346,384,2025-01-13,1,라이,NNG,5000
1347,798,2025-01-13,1,젤리,NNG,5000
1348,45,2025-01-14,1,마라탕,NNG,9999
1349,61,2025-01-14,2,먹방,NNG,9999
1350,107,2025-01-14,1,수건케이크,NNG,9999
1351,178,2025-01-14,1,파삭,NNG,9999
1352,255,2025-01-14,1,구매,NNG,5000
1353,440,2025-01-14,1,먹성,NNG,5000
1354,798,2025-01-14,1,젤리,NNG,5000
1355,895,2025-01-14,1,케이,NNG,5000
1356,38,2025-01-15,1,레시피,NNG,9999
1357,46,2025-01-15,2,마시멜로,NNG,9999
1358,61,2025-01-15,2,먹방,NNG,9999
1359,107,2025-01-15,1,수건케이크,NNG,9999
1360,207,2025-01-15,1,간식,NNG,5000
1361,248,2025-01-15,2,곶감,NNG,5000
1362,651,2025-01-15,1,식감,NNG,5000
1363,798,2025-01-15,1,젤리,NNG,5000
1364,46,2025-01-16,2,마시멜로,NNG,9999
1365,255,2025-01-16,1,구매,NNG,5000
1366,630,2025-01-16,1,스테이,NNG,5000
1367,677,2025-01-16,1,아이스,NNG,5000
1368,716,2025-01-16,1,오리,NNG,5000
1369,890,2025-01-16,1,캔디,NNG,5000
1370,15,2025-01-17,1,달고나,NNG,9999
1371,61,2025-01-17,3,먹방,NNG,9999
1372,83,2025-01-17,1,불닭,NNG,9999
1373,107,2025-01-17,2,수건케이크,NNG,9999
1374,223,2025-01-17,1,겉절이,NNG,5000
1375,273,2025-01-17,1,김치,NNG,5000
1376,30,2025-01-18,1,딸기,NNG,9999
1377,53,2025-01-18,1,막걸리,NNG,9999
1378,61,2025-01-18,1,먹방,NNG,9999
1379,107,2025-01-18,2,수건케이크,NNG,9999
1380,371,2025-01-18,1,라구,NNG,5000
1381,30,2025-01-19,1,딸기,NNG,9999
1382,38,2025-01-19,1,레시피,NNG,9999
1383,61,2025-01-19,2,먹방,NNG,9999
1384,360,2025-01-19,1,디저트,NNG,5000
1385,430,2025-01-19,2,맛집,NNG,5000
1386,630,2025-01-19,2,스테이,NNG,5000
1387,890,2025-01-19,2,캔디,NNG,5000
1388,61,2025-01-20,3,먹방,NNG,9999
1389,88,2025-01-20,1,빙산롱옌,NNG,9999
1390,175,2025-01-20,1,탕후루,NNG,9999
1391,249,2025-01-20,1,과일,NNG,5000
1392,360,2025-01-20,1,디저트,NNG,5000
1393,554,2025-01-20,1,뿌링치즈볼,NNG,5000
1394,655,2025-01-20,1,식빵,NNG,5000
1395,30,2025-01-21,1,딸기,NNG,9999
1396,38,2025-01-21,1,레시피,NNG,9999
1397,61,2025-01-21,2,먹방,NNG,9999
1398,107,2025-01-21,1,수건케이크,NNG,9999
1399,249,2025-01-21,1,과일,NNG,5000
1400,324,2025-01-21,1,닭볶음탕,NNG,5000
1401,30,2025-01-22,1,딸기,NNG,9999
1402,88,2025-01-22,2,빙산롱옌,NNG,9999
1403,107,2025-01-22,1,수건케이크,NNG,9999
1404,137,2025-01-22,1,우동,NNG,9999
1405,207,2025-01-22,2,간식,NNG,5000
1406,259,2025-01-22,1,구이,NNG,5000
1407,30,2025-01-23,2,딸기,NNG,9999
1408,61,2025-01-23,1,먹방,NNG,9999
1409,443,2025-01-23,1,메뉴,NNG,5000
1410,26,2025-01-24,1,두바이초콜릿,NNG,9999
1411,30,2025-01-24,1,딸기,NNG,9999
1412,240,2025-01-24,2,고추,NNG,5000
1413,250,2025-01-24,1,과자,NNG,5000
1414,646,2025-01-24,2,시리얼,NNG,5000
1415,816,2025-01-24,1,짜파게티,NNG,5000
1416,61,2025-01-25,2,먹방,NNG,9999
1417,130,2025-01-25,1,엽기떡볶이,NNG,9999
1418,148,2025-01-25,1,초콜릿,NNG,9999
1419,214,2025-01-25,1,감자,NNG,5000
1420,255,2025-01-25,1,구매,NNG,5000
1421,562,2025-01-25,1,사탕,NNG,5000
1422,845,2025-01-25,1,초코,NNG,5000
1423,21,2025-01-26,2,던킨도너츠,NNG,9999
1424,61,2025-01-26,2,먹방,NNG,9999
1425,107,2025-01-26,2,수건케이크,NNG,9999
1426,188,2025-01-26,1,피자헛,NNG,9999
1427,398,2025-01-26,1,로제찜,NNG,5000
1428,30,2025-01-27,1,딸기,NNG,9999
1429,61,2025-01-27,1,먹방,NNG,9999
1430,88,2025-01-27,1,빙산롱옌,NNG,9999
1431,107,2025-01-27,2,수건케이크,NNG,9999
1432,319,2025-01-27,1,달걀,NNG,5000
1433,641,2025-01-27,1,슬라,NNG,5000
1434,25,2025-01-28,1,동결건조,NNG,9999
1435,38,2025-01-28,1,레시피,NNG,9999
1436,116,2025-01-28,2,스위즐스,NNG,9999
1437,190,2025-01-28,1,하리보,NNG,9999
1438,240,2025-01-28,1,고추,NNG,5000
1439,365,2025-01-28,2,떡국,NNG,5000
1440,907,2025-01-28,1,콜라,NNG,5000
1441,908,2025-01-28,1,콩나물,NNG,5000
1442,190,2025-01-29,1,하리보,NNG,9999
1443,207,2025-01-29,1,간식,NNG,5000
1444,360,2025-01-29,1,디저트,NNG,5000
1445,365,2025-01-29,1,떡국,NNG,5000
1446,628,2025-01-29,1,스크림,NNG,5000
1447,30,2025-01-30,1,딸기,NNG,9999
1448,249,2025-01-30,2,과일,NNG,5000
1449,271,2025-01-30,2,김밥,NNG,5000
1450,298,2025-01-30,2,냉면,NNG,5000
1451,360,2025-01-30,1,디저트,NNG,5000
1452,584,2025-01-30,1,샤베트,NNG,5000
1453,628,2025-01-30,1,스크림,NNG,5000
1454,697,2025-01-30,1,양푼,NNG,5000
1455,45,2025-01-31,2,마라탕,NNG,9999
1456,61,2025-01-31,1,먹방,NNG,9999
1457,249,2025-01-31,1,과일,NNG,5000
1458,255,2025-01-31,1,구매,NNG,5000
1459,261,2025-01-31,1,국물,NNG,5000
1460,374,2025-01-31,1,라면,NNG,5000
1461,508,2025-01-31,1,버섯,NNG,5000
1462,21,2025-02-01,2,던킨도너츠,NNG,9999
1463,75,2025-02-01,1,버블티,NNG,9999
1464,116,2025-02-01,1,스위즐스,NNG,9999
1465,141,2025-02-01,1,중국식빵,NNG,9999
1466,356,2025-02-01,1,두부,NNG,5000
1467,874,2025-02-01,2,치킨,NNG,5000
1468,10,2025-02-02,1,까르보불닭,NNG,9999
1469,61,2025-02-02,1,먹방,NNG,9999
1470,88,2025-02-02,2,빙산롱옌,NNG,9999
1471,214,2025-02-02,1,감자,NNG,5000
1472,506,2025-02-02,2,버거,NNG,5000
1473,655,2025-02-02,1,식빵,NNG,5000
1474,735,2025-02-02,2,요거,NNG,5000
1475,814,2025-02-02,1,짜장,NNG,5000
1476,61,2025-02-03,1,먹방,NNG,9999
1477,626,2025-02-03,1,스윗믹스젤리,NNG,5000
1478,655,2025-02-03,1,식빵,NNG,5000
1479,874,2025-02-03,1,치킨,NNG,5000
1480,890,2025-02-03,1,캔디,NNG,5000
1481,30,2025-02-04,3,딸기,NNG,9999
1482,61,2025-02-04,2,먹방,NNG,9999
1483,70,2025-02-04,1,바나나,NNG,9999
1484,83,2025-02-04,1,불닭,NNG,9999
1485,255,2025-02-04,1,구매,NNG,5000
1486,462,2025-02-04,1,문어,NNG,5000
1487,874,2025-02-04,1,치킨,NNG,5000
1488,890,2025-02-04,1,캔디,NNG,5000
1489,35,2025-02-05,2,라라스윗,NNG,9999
1490,38,2025-02-05,1,레시피,NNG,9999
1491,46,2025-02-05,2,마시멜로,NNG,9999
1492,61,2025-02-05,1,먹방,NNG,9999
1493,97,2025-02-05,1,서브웨이,NNG,9999
1494,798,2025-02-05,1,젤리,NNG,5000
1495,61,2025-02-06,1,먹방,NNG,9999
1496,267,2025-02-06,1,금귤,NNG,5000
1497,375,2025-02-06,1,라미,NNG,5000
1498,378,2025-02-06,1,라보,NNG,5000
1499,626,2025-02-06,1,스윗믹스젤리,NNG,5000
1500,30,2025-02-07,1,딸기,NNG,9999
1501,61,2025-02-07,2,먹방,NNG,9999
1502,259,2025-02-07,1,구이,NNG,5000
1503,378,2025-02-07,1,라보,NNG,5000
1504,519,2025-02-07,1,보로,NNG,5000
1505,728,2025-02-07,1,옥수수,NNG,5000
1506,798,2025-02-07,1,젤리,NNG,5000
1507,30,2025-02-08,4,딸기,NNG,9999
1508,61,2025-02-08,1,먹방,NNG,9999
1509,107,2025-02-08,1,수건케이크,NNG,9999
1510,249,2025-02-08,1,과일,NNG,5000
1511,255,2025-02-08,1,구매,NNG,5000
1512,294,2025-02-08,1,낙타,NNG,5000
1513,732,2025-02-08,1,와플,NNG,5000
1514,837,2025-02-08,1,찹쌀,NNG,5000
1515,895,2025-02-08,1,케이,NNG,5000
1516,47,2025-02-09,1,마오쥔젤,NNG,9999
1517,61,2025-02-09,1,먹방,NNG,9999
1518,135,2025-02-09,1,요리,NNG,9999
1519,148,2025-02-09,1,초콜릿,NNG,9999
1520,208,2025-02-09,2,간장,NNG,5000
1521,360,2025-02-09,1,디저트,NNG,5000
1522,30,2025-02-10,1,딸기,NNG,9999
1523,61,2025-02-10,1,먹방,NNG,9999
1524,88,2025-02-10,1,빙산롱옌,NNG,9999
1525,135,2025-02-10,1,요리,NNG,9999
1526,735,2025-02-10,1,요거,NNG,5000
1527,895,2025-02-10,1,케이,NNG,5000
1528,30,2025-02-11,1,딸기,NNG,9999
1529,61,2025-02-11,1,먹방,NNG,9999
1530,141,2025-02-11,3,중국식빵,NNG,9999
1531,163,2025-02-11,1,쿠키,NNG,9999
1532,249,2025-02-11,2,과일,NNG,5000
1533,651,2025-02-11,1,식감,NNG,5000
1534,970,2025-02-11,1,파니포포,NNG,5000
1535,30,2025-02-12,2,딸기,NNG,9999
1536,43,2025-02-12,1,마들렌,NNG,9999
1537,83,2025-02-12,2,불닭,NNG,9999
1538,88,2025-02-12,1,빙산롱옌,NNG,9999
1539,116,2025-02-12,1,스위즐스,NNG,9999
1540,137,2025-02-12,1,우동,NNG,9999
1541,374,2025-02-12,2,라면,NNG,5000
1542,663,2025-02-12,1,실키젬,NNG,5000
1543,870,2025-02-12,2,치즈,NNG,5000
1544,977,2025-02-12,1,파스타,NNG,5000
1545,61,2025-02-13,1,먹방,NNG,9999
1546,148,2025-02-13,2,초콜릿,NNG,9999
1547,207,2025-02-13,1,간식,NNG,5000
1548,513,2025-02-13,1,베이,NNG,5000
1549,735,2025-02-13,1,요거,NNG,5000
1550,760,2025-02-13,1,음료,NNG,5000
1551,61,2025-02-14,1,먹방,NNG,9999
1552,148,2025-02-14,1,초콜릿,NNG,9999
1553,199,2025-02-14,1,휘낭시에,NNG,9999
1554,732,2025-02-14,1,와플,NNG,5000
1555,61,2025-02-15,2,먹방,NNG,9999
1556,83,2025-02-15,1,불닭,NNG,9999
1557,141,2025-02-15,2,중국식빵,NNG,9999
1558,249,2025-02-15,1,과일,NNG,5000
1559,596,2025-02-15,2,소세지,NNG,5000
1560,970,2025-02-15,1,파니포포,NNG,5000
1561,46,2025-02-16,1,마시멜로,NNG,9999
1562,61,2025-02-16,1,먹방,NNG,9999
1563,83,2025-02-16,1,불닭,NNG,9999
1564,95,2025-02-16,1,샤인머스캣,NNG,9999
1565,148,2025-02-16,1,초콜릿,NNG,9999
1566,155,2025-02-16,1,카다이프,NNG,9999
1567,163,2025-02-16,1,쿠키,NNG,9999
1568,187,2025-02-16,1,피스타치오,NNG,9999
1569,519,2025-02-16,2,보로,NNG,5000
1570,798,2025-02-16,1,젤리,NNG,5000
1571,38,2025-02-17,2,레시피,NNG,9999
1572,61,2025-02-17,2,먹방,NNG,9999
1573,83,2025-02-17,2,불닭,NNG,9999
1574,125,2025-02-17,1,어묵,NNG,9999
1575,163,2025-02-17,2,쿠키,NNG,9999
1576,250,2025-02-17,1,과자,NNG,5000
1577,562,2025-02-17,1,사탕,NNG,5000
1578,639,2025-02-17,1,스프,NNG,5000
1579,750,2025-02-17,1,워터,NNG,5000
1580,25,2025-02-18,1,동결건조,NNG,9999
1581,55,2025-02-18,2,맘스터치,NNG,9999
1582,61,2025-02-18,2,먹방,NNG,9999
1583,175,2025-02-18,2,탕후루,NNG,9999
1584,346,2025-02-18,1,돈키호테,NNG,5000
1585,542,2025-02-18,1,비빔,NNG,5000
1586,30,2025-02-19,4,딸기,NNG,9999
1587,83,2025-02-19,1,불닭,NNG,9999
1588,12,2025-02-20,1,꼬치,NNG,9999
1589,26,2025-02-20,2,두바이초콜릿,NNG,9999
1590,61,2025-02-20,1,먹방,NNG,9999
1591,188,2025-02-20,1,피자헛,NNG,9999
1592,214,2025-02-20,1,감자,NNG,5000
1593,441,2025-02-20,1,먹태,NNG,5000
1594,655,2025-02-20,2,식빵,NNG,5000
1595,10,2025-02-21,1,까르보불닭,NNG,9999
1596,30,2025-02-21,2,딸기,NNG,9999
1597,61,2025-02-21,1,먹방,NNG,9999
1598,83,2025-02-21,1,불닭,NNG,9999
1599,298,2025-02-21,1,냉면,NNG,5000
1600,562,2025-02-21,1,사탕,NNG,5000
1601,811,2025-02-21,1,집밥,NNG,5000
1602,1051,2025-02-21,1,해먹,NNG,5000
1603,38,2025-02-22,1,레시피,NNG,9999
1604,61,2025-02-22,3,먹방,NNG,9999
1605,156,2025-02-22,1,카스테라,NNG,9999
1606,249,2025-02-22,2,과일,NNG,5000
1607,341,2025-02-22,1,도넛,NNG,5000
1608,874,2025-02-22,1,치킨,NNG,5000
1609,61,2025-02-23,2,먹방,NNG,9999
1610,107,2025-02-23,1,수건케이크,NNG,9999
1611,207,2025-02-23,3,간식,NNG,5000
1612,208,2025-02-23,1,간장,NNG,5000
1613,249,2025-02-23,1,과일,NNG,5000
1614,798,2025-02-23,1,젤리,NNG,5000
1615,863,2025-02-23,1,초콜렛,NNG,5000
1616,874,2025-02-23,2,치킨,NNG,5000
1617,30,2025-02-24,1,딸기,NNG,9999
1618,38,2025-02-24,1,레시피,NNG,9999
1619,61,2025-02-24,1,먹방,NNG,9999
1620,366,2025-02-24,1,떡볶이,NNG,5000
1621,492,2025-02-24,1,밥버거,NNG,5000
1622,655,2025-02-24,1,식빵,NNG,5000
1623,30,2025-02-25,3,딸기,NNG,9999
1624,38,2025-02-25,3,레시피,NNG,9999
1625,61,2025-02-25,1,먹방,NNG,9999
1626,65,2025-02-25,1,메론빵,NNG,9999
1627,206,2025-02-25,1,가지,NNG,5000
1628,286,2025-02-25,2,꾸덕,NNG,5000
1629,287,2025-02-25,1,꾸우우우덕,NNG,5000
1630,30,2025-02-26,2,딸기,NNG,9999
1631,61,2025-02-26,2,먹방,NNG,9999
1632,384,2025-02-26,1,라이,NNG,5000
1633,628,2025-02-26,1,스크림,NNG,5000
1634,677,2025-02-26,2,아이스,NNG,5000
1635,798,2025-02-26,1,젤리,NNG,5000
1636,25,2025-02-27,1,동결건조,NNG,9999
1637,30,2025-02-27,1,딸기,NNG,9999
1638,61,2025-02-27,1,먹방,NNG,9999
1639,1030,2025-02-27,1,피자,NNG,5000
1640,38,2025-02-28,1,레시피,NNG,9999
1641,61,2025-02-28,1,먹방,NNG,9999
1642,273,2025-02-28,1,김치,NNG,5000
1643,286,2025-02-28,1,꾸덕,NNG,5000
1644,597,2025-02-28,1,소스,NNG,5000
1645,633,2025-02-28,1,스티키마차,NNG,5000
1646,762,2025-02-28,1,음식,NNG,5000
1647,798,2025-02-28,1,젤리,NNG,5000
1648,806,2025-02-28,1,중국식,NNG,5000
1649,1030,2025-02-28,1,피자,NNG,5000
1650,61,2025-03-01,1,먹방,NNG,9999
1651,116,2025-03-01,1,스위즐스,NNG,9999
1652,175,2025-03-01,1,탕후루,NNG,9999
1653,207,2025-03-01,1,간식,NNG,5000
1654,329,2025-03-01,1,대추씨,NNG,5000
1655,443,2025-03-01,1,메뉴,NNG,5000
1656,894,2025-03-01,1,케비어,NNG,5000
1657,61,2025-03-02,2,먹방,NNG,9999
1658,175,2025-03-02,1,탕후루,NNG,9999
1659,347,2025-03-02,1,동파육,NNG,5000
1660,636,2025-03-02,1,스파게티,NNG,5000
1661,870,2025-03-02,1,치즈,NNG,5000
1662,943,2025-03-02,1,탄산,NNG,5000
1663,25,2025-03-03,1,동결건조,NNG,9999
1664,61,2025-03-03,1,먹방,NNG,9999
1665,232,2025-03-03,1,고구마,NNG,5000
1666,289,2025-03-03,1,꿀젤리모나카,NNG,5000
1667,531,2025-03-03,1,분식,NNG,5000
1668,633,2025-03-03,1,스티키마차,NNG,5000
1669,894,2025-03-03,1,케비어,NNG,5000
1670,25,2025-03-04,1,동결건조,NNG,9999
1671,38,2025-03-04,1,레시피,NNG,9999
1672,61,2025-03-04,2,먹방,NNG,9999
1673,144,2025-03-04,1,쫀득쿠키,NNG,9999
1674,175,2025-03-04,2,탕후루,NNG,9999
1675,360,2025-03-04,1,디저트,NNG,5000
1676,384,2025-03-04,1,라이,NNG,5000
1677,449,2025-03-04,1,명랑,NNG,5000
1678,909,2025-03-04,1,콩피,NNG,5000
1679,61,2025-03-05,3,먹방,NNG,9999
1680,135,2025-03-05,1,요리,NNG,9999
1681,137,2025-03-05,1,우동,NNG,9999
1682,142,2025-03-05,1,짜장면,NNG,9999
1683,249,2025-03-05,1,과일,NNG,5000
1684,513,2025-03-05,1,베이,NNG,5000
1685,978,2025-03-05,1,파이,NNG,5000
1686,61,2025-03-06,2,먹방,NNG,9999
1687,180,2025-03-06,1,팟타이,NNG,9999
1688,208,2025-03-06,1,간장,NNG,5000
1689,239,2025-03-06,1,고메,NNG,5000
1690,289,2025-03-06,2,꿀젤리모나카,NNG,5000
1691,513,2025-03-06,1,베이,NNG,5000
1692,519,2025-03-06,1,보로,NNG,5000
1693,608,2025-03-06,1,수저,NNG,5000
1694,61,2025-03-07,1,먹방,NNG,9999
1695,148,2025-03-07,1,초콜릿,NNG,9999
1696,207,2025-03-07,1,간식,NNG,5000
1697,423,2025-03-07,1,만두,NNG,5000
1698,630,2025-03-07,1,스테이,NNG,5000
1699,633,2025-03-07,2,스티키마차,NNG,5000
1700,696,2025-03-07,2,양파,NNG,5000
1701,924,2025-03-07,1,크록스,NNG,5000
1702,30,2025-03-08,1,딸기,NNG,9999
1703,38,2025-03-08,1,레시피,NNG,9999
1704,55,2025-03-08,2,맘스터치,NNG,9999
1705,135,2025-03-08,1,요리,NNG,9999
1706,249,2025-03-08,1,과일,NNG,5000
1707,762,2025-03-08,1,음식,NNG,5000
1708,874,2025-03-08,2,치킨,NNG,5000
1709,38,2025-03-09,1,레시피,NNG,9999
1710,61,2025-03-09,2,먹방,NNG,9999
1711,163,2025-03-09,1,쿠키,NNG,9999
1712,357,2025-03-09,1,드럼,NNG,5000
1713,38,2025-03-10,1,레시피,NNG,9999
1714,61,2025-03-10,3,먹방,NNG,9999
1715,360,2025-03-10,1,디저트,NNG,5000
1716,575,2025-03-10,1,새우,NNG,5000
1717,696,2025-03-10,1,양파,NNG,5000
1718,735,2025-03-10,1,요거,NNG,5000
1719,802,2025-03-10,1,족발,NNG,5000
1720,30,2025-03-11,2,딸기,NNG,9999
1721,88,2025-03-11,1,빙산롱옌,NNG,9999
1722,249,2025-03-11,1,과일,NNG,5000
1723,411,2025-03-11,1,마라로제,NNG,5000
1724,420,2025-03-11,2,마트,NNG,5000
1725,597,2025-03-11,1,소스,NNG,5000
1726,651,2025-03-11,1,식감,NNG,5000
1727,1011,2025-03-11,1,푸딩,NNG,5000
1728,3,2025-03-12,2,고추바사삭,NNG,9999
1729,61,2025-03-12,4,먹방,NNG,9999
1730,415,2025-03-12,1,마쉿서,NNG,5000
1731,523,2025-03-12,3,복숭아,NNG,5000
1732,730,2025-03-12,1,올리브,NNG,5000
1733,735,2025-03-12,1,요거,NNG,5000
1734,61,2025-03-13,3,먹방,NNG,9999
1735,104,2025-03-13,1,소금빵,NNG,9999
1736,250,2025-03-13,2,과자,NNG,5000
1737,255,2025-03-13,2,구매,NNG,5000
1738,384,2025-03-13,1,라이,NNG,5000
1739,630,2025-03-13,1,스테이,NNG,5000
1740,912,2025-03-13,1,쿠우,NNG,5000
1741,45,2025-03-14,1,마라탕,NNG,9999
1742,61,2025-03-14,2,먹방,NNG,9999
1743,148,2025-03-14,1,초콜릿,NNG,9999
1744,163,2025-03-14,1,쿠키,NNG,9999
1745,395,2025-03-14,1,레시,NNG,5000
1746,518,2025-03-14,1,베크,NNG,5000
1747,628,2025-03-14,1,스크림,NNG,5000
1748,30,2025-03-15,1,딸기,NNG,9999
1749,357,2025-03-15,2,드럼,NNG,5000
1750,392,2025-03-15,1,레몬,NNG,5000
1751,696,2025-03-15,2,양파,NNG,5000
1752,842,2025-03-15,1,체리,NNG,5000
1753,909,2025-03-15,1,콩피,NNG,5000
1754,25,2025-03-16,2,동결건조,NNG,9999
1755,38,2025-03-16,1,레시피,NNG,9999
1756,43,2025-03-16,2,마들렌,NNG,9999
1757,45,2025-03-16,2,마라탕,NNG,9999
1758,61,2025-03-16,1,먹방,NNG,9999
1759,148,2025-03-16,1,초콜릿,NNG,9999
1760,178,2025-03-16,1,파삭,NNG,9999
1761,392,2025-03-16,1,레몬,NNG,5000
1762,509,2025-03-16,1,버터,NNG,5000
1763,578,2025-03-16,1,샌드,NNG,5000
1764,597,2025-03-16,1,소스,NNG,5000
1765,909,2025-03-16,1,콩피,NNG,5000
1766,1020,2025-03-16,1,프리마,NNG,5000
1767,38,2025-03-17,1,레시피,NNG,9999
1768,42,2025-03-17,1,마늘빵,NNG,9999
1769,61,2025-03-17,1,먹방,NNG,9999
1770,206,2025-03-17,1,가지,NNG,5000
1771,320,2025-03-17,1,닭강정,NNG,5000
1772,523,2025-03-17,1,복숭아,NNG,5000
1773,891,2025-03-17,1,커피,NNG,5000
1774,1030,2025-03-17,1,피자,NNG,5000
1775,25,2025-03-18,1,동결건조,NNG,9999
1776,206,2025-03-18,1,가지,NNG,5000
1777,437,2025-03-18,1,매콤,NNG,5000
1778,628,2025-03-18,1,스크림,NNG,5000
1779,634,2025-03-18,1,스티키초코,NNG,5000
1780,61,2025-03-19,1,먹방,NNG,9999
1781,207,2025-03-19,3,간식,NNG,5000
1782,338,2025-03-19,1,덮밥,NNG,5000
1783,574,2025-03-19,1,상품,NNG,5000
1784,798,2025-03-19,1,젤리,NNG,5000
1785,49,2025-03-20,2,마카롱,NNG,9999
1786,61,2025-03-20,1,먹방,NNG,9999
1787,135,2025-03-20,1,요리,NNG,9999
1788,153,2025-03-20,1,치즈케이크,NNG,9999
1789,745,2025-03-20,1,우유,NNG,5000
1790,895,2025-03-20,1,케이,NNG,5000
1791,38,2025-03-21,1,레시피,NNG,9999
1792,61,2025-03-21,1,먹방,NNG,9999
1793,125,2025-03-21,1,어묵,NNG,9999
1794,135,2025-03-21,1,요리,NNG,9999
1795,207,2025-03-21,1,간식,NNG,5000
1796,387,2025-03-21,2,라즈베리,NNG,5000
1797,430,2025-03-21,1,맛집,NNG,5000
1798,61,2025-03-22,1,먹방,NNG,9999
1799,207,2025-03-22,2,간식,NNG,5000
1800,240,2025-03-22,1,고추,NNG,5000
1801,745,2025-03-22,1,우유,NNG,5000
1802,870,2025-03-22,1,치즈,NNG,5000
1803,30,2025-03-23,1,딸기,NNG,9999
1804,35,2025-03-23,1,라라스윗,NNG,9999
1805,61,2025-03-23,1,먹방,NNG,9999
1806,322,2025-03-23,1,닭다리,NNG,5000
1807,330,2025-03-23,1,대추야자,NNG,5000
1808,370,2025-03-23,1,라가,NNG,5000
1809,384,2025-03-23,1,라이,NNG,5000
1810,801,2025-03-23,1,조림,NNG,5000
1811,837,2025-03-23,2,찹쌀,NNG,5000
1812,949,2025-03-23,1,테무,NNG,5000
1813,1072,2025-03-23,1,홍어,NNG,5000
1814,38,2025-03-24,1,레시피,NNG,9999
1815,135,2025-03-24,1,요리,NNG,9999
1816,178,2025-03-24,1,파삭,NNG,9999
1817,255,2025-03-24,1,구매,NNG,5000
1818,735,2025-03-24,2,요거,NNG,5000
1819,3,2025-03-25,2,고추바사삭,NNG,9999
1820,25,2025-03-25,1,동결건조,NNG,9999
1821,42,2025-03-25,1,마늘빵,NNG,9999
1822,61,2025-03-25,2,먹방,NNG,9999
1823,118,2025-03-25,1,쌀국수,NNG,9999
1824,271,2025-03-25,1,김밥,NNG,5000
1825,371,2025-03-25,1,라구,NNG,5000
1826,735,2025-03-25,2,요거,NNG,5000
1827,25,2025-03-26,2,동결건조,NNG,9999
1828,35,2025-03-26,1,라라스윗,NNG,9999
1829,46,2025-03-26,1,마시멜로,NNG,9999
1830,79,2025-03-26,1,베이킹,NNG,9999
1831,95,2025-03-26,1,샤인머스캣,NNG,9999
1832,135,2025-03-26,1,요리,NNG,9999
1833,360,2025-03-26,2,디저트,NNG,5000
1834,38,2025-03-27,1,레시피,NNG,9999
1835,45,2025-03-27,2,마라탕,NNG,9999
1836,61,2025-03-27,1,먹방,NNG,9999
1837,135,2025-03-27,1,요리,NNG,9999
1838,156,2025-03-27,1,카스테라,NNG,9999
1839,206,2025-03-27,1,가지,NNG,5000
1840,250,2025-03-27,1,과자,NNG,5000
1841,46,2025-03-28,1,마시멜로,NNG,9999
1842,61,2025-03-28,2,먹방,NNG,9999
1843,412,2025-03-28,1,마라짜파게티,NNG,5000
1844,735,2025-03-28,1,요거,NNG,5000
1845,874,2025-03-28,1,치킨,NNG,5000
1846,55,2025-03-29,1,맘스터치,NNG,9999
1847,61,2025-03-29,1,먹방,NNG,9999
1848,156,2025-03-29,1,카스테라,NNG,9999
1849,206,2025-03-29,1,가지,NNG,5000
1850,405,2025-03-29,1,리스,NNG,5000
1851,536,2025-03-29,1,브라우니,NNG,5000
1852,677,2025-03-29,1,아이스,NNG,5000
1853,863,2025-03-29,1,초콜렛,NNG,5000
1854,15,2025-03-30,1,달고나,NNG,9999
1855,61,2025-03-30,1,먹방,NNG,9999
1856,384,2025-03-30,1,라이,NNG,5000
1857,509,2025-03-30,1,버터,NNG,5000
1858,536,2025-03-30,1,브라우니,NNG,5000
1859,632,2025-03-30,2,스트코,NNG,5000
1860,979,2025-03-30,2,파인애플,NNG,5000
1861,25,2025-03-31,1,동결건조,NNG,9999
1862,61,2025-03-31,1,먹방,NNG,9999
1863,252,2025-03-31,1,과즙,NNG,5000
1864,636,2025-03-31,1,스파게티,NNG,5000
1865,651,2025-03-31,1,식감,NNG,5000
1866,735,2025-03-31,1,요거,NNG,5000
1867,979,2025-03-31,1,파인애플,NNG,5000
1868,25,2025-04-01,1,동결건조,NNG,9999
1869,35,2025-04-01,1,라라스윗,NNG,9999
1870,38,2025-04-01,1,레시피,NNG,9999
1871,136,2025-04-01,1,요아정,NNG,9999
1872,189,2025-04-01,1,하겐다즈,NNG,9999
1873,207,2025-04-01,2,간식,NNG,5000
1874,443,2025-04-01,1,메뉴,NNG,5000
1875,685,2025-04-01,1,야매피자,NNG,5000
1876,25,2025-04-02,1,동결건조,NNG,9999
1877,44,2025-04-02,2,마라샹궈,NNG,9999
1878,61,2025-04-02,1,먹방,NNG,9999
1879,136,2025-04-02,1,요아정,NNG,9999
1880,628,2025-04-02,2,스크림,NNG,5000
1881,762,2025-04-02,1,음식,NNG,5000
1882,45,2025-04-03,1,마라탕,NNG,9999
1883,163,2025-04-03,1,쿠키,NNG,9999
1884,249,2025-04-03,1,과일,NNG,5000
1885,706,2025-04-03,1,에이프릴,NNG,5000
1886,768,2025-04-03,1,입맛,NNG,5000
1887,819,2025-04-03,1,쫀득,NNG,5000
1888,890,2025-04-03,2,캔디,NNG,5000
1889,25,2025-04-04,1,동결건조,NNG,9999
1890,27,2025-04-04,2,두찜,NNG,9999
1891,61,2025-04-04,1,먹방,NNG,9999
1892,70,2025-04-04,2,바나나,NNG,9999
1893,83,2025-04-04,1,불닭,NNG,9999
1894,710,2025-04-04,1,연어,NNG,5000
1895,845,2025-04-04,1,초코,NNG,5000
1896,886,2025-04-04,1,카페,NNG,5000
1897,890,2025-04-04,1,캔디,NNG,5000
1898,38,2025-04-05,1,레시피,NNG,9999
1899,105,2025-04-05,1,소바,NNG,9999
1900,61,2025-04-06,5,먹방,NNG,9999
1901,95,2025-04-06,1,샤인머스캣,NNG,9999
1902,282,2025-04-06,1,꼬다리,NNG,5000
1903,286,2025-04-06,1,꾸덕,NNG,5000
1904,692,2025-04-06,1,양념,NNG,5000
1905,735,2025-04-06,2,요거,NNG,5000
1906,38,2025-04-07,1,레시피,NNG,9999
1907,61,2025-04-07,1,먹방,NNG,9999
1908,130,2025-04-07,1,엽기떡볶이,NNG,9999
1909,375,2025-04-07,1,라미,NNG,5000
1910,651,2025-04-07,1,식감,NNG,5000
1911,819,2025-04-07,1,쫀득,NNG,5000
1912,38,2025-04-08,1,레시피,NNG,9999
1913,61,2025-04-08,2,먹방,NNG,9999
1914,267,2025-04-08,1,금귤,NNG,5000
1915,430,2025-04-08,1,맛집,NNG,5000
1916,725,2025-04-08,1,오일,NNG,5000
1917,1011,2025-04-08,1,푸딩,NNG,5000
1918,26,2025-04-09,1,두바이초콜릿,NNG,9999
1919,30,2025-04-09,2,딸기,NNG,9999
1920,61,2025-04-09,1,먹방,NNG,9999
1921,260,2025-04-09,1,구황,NNG,5000
1922,423,2025-04-09,2,만두,NNG,5000
1923,659,2025-04-09,1,식탐,NNG,5000
1924,798,2025-04-09,1,젤리,NNG,5000
1925,25,2025-04-10,1,동결건조,NNG,9999
1926,54,2025-04-10,1,말차,NNG,9999
1927,61,2025-04-10,3,먹방,NNG,9999
1928,143,2025-04-10,1,짬뽕,NNG,9999
1929,263,2025-04-10,1,국수,NNG,5000
1930,298,2025-04-10,2,냉면,NNG,5000
1931,347,2025-04-10,1,동파육,NNG,5000
1932,420,2025-04-10,1,마트,NNG,5000
1933,750,2025-04-10,1,워터,NNG,5000
1934,977,2025-04-10,1,파스타,NNG,5000
1935,45,2025-04-11,1,마라탕,NNG,9999
1936,46,2025-04-11,1,마시멜로,NNG,9999
1937,61,2025-04-11,2,먹방,NNG,9999
1938,148,2025-04-11,1,초콜릿,NNG,9999
1939,370,2025-04-11,2,라가,NNG,5000
1940,416,2025-04-11,1,마시,NNG,5000
1941,435,2025-04-11,1,매운맛,NNG,5000
1942,566,2025-04-11,1,삼겹살,NNG,5000
1943,730,2025-04-11,1,올리브,NNG,5000
1944,961,2025-04-11,1,튀김,NNG,5000
1945,46,2025-04-12,1,마시멜로,NNG,9999
1946,148,2025-04-12,2,초콜릿,NNG,9999
1947,207,2025-04-12,1,간식,NNG,5000
1948,523,2025-04-12,2,복숭아,NNG,5000
1949,559,2025-04-12,1,사온,NNG,5000
1950,690,2025-04-12,1,양갱,NNG,5000
1951,762,2025-04-12,1,음식,NNG,5000
1952,61,2025-04-13,1,먹방,NNG,9999
1953,83,2025-04-13,1,불닭,NNG,9999
1954,156,2025-04-13,1,카스테라,NNG,9999
1955,163,2025-04-13,1,쿠키,NNG,9999
1956,249,2025-04-13,1,과일,NNG,5000
1957,371,2025-04-13,1,라구,NNG,5000
1958,589,2025-04-13,1,설탕,NNG,5000
1959,621,2025-04-13,1,스네이크,NNG,5000
1960,61,2025-04-14,1,먹방,NNG,9999
1961,135,2025-04-14,2,요리,NNG,9999
1962,273,2025-04-14,1,김치,NNG,5000
1963,525,2025-04-14,1,볶음,NNG,5000
1964,680,2025-04-14,2,아이싱,NNG,5000
1965,710,2025-04-14,1,연어,NNG,5000
1966,38,2025-04-15,1,레시피,NNG,9999
1967,61,2025-04-15,1,먹방,NNG,9999
1968,136,2025-04-15,2,요아정,NNG,9999
1969,249,2025-04-15,1,과일,NNG,5000
1970,581,2025-04-15,1,생선,NNG,5000
1971,608,2025-04-15,1,수저,NNG,5000
1972,628,2025-04-15,1,스크림,NNG,5000
1973,680,2025-04-15,1,아이싱,NNG,5000
1974,762,2025-04-15,1,음식,NNG,5000
1975,895,2025-04-15,1,케이,NNG,5000
1976,25,2025-04-16,2,동결건조,NNG,9999
1977,30,2025-04-16,1,딸기,NNG,9999
1978,38,2025-04-16,1,레시피,NNG,9999
1979,61,2025-04-16,3,먹방,NNG,9999
1980,187,2025-04-16,1,피스타치오,NNG,9999
1981,207,2025-04-16,2,간식,NNG,5000
1982,423,2025-04-16,1,만두,NNG,5000
1983,735,2025-04-16,1,요거,NNG,5000
1984,25,2025-04-17,1,동결건조,NNG,9999
1985,61,2025-04-17,1,먹방,NNG,9999
1986,104,2025-04-17,1,소금빵,NNG,9999
1987,206,2025-04-17,1,가지,NNG,5000
1988,255,2025-04-17,1,구매,NNG,5000
1989,348,2025-04-17,2,돼지,NNG,5000
1990,562,2025-04-17,1,사탕,NNG,5000
1991,745,2025-04-17,1,우유,NNG,5000
1992,895,2025-04-17,1,케이,NNG,5000
1993,12,2025-04-18,1,꼬치,NNG,9999
1994,61,2025-04-18,1,먹방,NNG,9999
1995,135,2025-04-18,1,요리,NNG,9999
1996,137,2025-04-18,1,우동,NNG,9999
1997,207,2025-04-18,3,간식,NNG,5000
1998,269,2025-04-18,2,기름,NNG,5000
1999,560,2025-04-18,1,사우어코코,NNG,5000
2000,26,2025-04-19,1,두바이초콜릿,NNG,9999
2001,207,2025-04-19,1,간식,NNG,5000
2002,412,2025-04-19,1,마라짜파게티,NNG,5000
2003,446,2025-04-19,2,메이트,NNG,5000
2004,453,2025-04-19,1,모찌,NNG,5000
2005,801,2025-04-19,1,조림,NNG,5000
2006,135,2025-04-20,1,요리,NNG,9999
2007,163,2025-04-20,1,쿠키,NNG,9999
2008,493,2025-04-20,1,밥솥,NNG,5000
2009,798,2025-04-20,1,젤리,NNG,5000
2010,874,2025-04-20,1,치킨,NNG,5000
2011,907,2025-04-20,2,콜라,NNG,5000
2012,26,2025-04-21,1,두바이초콜릿,NNG,9999
2013,44,2025-04-21,2,마라샹궈,NNG,9999
2014,135,2025-04-21,1,요리,NNG,9999
2015,155,2025-04-21,1,카다이프,NNG,9999
2016,243,2025-04-21,2,곤약,NNG,5000
2017,267,2025-04-21,2,금귤,NNG,5000
2018,412,2025-04-21,1,마라짜파게티,NNG,5000
2019,628,2025-04-21,2,스크림,NNG,5000
2020,874,2025-04-21,1,치킨,NNG,5000
2021,45,2025-04-22,2,마라탕,NNG,9999
2022,273,2025-04-22,1,김치,NNG,5000
2023,493,2025-04-22,1,밥솥,NNG,5000
2024,874,2025-04-22,1,치킨,NNG,5000
2025,1027,2025-04-22,2,플레이트,NNG,5000
2026,52,2025-04-23,1,마파두부,NNG,9999
2027,61,2025-04-23,3,먹방,NNG,9999
2028,371,2025-04-23,1,라구,NNG,5000
2029,426,2025-04-23,1,말랑,NNG,5000
2030,435,2025-04-23,1,매운맛,NNG,5000
2031,798,2025-04-23,1,젤리,NNG,5000
2032,1027,2025-04-23,1,플레이트,NNG,5000
2033,25,2025-04-24,1,동결건조,NNG,9999
2034,135,2025-04-24,1,요리,NNG,9999
2035,1041,2025-04-24,1,한우,NNG,5000
2036,61,2025-04-25,2,먹방,NNG,9999
2037,144,2025-04-25,1,쫀득쿠키,NNG,9999
2038,206,2025-04-25,1,가지,NNG,5000
2039,240,2025-04-25,1,고추,NNG,5000
2040,247,2025-04-25,1,공짜,NNG,5000
2041,249,2025-04-25,1,과일,NNG,5000
2042,437,2025-04-25,1,매콤,NNG,5000
2043,575,2025-04-25,2,새우,NNG,5000
2044,735,2025-04-25,1,요거,NNG,5000
2045,1011,2025-04-25,1,푸딩,NNG,5000
2046,25,2025-04-26,2,동결건조,NNG,9999
2047,43,2025-04-26,1,마들렌,NNG,9999
2048,45,2025-04-26,1,마라탕,NNG,9999
2049,207,2025-04-26,1,간식,NNG,5000
2050,255,2025-04-26,1,구매,NNG,5000
2051,38,2025-04-27,1,레시피,NNG,9999
2052,61,2025-04-27,1,먹방,NNG,9999
2053,142,2025-04-27,2,짜장면,NNG,9999
2054,233,2025-04-27,1,고기,NNG,5000
2055,10,2025-04-28,1,까르보불닭,NNG,9999
2056,30,2025-04-28,1,딸기,NNG,9999
2057,144,2025-04-28,2,쫀득쿠키,NNG,9999
2058,351,2025-04-28,1,두릅,NNG,5000
2059,622,2025-04-28,1,스니커즈,NNG,5000
2060,710,2025-04-28,1,연어,NNG,5000
2061,61,2025-04-29,2,먹방,NNG,9999
2062,63,2025-04-29,1,메가커피,NNG,9999
2063,135,2025-04-29,1,요리,NNG,9999
2064,207,2025-04-29,1,간식,NNG,5000
2065,240,2025-04-29,1,고추,NNG,5000
2066,366,2025-04-29,1,떡볶이,NNG,5000
2067,423,2025-04-29,1,만두,NNG,5000
2068,710,2025-04-29,1,연어,NNG,5000
2069,1011,2025-04-29,1,푸딩,NNG,5000
2070,135,2025-04-30,1,요리,NNG,9999
2071,240,2025-04-30,2,고추,NNG,5000
2072,259,2025-04-30,1,구이,NNG,5000
2073,279,2025-04-30,2,깍두기,NNG,5000
2074,423,2025-04-30,1,만두,NNG,5000
2075,890,2025-04-30,1,캔디,NNG,5000
2076,25,2025-05-01,1,동결건조,NNG,9999
2077,54,2025-05-01,1,말차,NNG,9999
2078,61,2025-05-01,1,먹방,NNG,9999
2079,112,2025-05-01,2,순대,NNG,9999
2080,286,2025-05-01,2,꾸덕,NNG,5000
2081,374,2025-05-01,1,라면,NNG,5000
2082,420,2025-05-01,1,마트,NNG,5000
2083,501,2025-05-01,1,배홍동,NNG,5000
2084,737,2025-05-01,1,요구르트,NNG,5000
2085,890,2025-05-01,1,캔디,NNG,5000
2086,21,2025-05-02,1,던킨도너츠,NNG,9999
2087,38,2025-05-02,1,레시피,NNG,9999
2088,39,2025-05-02,1,롤케이크,NNG,9999
2089,61,2025-05-02,1,먹방,NNG,9999
2090,66,2025-05-02,1,메론킥,NNG,9999
2091,249,2025-05-02,2,과일,NNG,5000
2092,255,2025-05-02,1,구매,NNG,5000
2093,263,2025-05-02,2,국수,NNG,5000
2094,360,2025-05-02,1,디저트,NNG,5000
2095,499,2025-05-02,2,배스킨라빈스,NNG,5000
2096,580,2025-05-02,1,샐러드,NNG,5000
2097,30,2025-05-03,1,딸기,NNG,9999
2098,61,2025-05-03,1,먹방,NNG,9999
2099,144,2025-05-03,1,쫀득쿠키,NNG,9999
2100,249,2025-05-03,1,과일,NNG,5000
2101,735,2025-05-03,1,요거,NNG,5000
2102,38,2025-05-04,2,레시피,NNG,9999
2103,45,2025-05-04,2,마라탕,NNG,9999
2104,46,2025-05-04,1,마시멜로,NNG,9999
2105,61,2025-05-04,1,먹방,NNG,9999
2106,144,2025-05-04,2,쫀득쿠키,NNG,9999
2107,198,2025-05-04,2,훠궈,NNG,9999
2108,376,2025-05-04,1,라바,NNG,5000
2109,558,2025-05-04,1,사비,NNG,5000
2110,61,2025-05-05,2,먹방,NNG,9999
2111,83,2025-05-05,1,불닭,NNG,9999
2112,263,2025-05-05,2,국수,NNG,5000
2113,273,2025-05-05,1,김치,NNG,5000
2114,559,2025-05-05,1,사온,NNG,5000
2115,845,2025-05-05,1,초코,NNG,5000
2116,30,2025-05-06,1,딸기,NNG,9999
2117,263,2025-05-06,2,국수,NNG,5000
2118,523,2025-05-06,2,복숭아,NNG,5000
2119,628,2025-05-06,1,스크림,NNG,5000
2120,795,2025-05-06,1,젤라,NNG,5000
2121,38,2025-05-07,1,레시피,NNG,9999
2122,45,2025-05-07,1,마라탕,NNG,9999
2123,46,2025-05-07,1,마시멜로,NNG,9999
2124,61,2025-05-07,2,먹방,NNG,9999
2125,148,2025-05-07,1,초콜릿,NNG,9999
2126,207,2025-05-07,1,간식,NNG,5000
2127,589,2025-05-07,1,설탕,NNG,5000
2128,632,2025-05-07,2,스트코,NNG,5000
2129,667,2025-05-07,2,쑥떡,NNG,5000
2130,819,2025-05-07,1,쫀득,NNG,5000
2131,951,2025-05-07,1,토스트,NNG,5000
2132,56,2025-05-08,2,망고,NNG,9999
2133,61,2025-05-08,1,먹방,NNG,9999
2134,249,2025-05-08,1,과일,NNG,5000
2135,255,2025-05-08,1,구매,NNG,5000
2136,262,2025-05-08,1,국밥,NNG,5000
2137,416,2025-05-08,1,마시,NNG,5000
2138,692,2025-05-08,2,양념,NNG,5000
2139,30,2025-05-09,1,딸기,NNG,9999
2140,61,2025-05-09,1,먹방,NNG,9999
2141,66,2025-05-09,2,메론킥,NNG,9999
2142,214,2025-05-09,1,감자,NNG,5000
2143,295,2025-05-09,1,날치,NNG,5000
2144,366,2025-05-09,1,떡볶이,NNG,5000
2145,509,2025-05-09,2,버터,NNG,5000
2146,46,2025-05-10,1,마시멜로,NNG,9999
2147,292,2025-05-10,1,나물,NNG,5000
2148,639,2025-05-10,1,스프,NNG,5000
2149,26,2025-05-11,1,두바이초콜릿,NNG,9999
2150,61,2025-05-11,4,먹방,NNG,9999
2151,87,2025-05-11,2,브륄레,NNG,9999
2152,144,2025-05-11,1,쫀득쿠키,NNG,9999
2153,394,2025-05-11,1,레스토랑,NNG,5000
2154,460,2025-05-11,1,무침,NNG,5000
2155,639,2025-05-11,1,스프,NNG,5000
2156,710,2025-05-11,1,연어,NNG,5000
2157,730,2025-05-11,1,올리브,NNG,5000
2158,30,2025-05-12,2,딸기,NNG,9999
2159,61,2025-05-12,2,먹방,NNG,9999
2160,339,2025-05-12,2,데카포,NNG,5000
2161,403,2025-05-12,2,루피,NNG,5000
2162,493,2025-05-12,1,밥솥,NNG,5000
2163,501,2025-05-12,1,배홍동,NNG,5000
2164,798,2025-05-12,1,젤리,NNG,5000
2165,39,2025-05-13,1,롤케이크,NNG,9999
2166,56,2025-05-13,1,망고,NNG,9999
2167,61,2025-05-13,1,먹방,NNG,9999
2168,360,2025-05-13,1,디저트,NNG,5000
2169,510,2025-05-13,1,베라,NNG,5000
2170,563,2025-05-13,1,사후르,NNG,5000
2171,651,2025-05-13,1,식감,NNG,5000
2172,663,2025-05-13,1,실키젬,NNG,5000
2173,726,2025-05-13,2,오징어,NNG,5000
2174,30,2025-05-14,1,딸기,NNG,9999
2175,61,2025-05-14,2,먹방,NNG,9999
2176,144,2025-05-14,1,쫀득쿠키,NNG,9999
2177,208,2025-05-14,1,간장,NNG,5000
2178,255,2025-05-14,1,구매,NNG,5000
2179,323,2025-05-14,1,닭발,NNG,5000
2180,360,2025-05-14,1,디저트,NNG,5000
2181,581,2025-05-14,1,생선,NNG,5000
2182,660,2025-05-14,1,식품,NNG,5000
2183,721,2025-05-14,1,오믈렛,NNG,5000
2184,30,2025-05-15,1,딸기,NNG,9999
2185,61,2025-05-15,1,먹방,NNG,9999
2186,136,2025-05-15,2,요아정,NNG,9999
2187,163,2025-05-15,1,쿠키,NNG,9999
2188,205,2025-05-15,1,가위바위보,NNG,5000
2189,735,2025-05-15,2,요거,NNG,5000
2190,955,2025-05-15,1,통닭,NNG,5000
2191,15,2025-05-16,2,달고나,NNG,9999
2192,61,2025-05-16,5,먹방,NNG,9999
2193,83,2025-05-16,3,불닭,NNG,9999
2194,35,2025-05-17,1,라라스윗,NNG,9999
2195,61,2025-05-17,2,먹방,NNG,9999
2196,153,2025-05-17,2,치즈케이크,NNG,9999
2197,279,2025-05-17,2,깍두기,NNG,5000
2198,374,2025-05-17,1,라면,NNG,5000
2199,376,2025-05-17,2,라바,NNG,5000
2200,384,2025-05-17,1,라이,NNG,5000
2201,628,2025-05-17,1,스크림,NNG,5000
2202,798,2025-05-17,1,젤리,NNG,5000
2203,54,2025-05-18,3,말차,NNG,9999
2204,61,2025-05-18,1,먹방,NNG,9999
2205,639,2025-05-18,1,스프,NNG,5000
2206,61,2025-05-19,3,먹방,NNG,9999
2207,87,2025-05-19,1,브륄레,NNG,9999
2208,250,2025-05-19,2,과자,NNG,5000
2209,366,2025-05-19,1,떡볶이,NNG,5000
2210,483,2025-05-19,1,바치,NNG,5000
2211,496,2025-05-19,1,배라,NNG,5000
2212,44,2025-05-20,1,마라샹궈,NNG,9999
2213,61,2025-05-20,1,먹방,NNG,9999
2214,188,2025-05-20,1,피자헛,NNG,9999
2215,205,2025-05-20,1,가위바위보,NNG,5000
2216,207,2025-05-20,1,간식,NNG,5000
2217,249,2025-05-20,2,과일,NNG,5000
2218,263,2025-05-20,2,국수,NNG,5000
2219,510,2025-05-20,2,베라,NNG,5000
2220,702,2025-05-20,1,에그타르트,NNG,5000
2221,49,2025-05-21,1,마카롱,NNG,9999
2222,61,2025-05-21,3,먹방,NNG,9999
2223,99,2025-05-21,1,성심당,NNG,9999
2224,193,2025-05-21,1,핫뿌링클,NNG,9999
2225,249,2025-05-21,1,과일,NNG,5000
2226,710,2025-05-21,2,연어,NNG,5000
2227,863,2025-05-21,1,초콜렛,NNG,5000
2228,49,2025-05-22,1,마카롱,NNG,9999
2229,116,2025-05-22,1,스위즐스,NNG,9999
2230,148,2025-05-22,1,초콜릿,NNG,9999
2231,206,2025-05-22,1,가지,NNG,5000
2232,403,2025-05-22,2,루피,NNG,5000
2233,798,2025-05-22,1,젤리,NNG,5000
2234,845,2025-05-22,1,초코,NNG,5000
2235,10,2025-05-23,2,까르보불닭,NNG,9999
2236,25,2025-05-23,1,동결건조,NNG,9999
2237,61,2025-05-23,2,먹방,NNG,9999
2238,148,2025-05-23,1,초콜릿,NNG,9999
2239,249,2025-05-23,1,과일,NNG,5000
2240,261,2025-05-23,1,국물,NNG,5000
2241,299,2025-05-23,1,냉모밀,NNG,5000
2242,356,2025-05-23,1,두부,NNG,5000
2243,870,2025-05-23,2,치즈,NNG,5000
2244,895,2025-05-23,1,케이,NNG,5000
2245,68,2025-05-24,1,민트초코,NNG,9999
2246,178,2025-05-24,1,파삭,NNG,9999
2247,235,2025-05-24,1,고디바,NNG,5000
2248,323,2025-05-24,1,닭발,NNG,5000
2249,732,2025-05-24,1,와플,NNG,5000
2250,10,2025-05-25,1,까르보불닭,NNG,9999
2251,32,2025-05-25,1,떡볶이밀키트,NNG,9999
2252,61,2025-05-25,1,먹방,NNG,9999
2253,90,2025-05-25,1,사과,NNG,9999
2254,148,2025-05-25,1,초콜릿,NNG,9999
2255,174,2025-05-25,1,탕수육,NNG,9999
2256,235,2025-05-25,1,고디바,NNG,5000
2257,863,2025-05-25,1,초콜렛,NNG,5000
2258,30,2025-05-26,1,딸기,NNG,9999
2259,61,2025-05-26,1,먹방,NNG,9999
2260,66,2025-05-26,1,메론킥,NNG,9999
2261,148,2025-05-26,2,초콜릿,NNG,9999
2262,178,2025-05-26,2,파삭,NNG,9999
2263,207,2025-05-26,2,간식,NNG,5000
2264,261,2025-05-26,1,국물,NNG,5000
2265,374,2025-05-26,1,라면,NNG,5000
2266,3,2025-05-27,1,고추바사삭,NNG,9999
2267,61,2025-05-27,2,먹방,NNG,9999
2268,207,2025-05-27,2,간식,NNG,5000
2269,323,2025-05-27,2,닭발,NNG,5000
2270,368,2025-05-27,1,띠미,NNG,5000
2271,545,2025-05-27,1,비요뜨,NNG,5000
2272,38,2025-05-28,1,레시피,NNG,9999
2273,61,2025-05-28,4,먹방,NNG,9999
2274,87,2025-05-28,2,브륄레,NNG,9999
2275,129,2025-05-28,2,연어깍두기,NNG,9999
2276,403,2025-05-28,3,루피,NNG,5000
2277,977,2025-05-28,2,파스타,NNG,5000
2278,38,2025-05-29,1,레시피,NNG,9999
2279,61,2025-05-29,4,먹방,NNG,9999
2280,144,2025-05-29,2,쫀득쿠키,NNG,9999
2281,148,2025-05-29,1,초콜릿,NNG,9999
2282,250,2025-05-29,2,과자,NNG,5000
2283,360,2025-05-29,1,디저트,NNG,5000
2284,403,2025-05-29,1,루피,NNG,5000
2285,430,2025-05-29,1,맛집,NNG,5000
2286,1080,2025-05-29,2,해초,NNG,5000
2287,56,2025-05-30,1,망고,NNG,9999
2288,61,2025-05-30,4,먹방,NNG,9999
2289,106,2025-05-30,1,소주,NNG,9999
2290,148,2025-05-30,1,초콜릿,NNG,9999
2291,420,2025-05-30,1,마트,NNG,5000
2292,628,2025-05-30,2,스크림,NNG,5000
2293,662,2025-05-30,1,신맛,NNG,5000
2294,794,2025-05-30,1,제품,NNG,5000
2295,61,2025-05-31,2,먹방,NNG,9999
2296,323,2025-05-31,1,닭발,NNG,5000
2297,376,2025-05-31,1,라바,NNG,5000
2298,405,2025-05-31,1,리스,NNG,5000
2299,55,2025-06-01,1,맘스터치,NNG,9999
2300,61,2025-06-01,2,먹방,NNG,9999
2301,376,2025-06-01,1,라바,NNG,5000
2302,443,2025-06-01,1,메뉴,NNG,5000
2303,615,2025-06-01,1,순이,NNG,5000
2304,663,2025-06-01,1,실키젬,NNG,5000
2305,874,2025-06-01,1,치킨,NNG,5000
2306,26,2025-06-02,2,두바이초콜릿,NNG,9999
2307,61,2025-06-02,3,먹방,NNG,9999
2308,206,2025-06-02,1,가지,NNG,5000
2309,250,2025-06-02,1,과자,NNG,5000
2310,298,2025-06-02,1,냉면,NNG,5000
2311,323,2025-06-02,3,닭발,NNG,5000
2312,38,2025-06-03,2,레시피,NNG,9999
2313,61,2025-06-03,3,먹방,NNG,9999
2314,90,2025-06-03,1,사과,NNG,9999
2315,148,2025-06-03,1,초콜릿,NNG,9999
2316,366,2025-06-03,1,떡볶이,NNG,5000
2317,4,2025-06-04,2,교촌치킨,NNG,9999
2318,26,2025-06-04,1,두바이초콜릿,NNG,9999
2319,61,2025-06-04,3,먹방,NNG,9999
2320,144,2025-06-04,1,쫀득쿠키,NNG,9999
2321,148,2025-06-04,1,초콜릿,NNG,9999
2322,187,2025-06-04,1,피스타치오,NNG,9999
2323,223,2025-06-04,1,겉절이,NNG,5000
2324,562,2025-06-04,1,사탕,NNG,5000
2325,710,2025-06-04,1,연어,NNG,5000
2326,10,2025-06-05,2,까르보불닭,NNG,9999
2327,59,2025-06-05,1,맥주,NNG,9999
2328,61,2025-06-05,2,먹방,NNG,9999
2329,109,2025-06-05,1,수박,NNG,9999
2330,403,2025-06-05,1,루피,NNG,5000
2331,61,2025-06-06,2,먹방,NNG,9999
2332,207,2025-06-06,1,간식,NNG,5000
2333,233,2025-06-06,2,고기,NNG,5000
2334,250,2025-06-06,1,과자,NNG,5000
2335,303,2025-06-06,2,농심,NNG,5000
2336,323,2025-06-06,2,닭발,NNG,5000
2337,390,2025-06-06,1,랍스타,NNG,5000
2338,745,2025-06-06,1,우유,NNG,5000
2339,762,2025-06-06,1,음식,NNG,5000
2340,786,2025-06-06,2,정식,NNG,5000
2341,895,2025-06-06,1,케이,NNG,5000
2342,61,2025-06-07,2,먹방,NNG,9999
2343,83,2025-06-07,1,불닭,NNG,9999
2344,156,2025-06-07,1,카스테라,NNG,9999
2345,323,2025-06-07,1,닭발,NNG,5000
2346,42,2025-06-08,3,마늘빵,NNG,9999
2347,46,2025-06-08,1,마시멜로,NNG,9999
2348,61,2025-06-08,2,먹방,NNG,9999
2349,83,2025-06-08,1,불닭,NNG,9999
2350,148,2025-06-08,2,초콜릿,NNG,9999
2351,255,2025-06-08,2,구매,NNG,5000
2352,341,2025-06-08,2,도넛,NNG,5000
2353,446,2025-06-08,1,메이트,NNG,5000
2354,938,2025-06-08,1,타르트,NNG,5000
2355,34,2025-06-09,1,뚜레쥬르,NNG,9999
2356,61,2025-06-09,3,먹방,NNG,9999
2357,107,2025-06-09,1,수건케이크,NNG,9999
2358,135,2025-06-09,1,요리,NNG,9999
2359,249,2025-06-09,1,과일,NNG,5000
2360,443,2025-06-09,1,메뉴,NNG,5000
2361,558,2025-06-09,1,사비,NNG,5000
2362,61,2025-06-10,1,먹방,NNG,9999
2363,104,2025-06-10,2,소금빵,NNG,9999
2364,144,2025-06-10,2,쫀득쿠키,NNG,9999
2365,261,2025-06-10,1,국물,NNG,5000
2366,589,2025-06-10,1,설탕,NNG,5000
2367,774,2025-06-10,1,잠봉뵈르,NNG,5000
2368,61,2025-06-11,3,먹방,NNG,9999
2369,83,2025-06-11,1,불닭,NNG,9999
2370,109,2025-06-11,1,수박,NNG,9999
2371,135,2025-06-11,1,요리,NNG,9999
2372,144,2025-06-11,2,쫀득쿠키,NNG,9999
2373,261,2025-06-11,1,국물,NNG,5000
2374,56,2025-06-12,2,망고,NNG,9999
2375,59,2025-06-12,1,맥주,NNG,9999
2376,61,2025-06-12,3,먹방,NNG,9999
2377,112,2025-06-12,1,순대,NNG,9999
2378,133,2025-06-12,1,와라비모찌,NNG,9999
2379,148,2025-06-12,1,초콜릿,NNG,9999
2380,317,2025-06-12,1,단백,NNG,5000
2381,597,2025-06-12,1,소스,NNG,5000
2382,61,2025-06-13,2,먹방,NNG,9999
2383,163,2025-06-13,1,쿠키,NNG,9999
2384,172,2025-06-13,1,타코야끼,NNG,9999
2385,206,2025-06-13,1,가지,NNG,5000
2386,453,2025-06-13,2,모찌,NNG,5000
2387,716,2025-06-13,1,오리,NNG,5000
2388,895,2025-06-13,1,케이,NNG,5000
2389,10,2025-06-14,1,까르보불닭,NNG,9999
2390,35,2025-06-14,2,라라스윗,NNG,9999
2391,61,2025-06-14,1,먹방,NNG,9999
2392,116,2025-06-14,1,스위즐스,NNG,9999
2393,163,2025-06-14,1,쿠키,NNG,9999
2394,273,2025-06-14,2,김치,NNG,5000
2395,360,2025-06-14,1,디저트,NNG,5000
2396,54,2025-06-15,1,말차,NNG,9999
2397,61,2025-06-15,1,먹방,NNG,9999
2398,208,2025-06-15,1,간장,NNG,5000
2399,250,2025-06-15,1,과자,NNG,5000
2400,360,2025-06-15,1,디저트,NNG,5000
2401,366,2025-06-15,2,떡볶이,NNG,5000
2402,56,2025-06-16,1,망고,NNG,9999
2403,61,2025-06-16,6,먹방,NNG,9999
2404,207,2025-06-16,1,간식,NNG,5000
2405,371,2025-06-16,1,라구,NNG,5000
2406,430,2025-06-16,1,맛집,NNG,5000
2407,870,2025-06-16,1,치즈,NNG,5000
2408,551,2025-06-17,1,빵집,NNG,5000
2409,38,2025-06-18,1,레시피,NNG,9999
2410,87,2025-06-18,1,브륄레,NNG,9999
2411,98,2025-06-18,1,설빙,NNG,9999
2412,104,2025-06-18,1,소금빵,NNG,9999
2413,118,2025-06-18,2,쌀국수,NNG,9999
2414,129,2025-06-18,2,연어깍두기,NNG,9999
2415,188,2025-06-18,1,피자헛,NNG,9999
2416,208,2025-06-18,1,간장,NNG,5000
2417,61,2025-06-19,2,먹방,NNG,9999
2418,135,2025-06-19,1,요리,NNG,9999
2419,206,2025-06-19,1,가지,NNG,5000
2420,207,2025-06-19,2,간식,NNG,5000
2421,286,2025-06-19,1,꾸덕,NNG,5000
2422,483,2025-06-19,1,바치,NNG,5000
2423,535,2025-06-19,1,뷔페,NNG,5000
2424,38,2025-06-20,1,레시피,NNG,9999
2425,44,2025-06-20,1,마라샹궈,NNG,9999
2426,61,2025-06-20,1,먹방,NNG,9999
2427,188,2025-06-20,1,피자헛,NNG,9999
2428,199,2025-06-20,1,휘낭시에,NNG,9999
2429,246,2025-06-20,1,곱창,NNG,5000
2430,250,2025-06-20,1,과자,NNG,5000
2431,372,2025-06-20,1,라떼,NNG,5000
2432,61,2025-06-21,2,먹방,NNG,9999
2433,63,2025-06-21,4,메가커피,NNG,9999
2434,317,2025-06-21,1,단백,NNG,5000
2435,749,2025-06-21,1,울산쫀드기에,NNG,5000
2436,54,2025-06-22,1,말차,NNG,9999
2437,61,2025-06-22,2,먹방,NNG,9999
2438,70,2025-06-22,2,바나나,NNG,9999
2439,148,2025-06-22,2,초콜릿,NNG,9999
2440,323,2025-06-22,1,닭발,NNG,5000
2441,430,2025-06-22,1,맛집,NNG,5000
2442,550,2025-06-22,1,빵지,NNG,5000
2443,863,2025-06-22,1,초콜렛,NNG,5000
2444,61,2025-06-23,1,먹방,NNG,9999
2445,366,2025-06-23,1,떡볶이,NNG,5000
2446,628,2025-06-23,1,스크림,NNG,5000
2447,798,2025-06-23,1,젤리,NNG,5000
2448,907,2025-06-23,1,콜라,NNG,5000
2449,25,2025-06-24,1,동결건조,NNG,9999
2450,38,2025-06-24,1,레시피,NNG,9999
2451,61,2025-06-24,5,먹방,NNG,9999
2452,67,2025-06-24,1,멜론,NNG,9999
2453,109,2025-06-24,1,수박,NNG,9999
2454,178,2025-06-24,2,파삭,NNG,9999
2455,444,2025-06-24,2,메론케이크,NNG,5000
2456,460,2025-06-24,2,무침,NNG,5000
2457,628,2025-06-24,1,스크림,NNG,5000
2458,726,2025-06-24,1,오징어,NNG,5000
2459,54,2025-06-25,1,말차,NNG,9999
2460,61,2025-06-25,2,먹방,NNG,9999
2461,178,2025-06-25,2,파삭,NNG,9999
2462,233,2025-06-25,1,고기,NNG,5000
2463,261,2025-06-25,1,국물,NNG,5000
2464,292,2025-06-25,1,나물,NNG,5000
2465,317,2025-06-25,1,단백,NNG,5000
2466,335,2025-06-25,1,더미,NNG,5000
2467,374,2025-06-25,1,라면,NNG,5000
2468,542,2025-06-25,1,비빔,NNG,5000
2469,566,2025-06-25,1,삼겹살,NNG,5000
2470,652,2025-06-25,1,식단,NNG,5000
2471,61,2025-06-26,4,먹방,NNG,9999
2472,371,2025-06-26,1,라구,NNG,5000
2473,845,2025-06-26,2,초코,NNG,5000
2474,61,2025-06-27,1,먹방,NNG,9999
2475,83,2025-06-27,1,불닭,NNG,9999
2476,144,2025-06-27,2,쫀득쿠키,NNG,9999
2477,207,2025-06-27,2,간식,NNG,5000
2478,208,2025-06-27,1,간장,NNG,5000
2479,255,2025-06-27,1,구매,NNG,5000
2480,261,2025-06-27,1,국물,NNG,5000
2481,523,2025-06-27,1,복숭아,NNG,5000
2482,538,2025-06-27,2,브레빌,NNG,5000
2483,61,2025-06-28,1,먹방,NNG,9999
2484,104,2025-06-28,1,소금빵,NNG,9999
2485,250,2025-06-28,2,과자,NNG,5000
2486,322,2025-06-28,1,닭다리,NNG,5000
2487,509,2025-06-28,1,버터,NNG,5000
2488,686,2025-06-28,1,야식,NNG,5000
2489,25,2025-06-29,1,동결건조,NNG,9999
2490,178,2025-06-29,1,파삭,NNG,9999
2491,26,2025-06-30,1,두바이초콜릿,NNG,9999
2492,56,2025-06-30,2,망고,NNG,9999
2493,61,2025-06-30,4,먹방,NNG,9999
2494,75,2025-06-30,1,버블티,NNG,9999
2495,233,2025-06-30,1,고기,NNG,5000
2496,263,2025-06-30,3,국수,NNG,5000
2497,430,2025-06-30,2,맛집,NNG,5000
2498,453,2025-06-30,1,모찌,NNG,5000
2499,596,2025-06-30,1,소세지,NNG,5000
2500,26,2025-07-01,1,두바이초콜릿,NNG,9999
2501,153,2025-07-01,4,치즈케이크,NNG,9999
2502,313,2025-07-01,1,다이어터,NNG,5000
2503,895,2025-07-01,1,케이,NNG,5000
2504,45,2025-07-02,2,마라탕,NNG,9999
2505,61,2025-07-02,1,먹방,NNG,9999
2506,83,2025-07-02,1,불닭,NNG,9999
2507,148,2025-07-02,1,초콜릿,NNG,9999
2508,225,2025-07-02,2,게장,NNG,5000
2509,236,2025-07-02,1,고래,NNG,5000
2510,249,2025-07-02,1,과일,NNG,5000
2511,255,2025-07-02,1,구매,NNG,5000
2512,317,2025-07-02,1,단백,NNG,5000
2513,628,2025-07-02,1,스크림,NNG,5000
2514,655,2025-07-02,1,식빵,NNG,5000
2515,710,2025-07-02,1,연어,NNG,5000
2516,837,2025-07-02,1,찹쌀,NNG,5000
2517,61,2025-07-03,2,먹방,NNG,9999
2518,403,2025-07-03,2,루피,NNG,5000
2519,533,2025-07-03,1,분안,NNG,5000
2520,626,2025-07-03,2,스윗믹스젤리,NNG,5000
2521,54,2025-07-04,2,말차,NNG,9999
2522,55,2025-07-04,3,맘스터치,NNG,9999
2523,61,2025-07-04,3,먹방,NNG,9999
2524,87,2025-07-04,2,브륄레,NNG,9999
2525,104,2025-07-04,1,소금빵,NNG,9999
2526,207,2025-07-04,2,간식,NNG,5000
2527,269,2025-07-04,1,기름,NNG,5000
2528,279,2025-07-04,1,깍두기,NNG,5000
2529,286,2025-07-04,1,꾸덕,NNG,5000
2530,845,2025-07-04,1,초코,NNG,5000
2531,30,2025-07-05,1,딸기,NNG,9999
2532,54,2025-07-05,1,말차,NNG,9999
2533,56,2025-07-05,1,망고,NNG,9999
2534,61,2025-07-05,3,먹방,NNG,9999
2535,758,2025-07-05,2,육포,NNG,5000
2536,49,2025-07-06,2,마카롱,NNG,9999
2537,55,2025-07-06,1,맘스터치,NNG,9999
2538,61,2025-07-06,2,먹방,NNG,9999
2539,207,2025-07-06,1,간식,NNG,5000
2540,249,2025-07-06,1,과일,NNG,5000
2541,263,2025-07-06,2,국수,NNG,5000
2542,279,2025-07-06,1,깍두기,NNG,5000
2543,575,2025-07-06,1,새우,NNG,5000
2544,716,2025-07-06,2,오리,NNG,5000
2545,845,2025-07-06,2,초코,NNG,5000
2546,30,2025-07-07,1,딸기,NNG,9999
2547,61,2025-07-07,2,먹방,NNG,9999
2548,148,2025-07-07,1,초콜릿,NNG,9999
2549,163,2025-07-07,1,쿠키,NNG,9999
2550,207,2025-07-07,1,간식,NNG,5000
2551,375,2025-07-07,1,라미,NNG,5000
2552,61,2025-07-08,5,먹방,NNG,9999
2553,83,2025-07-08,1,불닭,NNG,9999
2554,104,2025-07-08,1,소금빵,NNG,9999
2555,109,2025-07-08,2,수박,NNG,9999
2556,207,2025-07-08,2,간식,NNG,5000
2557,360,2025-07-08,1,디저트,NNG,5000
2558,588,2025-07-08,1,설렁탕,NNG,5000
2559,61,2025-07-09,4,먹방,NNG,9999
2560,207,2025-07-09,2,간식,NNG,5000
2561,208,2025-07-09,1,간장,NNG,5000
2562,264,2025-07-09,2,궁채,NNG,5000
2563,692,2025-07-09,1,양념,NNG,5000
2564,61,2025-07-10,2,먹방,NNG,9999
2565,83,2025-07-10,1,불닭,NNG,9999
2566,109,2025-07-10,4,수박,NNG,9999
2567,207,2025-07-10,1,간식,NNG,5000
2568,233,2025-07-10,1,고기,NNG,5000
2569,240,2025-07-10,2,고추,NNG,5000
2570,255,2025-07-10,1,구매,NNG,5000
2571,340,2025-07-10,1,도너츠,NNG,5000
2572,430,2025-07-10,1,맛집,NNG,5000
2573,506,2025-07-10,1,버거,NNG,5000
2574,895,2025-07-10,1,케이,NNG,5000
2575,56,2025-07-11,1,망고,NNG,9999
2576,61,2025-07-11,3,먹방,NNG,9999
2577,109,2025-07-11,1,수박,NNG,9999
2578,273,2025-07-11,2,김치,NNG,5000
2579,286,2025-07-11,1,꾸덕,NNG,5000
2580,323,2025-07-11,1,닭발,NNG,5000
2581,366,2025-07-11,1,떡볶이,NNG,5000
2582,61,2025-07-12,3,먹방,NNG,9999
2583,214,2025-07-12,1,감자,NNG,5000
2584,249,2025-07-12,2,과일,NNG,5000
2585,486,2025-07-12,1,반상,NNG,5000
2586,61,2025-07-13,1,먹방,NNG,9999
2587,148,2025-07-13,1,초콜릿,NNG,9999
2588,206,2025-07-13,2,가지,NNG,5000
2589,249,2025-07-13,3,과일,NNG,5000
2590,61,2025-07-14,1,먹방,NNG,9999
2591,68,2025-07-14,1,민트초코,NNG,9999
2592,74,2025-07-14,1,버거킹,NNG,9999
2593,233,2025-07-14,1,고기,NNG,5000
2594,263,2025-07-14,1,국수,NNG,5000
2595,378,2025-07-14,1,라보,NNG,5000
2596,510,2025-07-14,1,베라,NNG,5000
2597,523,2025-07-14,2,복숭아,NNG,5000
2598,61,2025-07-15,3,먹방,NNG,9999
2599,109,2025-07-15,1,수박,NNG,9999
2600,206,2025-07-15,1,가지,NNG,5000
2601,207,2025-07-15,1,간식,NNG,5000
2602,249,2025-07-15,2,과일,NNG,5000
2603,380,2025-07-15,2,라부부,NNG,5000
2604,27,2025-07-16,2,두찜,NNG,9999
2605,61,2025-07-16,1,먹방,NNG,9999
2606,105,2025-07-16,1,소바,NNG,9999
2607,255,2025-07-16,1,구매,NNG,5000
2608,340,2025-07-16,1,도너츠,NNG,5000
2609,380,2025-07-16,2,라부부,NNG,5000
2610,651,2025-07-16,2,식감,NNG,5000
2611,27,2025-07-17,1,두찜,NNG,9999
2612,61,2025-07-17,4,먹방,NNG,9999
2613,116,2025-07-17,1,스위즐스,NNG,9999
2614,209,2025-07-17,1,갈비,NNG,5000
2615,249,2025-07-17,2,과일,NNG,5000
2616,12,2025-07-18,1,꼬치,NNG,9999
2617,236,2025-07-18,1,고래,NNG,5000
2618,249,2025-07-18,2,과일,NNG,5000
2619,415,2025-07-18,1,마쉿서,NNG,5000
2620,845,2025-07-18,2,초코,NNG,5000
2621,874,2025-07-18,1,치킨,NNG,5000
2622,38,2025-07-19,2,레시피,NNG,9999
2623,61,2025-07-19,1,먹방,NNG,9999
2624,87,2025-07-19,2,브륄레,NNG,9999
2625,104,2025-07-19,1,소금빵,NNG,9999
2626,143,2025-07-19,1,짬뽕,NNG,9999
2627,148,2025-07-19,1,초콜릿,NNG,9999
2628,366,2025-07-19,1,떡볶이,NNG,5000
2629,436,2025-07-19,1,매운탕,NNG,5000
2630,567,2025-07-19,2,삼계탕,NNG,5000
2631,644,2025-07-19,1,시럽,NNG,5000
2632,61,2025-07-20,1,먹방,NNG,9999
2633,207,2025-07-20,1,간식,NNG,5000
2634,214,2025-07-20,1,감자,NNG,5000
2635,27,2025-07-21,1,두찜,NNG,9999
2636,30,2025-07-21,1,딸기,NNG,9999
2637,46,2025-07-21,2,마시멜로,NNG,9999
2638,61,2025-07-21,2,먹방,NNG,9999
2639,255,2025-07-21,2,구매,NNG,5000
2640,261,2025-07-21,1,국물,NNG,5000
2641,338,2025-07-21,1,덮밥,NNG,5000
2642,506,2025-07-21,1,버거,NNG,5000
2643,716,2025-07-21,1,오리,NNG,5000
2644,798,2025-07-21,1,젤리,NNG,5000
2645,56,2025-07-22,2,망고,NNG,9999
2646,61,2025-07-22,1,먹방,NNG,9999
2647,81,2025-07-22,1,보리차,NNG,9999
2648,83,2025-07-22,1,불닭,NNG,9999
2649,148,2025-07-22,1,초콜릿,NNG,9999
2650,208,2025-07-22,1,간장,NNG,5000
2651,249,2025-07-22,1,과일,NNG,5000
2652,758,2025-07-22,1,육포,NNG,5000
2653,26,2025-07-23,1,두바이초콜릿,NNG,9999
2654,90,2025-07-23,1,사과,NNG,9999
2655,225,2025-07-23,2,게장,NNG,5000
2656,249,2025-07-23,2,과일,NNG,5000
2657,255,2025-07-23,1,구매,NNG,5000
2658,341,2025-07-23,1,도넛,NNG,5000
2659,598,2025-07-23,1,소시지,NNG,5000
2660,728,2025-07-23,1,옥수수,NNG,5000
2661,760,2025-07-23,1,음료,NNG,5000
2662,35,2025-07-24,1,라라스윗,NNG,9999
2663,38,2025-07-24,1,레시피,NNG,9999
2664,104,2025-07-24,2,소금빵,NNG,9999
2665,353,2025-07-24,1,두바이모찌뿌요,NNG,5000
2666,443,2025-07-24,1,메뉴,NNG,5000
2667,999,2025-07-24,1,포도,NNG,5000
2668,26,2025-07-25,1,두바이초콜릿,NNG,9999
2669,46,2025-07-25,1,마시멜로,NNG,9999
2670,61,2025-07-25,2,먹방,NNG,9999
2671,116,2025-07-25,1,스위즐스,NNG,9999
2672,591,2025-07-25,1,셰프,NNG,5000
2673,845,2025-07-25,1,초코,NNG,5000
2674,61,2025-07-26,2,먹방,NNG,9999
2675,136,2025-07-26,1,요아정,NNG,9999
2676,163,2025-07-26,1,쿠키,NNG,9999
2677,206,2025-07-26,1,가지,NNG,5000
2678,348,2025-07-26,1,돼지,NNG,5000
2679,598,2025-07-26,1,소시지,NNG,5000
2680,599,2025-07-26,1,손맛,NNG,5000
2681,798,2025-07-26,1,젤리,NNG,5000
2682,61,2025-07-27,1,먹방,NNG,9999
2683,123,2025-07-27,1,약과,NNG,9999
2684,264,2025-07-27,2,궁채,NNG,5000
2685,83,2025-07-28,1,불닭,NNG,9999
2686,111,2025-07-28,2,수제젤리,NNG,9999
2687,245,2025-07-28,2,곱도리탕,NNG,5000
2688,273,2025-07-28,1,김치,NNG,5000
2689,380,2025-07-28,2,라부부,NNG,5000
2690,762,2025-07-28,1,음식,NNG,5000
2691,61,2025-07-29,2,먹방,NNG,9999
2692,136,2025-07-29,2,요아정,NNG,9999
2693,163,2025-07-29,1,쿠키,NNG,9999
2694,178,2025-07-29,1,파삭,NNG,9999
2695,208,2025-07-29,1,간장,NNG,5000
2696,449,2025-07-29,2,명랑,NNG,5000
2697,513,2025-07-29,1,베이,NNG,5000
2698,104,2025-07-30,1,소금빵,NNG,9999
2699,148,2025-07-30,1,초콜릿,NNG,9999
2700,208,2025-07-30,1,간장,NNG,5000
2701,271,2025-07-30,1,김밥,NNG,5000
2702,363,2025-07-30,1,딸래미,NNG,5000
2703,549,2025-07-30,2,빠다크랩,NNG,5000
2704,998,2025-07-30,1,편의점,NNG,5000
2705,49,2025-07-31,1,마카롱,NNG,9999
2706,61,2025-07-31,1,먹방,NNG,9999
2707,249,2025-07-31,1,과일,NNG,5000
2708,271,2025-07-31,1,김밥,NNG,5000
2709,341,2025-07-31,1,도넛,NNG,5000
2710,134,2025-08-01,1,와인,NNG,9999
