COMMENT_ID,VIDEO_ID,AUTHOR_NAME,COMMENT_TEXT,PUBLISHED_AT
홍지_hongji_20250801_c1,홍지_hongji_20250801,@짜파게티-f1y,헉 뭐가달라졌나 했는데 틱톡댓글보고 화장하신거 알앗어요…안한것도 이뿌신데 하니까 확실히 미모가 드러나는듯😏,2025-08-02
홍지_hongji_20250801_c2,홍지_hongji_20250801,@Asdgjjkkj,홍지님 제가 망고롤 먹방 보고 구독자 됐는데 생귤롤 먹방도 너무너무 보고싶어요🍊🤍,2025-08-01
홍지_hongji_20250731_c1,홍지_hongji_20250731,@윤빛-v2t,먹방이 제일싫어요,2025-07-31
홍지_hongji_20250731_c2,홍지_hongji_20250731,@짜파게티-f1y,음식에 집중하다가 밀키트라는거 알고 입떡벌햇다…왤케 쫄깃해보이는지😭😭,2025-07-31
홍지_hongji_20250731_c3,홍지_hongji_20250731,@Duda_woo,요즘 밀키트 증말 잘 나오는듯용,2025-07-31
홍지_hongji_20250730_c1,홍지_hongji_20250730,@성우덕후,흐엉 맛잇겟다,2025-07-31
홍지_hongji_20250730_c2,홍지_hongji_20250730,@Duda_woo,🤤🤤❤❤❤,2025-07-30
홍지_hongji_20250730_c3,홍지_hongji_20250730,@짜파게티-f1y,저런치킨은 정말 초면…😮생각보다 맛있겟는데요??,2025-07-30
홍지_hongji_20250729_c1,홍지_hongji_20250729,@성우덕후,언니 두바이 얼마나 좋아하는거예옄ㅋㅋㅋㅋㅋ,2025-07-31
홍지_hongji_20250729_c2,홍지_hongji_20250729,@vin8964,"저 오늘 이거 일하다가 홍지님 인스타 릴스 영상 보고 
솔직히 다른 듀바이는 그냥 그닥 별 생각 없었는데 
얘는 보고 미친듯이 먹고싶어서 허대빵 인스타 드갔더니 
아니 세상에 !!!! 이건 잔말말고 시켜먹으라는 신호였는지!!!! 하필 오늘 택배 주문날인거 있쬬!!!!! 🥹😭
택배 주문만 목빠지게 기다리다가 주문 성공했습니댜,, 너무 기대돼욧!!!!!!!🥹😆🙏🏻",2025-07-30
홍지_hongji_20250729_c3,홍지_hongji_20250729,@miya_u-x1w,원래 두바이 초콜릿 안 좋아하는데 진짜 때깔이 미쳤네요 ㄷㄷ 너무 맛있게 드셔서 보기 좋아요 😊,2025-07-29
홍지_hongji_20250729_c4,홍지_hongji_20250729,@Duda_woo,와 진짜 다 맛있어보여요..❤❤❤,2025-07-29
홍지_hongji_20250729_c1,홍지_hongji_20250729,@소연정-j5i,와 그냥 폭력적인데요 언니??!!,2025-07-29
홍지_hongji_20250729_c2,홍지_hongji_20250729,@Duda_woo,"입에서 침이!!🤤🤤❤❤❤
아 두바이 진차 넘 좋잖아요옹❤️🧡💛💚🩵💙💜🩷",2025-07-29
홍지_hongji_20250727_c1,홍지_hongji_20250727,@홍길동-o3m,"모찌의하루 드셔보세요!
저는 여기 말곤 모찌 못먹어요😊",2025-07-29
홍지_hongji_20250727_c2,홍지_hongji_20250727,@햄수타-b1u,우와 반찬들 때깔 미쳤네요 ㅠㅠ 근데 홍지님 젓가락 되게 특이하게 잡으시네용..,2025-07-27
홍지_hongji_20250727_c3,홍지_hongji_20250727,@믱망뭉망,"헐 너무맛있겟어요ㅜ 오이소박이 드실때 부시는거 뭔가 공감되능,",2025-07-27
홍지_hongji_20250727_c4,홍지_hongji_20250727,@Duda_woo,"아닝 진짜 용즘 너무 더워용
화잇팅.!!❤❤❤",2025-07-27
홍지_hongji_20250726_c1,홍지_hongji_20250726,@Duda_woo,설레임이 저렇게 생긴건 처음봐여😮,2025-07-26
홍지_hongji_20250725_c1,홍지_hongji_20250725,@믱망뭉망,헐 쫀딕쫀딕 소리 너무조아요,2025-07-25
홍지_hongji_20250725_c2,홍지_hongji_20250725,@Duda_woo,역시 두바이는 홍지님!❤❤❤,2025-07-25
홍지_hongji_20250723_c1,홍지_hongji_20250723,@Duda_woo,와!!! 어떻게 얼려드실 생각을!!! 완전 시원하고 맛날것 같아요❤ 완전 먹천재 홍지님💫💫,2025-07-23
홍지_hongji_20250722_c1,홍지_hongji_20250722,@Duda_woo,"🤤❤저도 먹고싶어지는 비주얼+소리❤❤❤❤
찐짜 너무 좋자나여😢😢",2025-07-23
홍지_hongji_20250721_c1,홍지_hongji_20250721,@Duda_woo,"저 저번에 치즈당 카스테라 먹었었는데
홍지님 보니깐 또 먹고싶네용..❤❤",2025-07-21
홍지_hongji_20250720_c1,홍지_hongji_20250720,@찐빵-y2w,우와ㅠㅠㅜ 감튀 레시피 부탁드려요 대박이애요ㅠㅠ,2025-07-24
홍지_hongji_20250720_c2,홍지_hongji_20250720,@은지-x9v,감튀 레시피좀여 젭알❤,2025-07-23
홍지_hongji_20250720_c3,홍지_hongji_20250720,@Lilac__dreams,진짜 남자친구분 최고,2025-07-23
홍지_hongji_20250720_c4,홍지_hongji_20250720,@믱망뭉망,우왕..7달전..?스니커즈케이크때부터 봐왔는데 요새 틱톡보니까 완전 유명해지셧더라구욥!ㅜㅜ 나만알고싶었지만 유명해져서 저도 기뻐욯ㅎ전 데뷔팬?하겟숩니당,2025-07-21
홍지_hongji_20250720_c5,홍지_hongji_20250720,@짜파게티-f1y,감튀까지 수제인건ㄹㅈㄷ😭,2025-07-20
홍지_hongji_20250720_c6,홍지_hongji_20250720,@Duda_woo,진짜 겁나 거대해요ㄷㅡㄷ,2025-07-20
홍지_hongji_20250719_c1,홍지_hongji_20250719,@hye_08ღ,오랜만에 왔는데 여전히 이쁘시고 여전히 맛있게 먹으시고 여전히 힐링되네요.. 초심 잃지 않는 유튜버 짱이에요 진짜ㅜㅜ 오늘도 완벽한 영상 감사해요 ‼️,2025-07-19
홍지_hongji_20250719_c2,홍지_hongji_20250719,@Moonlight-t5x8e,존나 맛있을거 같은데 존나 살찌겠다 ㅋㅋㅋ,2025-07-19
홍지_hongji_20250719_c3,홍지_hongji_20250719,@Duda_woo,조합이 진짜 좋을것 같아요!,2025-07-19
홍지_hongji_20250719_c1,홍지_hongji_20250719,@Hongji홍지,"남자친구는 요리사가 아니어서
뚝딱 감으로 만들어주는 거 절대 아니구!!
유튜브에서 이것저것 레시피 많이 보고
괜찮은 부분들 섞어서 만든다고 합니다!

필요한 재료는 프로필 링크 올려뒀어요
등갈비 1kg
버터 20g
대파 1대
양파 1개
청양고추 2개
후추 20바퀴
물 600ml
진간장 4T, 설탕 4T, 고추장 4T
고춧가루 2T
다진마늘 1T, 케첩 1T, 식초 1T

이번 레시피는 <류수영 고추장버터등갈비> 에서 참고하여 만들어줬다고 하니 자세한 조리과정 필요하신 분들은 유튜브 검색 추천드려요🔎",2025-07-19
홍지_hongji_20250719_c2,홍지_hongji_20250719,@Duda_woo,완전 정성가득 레시피!!! 진짜 맛있어보여요!!!,2025-07-19
홍지_hongji_20250718_c1,홍지_hongji_20250718,@Duda_woo,❤❤❤,2025-07-19
홍지_hongji_20250718_c2,홍지_hongji_20250718,@Duda_woo,60계치킨은 다 맛난 것 같아요❤❤❤완존❤❤❤,2025-07-18
홍지_hongji_20250717_c1,홍지_hongji_20250717,@Lilac__dreams,와 남친분 요리 재능있어,2025-07-23
홍지_hongji_20250717_c2,홍지_hongji_20250717,@Duda_woo,치즈가 폭포 같아용❤❤❤,2025-07-19
홍지_hongji_20250717_c3,홍지_hongji_20250717,@99999qqqqqq,남자친구 뭐 요리사..인가요..,2025-07-17
홍지_hongji_20250717_c4,홍지_hongji_20250717,@짜파게티-f1y,뭔가 어른의기운이 느껴진다(?)😱,2025-07-17
홍지_hongji_20250717_c5,홍지_hongji_20250717,@만준니,진짜맜있겠다,2025-07-17
홍지_hongji_20250716_c1,홍지_hongji_20250716,@Hongji홍지,"작년에 스마일라식 했는데 최저가로
수술할 수 있는 방법을 이제야 알아버려서
여러분이라두•• 꼭 할인 받고 하셨음 하는 마음에
후다닥 정보 낋여왔어요!!!!!

시력교정술(라식•라섹•스마일•렌즈삽입)부터
백내장/드림렌즈/아이링/노안수술 등
모두닥에서는 필요한 수술을 최저가로
받아볼 수 있는데 대학생/직장인 할인몰에서
추가할인까지 받으려면 프로필 링크 참고!🌟

 #모두닥 대학생/직장인 할인몰에 입점한 병•의원에 한정함

#스마일라식 #라식 #라섹 #렌즈삽입술",2025-07-16
홍지_hongji_20250716_c2,홍지_hongji_20250716,@이츠미유키,언늬 너무 이쁘다긔ㅠ 구독 박앗긔,2025-07-19
홍지_hongji_20250716_c3,홍지_hongji_20250716,@짜파게티-f1y,오 갑자기 목소리 나와서 놀랏어요ㅋㅋㅋㅋ,2025-07-16
홍지_hongji_20250716_c4,홍지_hongji_20250716,@Duda_woo,홍지님 목소리 넘 좋아요오❤❤❤,2025-07-16
홍지_hongji_20250716_c5,홍지_hongji_20250716,@SssdhakcoNMIXX,와진짜 너무 맛도리일 거 가타요💗💗 오늘도 잘보구 갑니당!!,2025-07-16
홍지_hongji_20250715_c1,홍지_hongji_20250715,@이수지-j7n,이정후가누구예요? 도시락안좋아하는데 이거맛잇어보인데요 ~ ❤❤❤❤,2025-07-17
홍지_hongji_20250715_c2,홍지_hongji_20250715,@Duda_woo,야구는 잘 모르지만 도시락은 넘 좋아유❤❤❤,2025-07-16
홍지_hongji_20250715_c3,홍지_hongji_20250715,@짜파게티-f1y,오 퀄리티 좋은데여?,2025-07-15
홍지_hongji_20250714_c1,홍지_hongji_20250714,@Duda_woo,"1분링 더운 여름에 육수 끓이기 힘들때 간편하고
좋을것 같아요!👍👍",2025-07-14
홍지_hongji_20250713_c1,홍지_hongji_20250713,@민지민-o1j,속눈썹 혹시 평소에 어떻게하시는지 여쭤봐도될까요..?? 볼때마다 너무 이뽀요,2025-07-16
홍지_hongji_20250713_c2,홍지_hongji_20250713,@짜파게티-f1y,집에 식당차려도 되겟어요ㅋㅋㅋ,2025-07-14
홍지_hongji_20250713_c3,홍지_hongji_20250713,@Duda_woo,과일 때깔이 그냥 미쳤어요❤🤤,2025-07-13
홍지_hongji_20250712_c1,홍지_hongji_20250712,@유웅-z4x,웅니.. 혹시 롱폼먹방찍어주실 수 있나요??? 너무 맛있는 메뉴들인데 영상길이가 짧아서 너무 아수워요ㅜㅜ😢,2025-07-27
홍지_hongji_20250712_c2,홍지_hongji_20250712,@Lilac__dreams,남자친구분 정체가 모죠...? 한식 만드는 젊은 남자 첨봐,2025-07-23
홍지_hongji_20250712_c3,홍지_hongji_20250712,@짜파게티-f1y,완전 진수성찬….😻,2025-07-12
홍지_hongji_20250712_c4,홍지_hongji_20250712,@Duda_woo,조합이 그냥 미춌어여❤❤❤,2025-07-12
홍지_hongji_20250712_c5,홍지_hongji_20250712,@tttyyysss123,"와 처음보는데 너무 맛있게 드셔서
바로 픽..❤",2025-07-12
홍지_hongji_20250711_c1,홍지_hongji_20250711,@Duda_woo,스텔라 급나 좋아유❤❤❤❤❤,2025-07-12
홍지_hongji_20250711_c2,홍지_hongji_20250711,@짜파게티-f1y,치즈 눈으로만 봐도 맛있는 치즈인거같아요😭😭,2025-07-11
홍지_hongji_20250710_c1,홍지_hongji_20250710,@짜파게티-f1y,찐빵 빵은 씹으면서 꾸덕해지는게 ㄹㅇ입니다.,2025-07-10
홍지_hongji_20250710_c2,홍지_hongji_20250710,@Duda_woo,식감 겁나 좋아보여요옹❤❤❤,2025-07-10
홍지_hongji_20250709_c1,홍지_hongji_20250709,@Duda_woo,홍지님이 간계 드시길 기다렸어요❤❤❤,2025-07-09
홍지_hongji_20250709_c2,홍지_hongji_20250709,@o.o6720,간게 만들어주는 남친 귀하네요,2025-07-09
홍지_hongji_20250706_c1,홍지_hongji_20250706,@짜파게티-f1y,전에 가서 찍으신 영상인가여??소리 대박🥹,2025-07-06
홍지_hongji_20250706_c2,홍지_hongji_20250706,@SKY-8203,입이 토끼같아서 오믈오믈. . 귀엽게 드시네요 ㅎㅎㅎ,2025-07-06
홍지_hongji_20250706_c3,홍지_hongji_20250706,@Duda_woo,"딱새우회 증~~~말 맛나죵❤❤❤❤❤
저는 새우는 회가 특히 더 좋더라구요옹!",2025-07-06
홍지_hongji_20250705_c1,홍지_hongji_20250705,@Y.eon_1,저 어제 더현대 한정선가서 찹쌀떡 왕창 사먹구 왔는데 다시 먹고싶네요🥹,2025-07-06
홍지_hongji_20250705_c2,홍지_hongji_20250705,@짜파게티-f1y,오늘 머리까지 홍시같음!!,2025-07-05
홍지_hongji_20250705_c3,홍지_hongji_20250705,@피크니크수지니,맛있겠다 😅,2025-07-05
홍지_hongji_20250705_c4,홍지_hongji_20250705,@Duda_woo,"딸기가 철이 아녀서 그런가봐여..ㅜㅠ
그래두 다른과일이랑 두바이 넘 맛나보여요!!❤❤❤",2025-07-05
홍지_hongji_20250704_c1,홍지_hongji_20250704,@wj2281,머리 너무 이뻐여ㅠ머리 옆고데게 볼륨 방법 찍어주실 수 잇나요?!!,2025-07-07
홍지_hongji_20250704_c2,홍지_hongji_20250704,@성우덕후,미친 지금당장 맘스터치 달려감미다ㅜ 이런 신메뉴를 알ㄹ려주시다니...결혼하쟈 그냥.(?),2025-07-05
홍지_hongji_20250704_c3,홍지_hongji_20250704,@짜파게티-f1y,불향나면 먹어야지요😭,2025-07-04
홍지_hongji_20250704_c4,홍지_hongji_20250704,@Duda_woo,복스럽게 드시는 모습 너무 좋아요❤❤❤,2025-07-04
홍지_hongji_20250703_c1,홍지_hongji_20250703,@Hongji홍지,">>7월 25일까지<< BBQ앱으로 치킨 주문하면
🎫 FC바르샤 서울 직관 티켓부터
🍗 황금올리브 반마리
🧀 랜덤치즈볼 10알
🥔 모둠 감자튀김
🍡 BBQ소떡
🍋 레몬보이 245ml 쿠폰까지!

FC바르셀로나 서울 매치 직관 경기까지
3주 남았는데 남은 티켓은 BBQ뿐,,!

BBQ 창사 30주년 이벤트로
FC바르셀로나를 서울에서 볼 수 있게
FC서울과의 경기를 준비했대요!

꽝없는 100% 당첨 이벤트로 자동 참여
가능하니까 꼭 BBQ앱으로 치킨 시켜드세요!🌟

🏷️
 #BBQ #황금올리브",2025-07-03
홍지_hongji_20250703_c2,홍지_hongji_20250703,@짜파게티-f1y,모둠 감자튀김 ㄱㅇㅇ!!,2025-07-03
홍지_hongji_20250703_c3,홍지_hongji_20250703,@Duda_woo,"날개 크기 무슨일ㄷㄷ
무슨 공룡 튀겨놓은것 같아유ㅋ키키
역시 BBQ는 사랑ㅎㅎ❤❤❤❤",2025-07-03
홍지_hongji_20250702_c1,홍지_hongji_20250702,@성우덕후,와 아이스크림에서 쫀득 소리가 난다니 대박이다 징챠...,2025-07-04
홍지_hongji_20250702_c2,홍지_hongji_20250702,@Duda_woo,와 아이스크림 색감이 넘 이뽀요옹,2025-07-02
홍지_hongji_20250701_c1,홍지_hongji_20250701,@짜파게티-f1y,지금 공부 계속 미루다가 벼락치기중이에요ㅋㅋㅋ,2025-07-01
홍지_hongji_20250701_c2,홍지_hongji_20250701,@Duda_woo,"미춌어여😮😮맛난거+맛난거라니
사장님 ㄹㅇ 천재 아니냐구요!❤❤❤",2025-07-01
홍지_hongji_20250630_c1,홍지_hongji_20250630,@소미김-z4m,ㅋㅋ❤,2025-07-01
홍지_hongji_20250630_c2,홍지_hongji_20250630,@소미김-z4m,♡♡♡♡❤❤😂😂♡#^^♡#,2025-07-01
홍지_hongji_20250630_c3,홍지_hongji_20250630,@짜파게티-f1y,헉 이번에도 쫀득쿠키인줄 알았는데 모찌라니😻,2025-06-30
홍지_hongji_20250630_c4,홍지_hongji_20250630,@Duda_woo,"쫜득쫜득 레알루 미춌어용😮❤❤❤
아아악 저도 넘 먹고싶어여ㅜㅜ 다이어트중이라서...
그래도 맛나게 드시는 모습보니 저도 행복해지네용!❤",2025-06-30
홍지_hongji_20250629_c1,홍지_hongji_20250629,@2chiiiiigo,헉 소리 대박... 식감 때문에 더 맛있겠어요 츄베릅...🤤 혹시 요거트 드실 때 쓰신 키티 숟가락 구매처 알 수 있을까용? 🥹🩷,2025-07-10
홍지_hongji_20250629_c2,홍지_hongji_20250629,@Duda_woo,와 저도 먹고싶었는뎅 아직 한번도 못 먹어봤어요..ㅠ파삭파삭 소리 완전 이름 값 하네유! 완전 👍대박이에유❤❤,2025-06-29
홍지_hongji_20250629_c3,홍지_hongji_20250629,@짜파게티-f1y,생각보다 가성비맞는듯👍🏻👍🏻,2025-06-29
홍지_hongji_20250629_c4,홍지_hongji_20250629,@정재광-s4q,❤❤❤❤❤❤❤❤❤❤❤❤❤,2025-06-29
홍지_hongji_20250628_c1,홍지_hongji_20250628,@Hongji홍지,"6/27~7/3 더현대서울 지하 1층 푸드코트 옆 팝업존(?)에서 팝업하고 있어요>.<
3년째,, #내돈내산 입니다 호호😋🤍",2025-06-28
홍지_hongji_20250628_c2,홍지_hongji_20250628,@짜파게티-f1y,팝업ㅠㅠ가고싶네여😢,2025-06-28
홍지_hongji_20250628_c3,홍지_hongji_20250628,@정재광-s4q,❤❤❤❤❤🎉🎉🎉🎉🎉🎉🎉🎉🎉🎉😮😮😮😮😊😊😊😊😊😊😊😊😊😊😊😊😊😊😊😊😊😊😊😊😊😊😊😊😊,2025-06-28
홍지_hongji_20250628_c4,홍지_hongji_20250628,@lunlun2170,웨이팅잇나요??,2025-06-28
홍지_hongji_20250628_c5,홍지_hongji_20250628,@Duda_woo,"빵 겁나 맛나보여용🍞🥐🥖
완전 맛집 대박 👍 ❤❤❤",2025-06-28
홍지_hongji_20250627_c1,홍지_hongji_20250627,@정소은-r2w,이 영상 너무 예뻐요!! 흑발도 잘 어울릴 것 같은뎅…,2025-07-30
홍지_hongji_20250627_c2,홍지_hongji_20250627,@user-zf3ql4jl9y,새우먹방 하면 홍지님이지,2025-07-18
홍지_hongji_20250627_c3,홍지_hongji_20250627,@hx_9lin,새우장 영상들 전부 완내스..,2025-07-01
홍지_hongji_20250627_c4,홍지_hongji_20250627,@Duda_woo,"양념 때깔 미쳤어요😮😮😮
완전 존맛삘이ㄷㄷ❤❤❤❤❤❤",2025-06-28
홍지_hongji_20250627_c5,홍지_hongji_20250627,@짜파게티-f1y,양념새우장은 색다르네여😱,2025-06-27
홍지_hongji_20250626_c1,홍지_hongji_20250626,@소미김-z4m,♡♡♡♡❤❤❤❤네항상즐겁네요😅😊,2025-06-27
홍지_hongji_20250626_c2,홍지_hongji_20250626,@Duda_woo,차에서 먹방 넘 좋아유❤❤❤❤❤,2025-06-26
홍지_hongji_20250625_c1,홍지_hongji_20250625,@짜파게티-f1y,만두 빠삭한거 넘좋아여😱,2025-06-25
홍지_hongji_20250625_c2,홍지_hongji_20250625,@Duda_woo,"와 핑크 비빔면 넘 이쁘고
만두랑 조합 진짜 좋을것같아요!!!😮😍",2025-06-25
홍지_hongji_20250624_c1,홍지_hongji_20250624,@짜파게티-f1y,수분충전 제대로 될듯😏,2025-06-24
홍지_hongji_20250624_c2,홍지_hongji_20250624,@Duda_woo,"수박의 아삭아삭? 소리가 너무 좋아요😊❤❤❤
다음엔 복숭아🍑기대되요!❤❤❤
저도 복숭아는 다 좋아서 있는데로 먹는 다먹파❤❤❤",2025-06-24
홍지_hongji_20250622_c1,홍지_hongji_20250622,@김지영-t7s8z,저거 저도 먹었는데 존맜임❤❤,2025-07-11
홍지_hongji_20250622_c2,홍지_hongji_20250622,@Duda_woo,"완전 구름같아유!!!❤❤❤
글구 뒤에 키티 앉아있는거 머에용..!! 진짜 졸귀❤❤❤",2025-06-22
홍지_hongji_20250621_c1,홍지_hongji_20250621,@Hongji홍지,"최근에 초코퐁당 초코초꾸떡도 진짜 맛있게
먹었었는데 벌써 신메뉴라뇨..🥹
오도독 식감에 단짠단짠 구름크림떡 조합이라
이거 무조건 맛있어요ㅠㅠㅠ
너무 진-한 초코 안 좋아해서 망설였던 분들
🌟이번 신메뉴로 드셔보세요🌟

 6/23/월요일 오후 8시
여수언니 먹방 라이브에서 최초 공개됩니다!
자세한 사항은 >>프로필 링크<< 참고!

라이브에서 구매만 해도!!!
🎁 대한항공 50만원 기프트카드 (6명)
🎁 올리브영 상품권 1만원 (100명)
🎁 봄날엔 전제품 (10명)

라이브 단독 특가도 진행해서 제일 저렴해요!
💰 초코퐁당 3총사 (구름퐁•요거퐁•초코퐁)
45,000원 -> 36,000원 (20% 할인)
💰 초코퐁당 2종 세트 (구름퐁•초코퐁or요거퐁)
30,000원 -> 25,500원 (15% 할인)
💰 ☁️초코퐁당 구름크림떡☁️ 
15,000원 -> 13,500원 (10% 할인)
💰 미니약과 스위트팩 (100g * 5봉지)
22,500원 -> 17,900원 (20% 할인)",2025-06-21
홍지_hongji_20250621_c2,홍지_hongji_20250621,@짜파게티-f1y,안에 크림은 무슨맛인가요???,2025-06-21
홍지_hongji_20250621_c3,홍지_hongji_20250621,@Duda_woo,홍지님은 여태 드신 3종류 중에 뭐가 제일 맛나셨나용!??!?,2025-06-21
홍지_hongji_20250621_c4,홍지_hongji_20250621,@Duda_woo,"저건 진짜 안 살 수 없는 비주얼이자나염!!
소리도 대박❤❤❤",2025-06-21
홍지_hongji_20250621_c5,홍지_hongji_20250621,@NseHw,믿고 살게요....맛없으면..😢,2025-06-21
홍지_hongji_20250620_c1,홍지_hongji_20250620,@짜파게티-f1y,아니 콰삭하고 쫀득하면 끝났네요ㅠㅠㅠㅠ,2025-06-20
홍지_hongji_20250620_c2,홍지_hongji_20250620,@Duda_woo,소리 대박 미춌어영❤❤❤❤,2025-06-20
홍지_hongji_20250620_c3,홍지_hongji_20250620,@zumeockbob,영상 넘 잘 보고 있어요! 쇼츠 모음집으로 해서 롱폼도 부탁드려요 //,2025-06-20
홍지_hongji_20250618_c1,홍지_hongji_20250618,@너네조아해,와 진짜 너무 맛있어보여요 혹시 몇시에 가셨었길래 명란마요가 있었나요??!!,2025-08-01
홍지_hongji_20250618_c2,홍지_hongji_20250618,@짜파게티-f1y,명란 비주얼이 미쳣긴하네요😱,2025-06-18
홍지_hongji_20250618_c3,홍지_hongji_20250618,@RUnervousDontBe,와 오늘 속눈썹 너무 예뻐요 진짜로 소금빵 보면서 존맛 기운 느끼고 있는데 속눈썹이랑 눈마주치는 순간 빵을 잊게돼 셀카 꼭꼭 남기셨기를,2025-06-18
홍지_hongji_20250618_c4,홍지_hongji_20250618,@SssdhakcoNMIXX,소리도 좋고 언니도 이쁘고🫰🏻,2025-06-18
홍지_hongji_20250616_c1,홍지_hongji_20250616,@Duda_woo,겁나 맛있어보여요.!!❤❤❤❤❤,2025-06-18
홍지_hongji_20250616_c2,홍지_hongji_20250616,@짜파게티-f1y,진짜 쫀득한빵 넘 궁금😭😭,2025-06-16
홍지_hongji_20250616_c3,홍지_hongji_20250616,@Duda_woo,이정도면 떡 아녜용??완전 대박이자나여❤❤❤❤,2025-06-16
홍지_hongji_20250615_c1,홍지_hongji_20250615,@정재광-s4q,❤❤❤❤❤❤❤❤❤❤❤❤❤❤❤❤❤❤❤❤❤❤,2025-06-15
홍지_hongji_20250615_c2,홍지_hongji_20250615,@짜파게티-f1y,이영상 밥상태 완전 좋아보여요😻,2025-06-15
홍지_hongji_20250615_c3,홍지_hongji_20250615,@Duda_woo,이렇게 맛나게 드시니 보는 제가 다 좋아용❤❤❤,2025-06-15
홍지_hongji_20250614_c1,홍지_hongji_20250614,@Hongji홍지,"오렌지, 포도에 이어 자두 제로바가 출시됐는데
진짜 자두랑 싱크로율 100% 💦💦
심지어 저당도 아니고 무당,, 0g,,!!!!
식감도 완전 슬러시 질감이라
사각 + 사르르 식감 미쵸버려ㅠ
어케 하셨어요…. 진짜 최고임….🤍

제 원픽 #자두제로바 는
GS편의점 18일날 입점된대요!!! (심지어 1+1으로) 
같이 쟁이러 가요🌟🌟

🏷️
#라라스윗",2025-06-14
홍지_hongji_20250614_c2,홍지_hongji_20250614,@Nyen-c5h,먹어야겟어요 다른 광고봤을때는 별관심없었는데 홍지님 영상보니깐 바로 먹고싶어짐๑⃙⃘´༥`๑⃙⃘😂,2025-06-15
홍지_hongji_20250614_c3,홍지_hongji_20250614,@짜파게티-f1y,진짜 자두도 같이먹으니까 더 맛있어보임👍🏻👍🏻,2025-06-15
홍지_hongji_20250614_c4,홍지_hongji_20250614,@Duda_woo,"와겁나 맛있어보여요!
게다가 찐 제로! 다이어트 할 때 좋을 것 같아요❤❤❤",2025-06-14
홍지_hongji_20250614_c5,홍지_hongji_20250614,@정재광-s4q,❤❤❤❤❤❤❤❤❤❤❤❤❤❤❤❤❤❤❤❤❤❤❤❤❤❤❤❤❤❤❤❤❤❤,2025-06-14
홍지_hongji_20250614_c6,홍지_hongji_20250614,@정재광-s4q,😊😊😊😊😊😊😊😊😊😊😊😊😊😊😊😊😊😊😊,2025-06-14
홍지_hongji_20250614_c7,홍지_hongji_20250614,@정재광-s4q,❤❤❤❤❤❤❤❤❤❤❤❤❤❤❤❤❤❤❤❤❤❤❤,2025-06-14
홍지_hongji_20250614_c8,홍지_hongji_20250614,@정재광-s4q,❤❤❤❤❤❤❤❤❤❤❤❤❤,2025-06-14
홍지_hongji_20250613_c1,홍지_hongji_20250613,@정재광-s4q,맛있게드셔서 보기좋으세용 ❤❤❤❤❤❤❤❤❤❤❤❤❤❤❤,2025-06-14
홍지_hongji_20250613_c2,홍지_hongji_20250613,@정재광-s4q,❤❤❤❤❤❤❤❤❤❤❤❤❤❤❤,2025-06-14
홍지_hongji_20250613_c3,홍지_hongji_20250613,@짜파게티-f1y,초코코팅이 두꺼워서 초코 좋아하면 진차 맛있겠다요ㅠㅠㅠ,2025-06-13
홍지_hongji_20250613_c4,홍지_hongji_20250613,@Duda_woo,와 찐보다 맛나보여요ㄷㄷ❤❤❤❤❤,2025-06-13
홍지_hongji_20250612_c1,홍지_hongji_20250612,@짜파게티-f1y,저도 그냥 불닭소스는 좀 힘들듯요ㅋ,2025-06-12
홍지_hongji_20250612_c2,홍지_hongji_20250612,@Duda_woo,"꺄악 연어 넘넘 좋아유❤❤❤❤❤
간장에 와사비라니! 저랑 취향 겹치네용!❤❤❤
오늘도 영상 넘 잘 보고가용🩵🩷💜",2025-06-12
홍지_hongji_20250612_c3,홍지_hongji_20250612,@Nyen-c5h,소리 대박♡,2025-06-12
홍지_hongji_20250611_c1,홍지_hongji_20250611,@Duda_woo,이디야 수박주스가 맛나데용!❤,2025-06-11
홍지_hongji_20250611_c2,홍지_hongji_20250611,@Duda_woo,"헉 저번에 알려주셨던 딸기우유🍓🥛
이렇게 직접 만들어드시는 영상까지❤❤
역시 홍지님❤️🧡💛💚🩵💙💜",2025-06-11
홍지_hongji_20250611_c3,홍지_hongji_20250611,@최신우-t8g,구독 함니다,2025-06-11
홍지_hongji_20250611_c4,홍지_hongji_20250611,@짜파게티-f1y,오 화채에 딸기우유를 넣으시는군아😮,2025-06-11
홍지_hongji_20250610_c1,홍지_hongji_20250610,@Duda_woo,"진짜 쩔어여ㅡㄷㄷ❤❤❤소리만 들어도 대박❤❤❤
그리구 옆에 손 왤케 다정해여❤진짜 두분 행복하셔용❤❤❤❤❤❤❤❤❤❤❤❤❤",2025-06-10
홍지_hongji_20250609_c1,홍지_hongji_20250609,@다묭0,이제서야 보다닝.. 넘 맛있게 드세요!❤,2025-07-10
홍지_hongji_20250609_c2,홍지_hongji_20250609,@짜파게티-f1y,요즘 두바이 폼 미쳤고만,2025-06-09
홍지_hongji_20250609_c3,홍지_hongji_20250609,@Duda_woo,"썸네일에 단면보고 깜짝 놀랐어여😮😮❤❤❤
대박❤❤",2025-06-09
홍지_hongji_20250609_c4,홍지_hongji_20250609,@성우덕후,와 아니 미친겅가 진짜로ㅜㅜ 소리며 비주얼이며 진쨔 미칭거 아니냐구여ㅜㅜㅜ,2025-06-09
홍지_hongji_20250609_c5,홍지_hongji_20250609,@Duda_woo,"진짜 단면만 봐도 카다이프가 부족함 없이 꽉 차보이네여❤ 홍지님 완전 두바이 사랑러?❤❤❤
앞으로도 두바이 많이 소개해주세용❤❤❤❤❤
뭐든지 맛나게 드시는 홍지님 완전 
최공❤️🧡💛💚🩵💙💜🩷",2025-06-09
홍지_hongji_20250608_c1,홍지_hongji_20250608,@원두콩의모험,비호감,2025-06-12
홍지_hongji_20250608_c2,홍지_hongji_20250608,@짜파게티-f1y,맛은 기대안해도 식감은 너무 궁금한 빵..,2025-06-08
홍지_hongji_20250608_c3,홍지_hongji_20250608,@Duda_woo,"구하고싶었는뎅 실패했어요 큐큐 부러워용
소리만 들었지만 식감이 특이해보여용 저도 한번쯤은 먹어보고싶네영!!

그리고 저 어제 홍지님 영상보고 오늘 치즈당 카스테라 사와서 먹어봤어용 저에게 맛난걸 알려주셔서 감사해요옹 겁나 맛낫어유❤❤❤",2025-06-08
홍지_hongji_20250608_c4,홍지_hongji_20250608,@Nyen-c5h,헋 별로라는 평 많았는데 너무 맛있어보여유…,2025-06-08
홍지_hongji_20250607_c1,홍지_hongji_20250607,@짜파게티-f1y,크림이 맛있으면 그걸로 끝장인거에여😭😭,2025-06-07
홍지_hongji_20250607_c2,홍지_hongji_20250607,@Duda_woo,"오늘도 넘 잘 봤어용❤❤❤
이모지로 위에 띄워놓는거 좋네용❤❤❤",2025-06-07
홍지_hongji_20250607_c3,홍지_hongji_20250607,@Duda_woo,와 크림까지 완전 대박이네용❤❤❤,2025-06-07
홍지_hongji_20250607_c4,홍지_hongji_20250607,@성우덕후,헐 저거 초코맛은 못먹어봣는데..짱마싯겟다..,2025-06-07
홍지_hongji_20250607_c5,홍지_hongji_20250607,@Nyen-c5h,앜ㅋ 저 릴스에서 그 손님보다 많이드시는? 사장님 봤어요😂 저도 초딩때 대왕 카스테라 자주 먹었는데 갑자기 사라져서 속상햇다능🙈,2025-06-07
홍지_hongji_20250606_c1,홍지_hongji_20250606,@성우덕후,진짜 소리 미친것ㅅㅜㅜㅜ,2025-06-07
홍지_hongji_20250606_c2,홍지_hongji_20250606,@짜파게티-f1y,부스러기가 덜덜하긴하네여😱,2025-06-06
홍지_hongji_20250606_c3,홍지_hongji_20250606,@Duda_woo,"와 파작파작 완죤 대박❤❤❤
근데 차에서 먹으면 부스러기가ㄷㄷ",2025-06-06
홍지_hongji_20250605_c1,홍지_hongji_20250605,@Duda_woo,"홍지님은 평소에 화채 드실때
무슨음료 넣으시는거 좋아하시나용?
평소에도 딸기우유이신가요? 궁금해용❤❤❤❤❤
암튼 오늘도 힐링❤❤❤❤",2025-06-05
홍지_hongji_20250605_c2,홍지_hongji_20250605,@짜파게티-f1y,뭐뭐 들어간건가요??,2025-06-05
홍지_hongji_20250604_c1,홍지_hongji_20250604,@user-dr5wo6kt2u,영상퀄리티가 이렇게좋은데 왜 구독자가 없을까요.. 잘 보고갑니다 ❤,2025-07-14
홍지_hongji_20250604_c2,홍지_hongji_20250604,@ninenine_9,소리 넘 조아요❤❤❤마니마니올려주세용,2025-06-05
홍지_hongji_20250604_c3,홍지_hongji_20250604,@Duda_woo,"사장님 완전 천사아닌가용❤❤❤
진짜 겁나 맛나보여유ㅜ❤❤❤❤",2025-06-04
홍지_hongji_20250603_c1,홍지_hongji_20250603,@Hongji홍지,레시피는 유튜브에 <지락실불닭> 검색해서 제일 처음 나오는 tvN 영상에 있는 고정댓글이랑 영상 참고해서 만들었어요!🌟,2025-06-03
홍지_hongji_20250603_c2,홍지_hongji_20250603,@파란돌-h8l,여기 두바이쫀득쿠키 어디서 구매가능한가요?🥺,2025-07-29
홍지_hongji_20250603_c3,홍지_hongji_20250603,@쵸릱-n5e,언니 나 지우야!!!,2025-06-04
홍지_hongji_20250603_c4,홍지_hongji_20250603,@Duda_woo,❤❤❤소리 ㄹㅈㄷ❤❤❤❤❤,2025-06-04
홍지_hongji_20250603_c5,홍지_hongji_20250603,@성우덕후,허럴러러ㅓ...불닭 뽐뿌 온다...,2025-06-03
홍지_hongji_20250603_c6,홍지_hongji_20250603,@짜파게티-f1y,자작한데 꾸덕한게 가능하냐구요😱😱,2025-06-03
홍지_hongji_20250603_c7,홍지_hongji_20250603,@SssdhakcoNMIXX,오늘도 넘 잘보구가요🌸🙌,2025-06-03
홍지_hongji_20250602_c1,홍지_hongji_20250602,@짜파게티-f1y,소리 비주얼 맛 셋다 갓벽하다,2025-06-02
홍지_hongji_20250602_c2,홍지_hongji_20250602,@Duda_woo,"홍지님 드시고 감탄?하시는 소리 들으니까
찐 맛도리일것같아용🤤🤤❤❤❤❤❤❤❤❤
지금N번째 시청중입니당~~😉❤❤❤❤❤",2025-06-02
홍지_hongji_20250601_c1,홍지_hongji_20250601,@짜파게티-f1y,와 이건 요거꿀떡보다 맛나겠는데여??,2025-06-01
홍지_hongji_20250601_c2,홍지_hongji_20250601,@Duda_woo,"구독자 300명 축하해용❤❤❤❤❤❤
항상 응원할게용❤❤❤❤❤❤❤",2025-06-01
홍지_hongji_20250601_c3,홍지_hongji_20250601,@Duda_woo,"빠작빠작소리 진짜 미춌어용❤❤❤❤❤
홍지님 영상에 나온 노브랜드 떡마리 먹고싶어서 오늘 다녀왔는데 없어서 못 먹었어용ㅠㅡㅠㅜㅜㅠ
그래도 홍지님 영상이라도 봤으니 그걸로 만족합니당!❤",2025-06-01
홍지_hongji_20250531_c1,홍지_hongji_20250531,@Duda_woo,소리대박❤❤❤❤,2025-06-01
홍지_hongji_20250531_c2,홍지_hongji_20250531,@짜파게티-f1y,땅콩 초코칩 다음으론 뭐가 맛있나요??,2025-05-31
홍지_hongji_20250530_c1,홍지_hongji_20250530,@Duda_woo,"와 진짜 먹어보고싶어여!!!
완젼 대박❤❤❤❤❤
이런 제품을 제게 알려주셔서 감사해요❤❤❤",2025-05-30
홍지_hongji_20250530_c2,홍지_hongji_20250530,@짜파게티-f1y,저거 예전에 좀 유행했어서 먹어보고싶엇는데 까먹고있었다.,2025-05-30
홍지_hongji_20250529_c1,홍지_hongji_20250529,@짜파게티-f1y,카라멜맛?넘 달달구리하고 맛있을거같아여,2025-05-29
홍지_hongji_20250529_c2,홍지_hongji_20250529,@Duda_woo,미춋따❤❤❤❤❤,2025-05-29
홍지_hongji_20250529_c1,홍지_hongji_20250529,@Elevenoclocksharp,후우우우우우우ㅜㅜㅜㅜㅜㅜㅜ 오늘 소리 레전드ㅜㅜㅜㅜㅜ❤❤❤❤❤,2025-05-30
홍지_hongji_20250529_c2,홍지_hongji_20250529,@짜파게티-f1y,아니 구움과자를 잘해봤자겠지 하고 봤는데 빠싹촉촉 무슨일😮😮,2025-05-29
홍지_hongji_20250529_c3,홍지_hongji_20250529,@성우덕후,미쳣다...소리 왤케 잘 잡아요 완전 좋자나..ㅜㅜ 야밤에 배고파졋어여ㅋㅋ,2025-05-29
홍지_hongji_20250529_c4,홍지_hongji_20250529,@Duda_woo,에타 무슨일이죵? 진짜 속에 완전 촉촉 비쥬얼❤❤❤홍지님 어떻게 맛도리를 이렇게 잘 아시는 거에유❤,2025-05-29
홍지_hongji_20250528_c1,홍지_hongji_20250528,@짜파게티-f1y,면이 어어엄청 얇아서 식감 더 조을듯요,2025-05-29
홍지_hongji_20250528_c2,홍지_hongji_20250528,@Duda_woo,"추천해주신 팔로워분 진짜 맛잘알인듯요❤❤❤
진짜 맛나보여용 홍지님이 드셔서 더 맛나보일지도?..❤",2025-05-28
홍지_hongji_20250527_c1,홍지_hongji_20250527,@짜파게티-f1y,근데 진짜 화장 안하거나 연하게 하는게 훨씬이쁠 얼굴😭😭😭,2025-05-27
홍지_hongji_20250527_c2,홍지_hongji_20250527,@SssdhakcoNMIXX,언니!!! 영상 항상 잘보고 이써료❤ 담에 화과자도 먹어주실 수 있나요??? 언니가 내는 쫀득쫀덕 소리 듣고시퍼…😻,2025-05-27
홍지_hongji_20250527_c3,홍지_hongji_20250527,@Duda_woo,"초코링 겁나 많은거 완죤 댑악❤ㄹㅇ넘 맛나겠어용
글구 화장 안 하셨다닝! 완전 자연미인💫💫❤❤❤",2025-05-27
홍지_hongji_20250525_c1,홍지_hongji_20250525,@김성오-d5u,"학교에서도  그거  나왔어용,~^^
                                                -",2025-05-29
홍지_hongji_20250525_c2,홍지_hongji_20250525,@짜파게티-f1y,아니 떡볶이랑 탕수육을 같이 파는게 가능한거엿나고요😱,2025-05-25
홍지_hongji_20250525_c3,홍지_hongji_20250525,@Duda_woo,"스텔라 떡볶이 진짜 찐 존맛탱이죠❤❤❤
저는 분모자는 안 넣어 먹어봤는뎅
진짜 맛나보이네용🤤
오늘도 힐링 재대로 하구가욤❤❤❤",2025-05-25
홍지_hongji_20250523_c1,홍지_hongji_20250523,@x_x012,먹는것도 드럽게 쳐먹고 귀척은 또 오질나게하네 할마시 그렇게 먹는다고 예뻐보이지않아요^^..,2025-07-29
홍지_hongji_20250523_c2,홍지_hongji_20250523,@jinhuahan1716,너무 맛있어 보여여 구독완료😊,2025-06-01
홍지_hongji_20250523_c3,홍지_hongji_20250523,@성우덕후,헐 언니...저 찹살떡 진짜 조아하는데...진ㄴ짜 개마싯ㅅ게 먹는거 아니냐구여ㅠㅜ 대전가면 꼭 살게요 진짜로.진심.,2025-05-23
홍지_hongji_20250523_c4,홍지_hongji_20250523,@Duda_woo,"와 진짜 너무너무 맛나보여용😍😍😍
샤머 무슨일이에용 완전 알차구먼유❤❤❤❤❤
글구 오늘 옷 완젼 큐티 프리티 다해용❤❤❤❤
💫💫완죤 여신💫💫",2025-05-23
홍지_hongji_20250523_c5,홍지_hongji_20250523,@짜파게티-f1y,와 갓성비만 찾아다니는 능력 잇으세요???,2025-05-23
홍지_hongji_20250521_c1,홍지_hongji_20250521,@Hongji홍지,"먹은 순서대로 빵 이름!🍞
1. 고기한쌈 샌드위치
2. 야끼소바빵
3. 튀김소보로
4. 튀소구마
5. 초코튀소",2025-05-21
홍지_hongji_20250521_c2,홍지_hongji_20250521,@짜파게티-f1y,고기 생드위치가 양이랑 비주얼이랑 맛이랑 다하네…,2025-05-21
홍지_hongji_20250519_c1,홍지_hongji_20250519,@짜파게티-f1y,저런 찹쌀떡은 처음보는데 오히려 팥 싫어하는 저한텐 과일모찌보다 바치케 떡이 더 맛있을지두..?,2025-05-19
홍지_hongji_20250519_c2,홍지_hongji_20250519,@Duda_woo,찹쌀떡을 증말 잘드시는것 같아용❤❤❤,2025-05-19
홍지_hongji_20250519_c3,홍지_hongji_20250519,@Nyen-c5h,찹쌀떡이 찹쌀똑을 먹는답..♡,2025-05-19
홍지_hongji_20250517_c1,홍지_hongji_20250517,@짜파게티-f1y,요거트 아이스크림 원탑은 어딘가여,2025-05-17
홍지_hongji_20250517_c2,홍지_hongji_20250517,@Duda_woo,"와 보기만 해도 초코 가득인데 저당이라니!!
완전 사랑이자나용❤❤❤
저는 항상 신매뉴랑 맛난것들은 다 홍지님 덕분에 알게되네용 ㅎㅎ❤❤❤ 항상 너무 힐링되용❤ 완존 행복❤❤❤",2025-05-17
홍지_hongji_20250515_c1,홍지_hongji_20250515,@짜파게티-f1y,튀김옷 바삭한거랑 속살 야들야들한게 진짜 미쳣다😱😱,2025-05-15
홍지_hongji_20250515_c2,홍지_hongji_20250515,@Duda_woo,"와우 비주얼 무슨일이여 홀리❤❤❤ 
저도 먹고싶어용ㅎㅎ❤❤❤❤❤❤❤❤❤❤

오늘도 영상 잘 보고가염!!!",2025-05-15
홍지_hongji_20250513_c1,홍지_hongji_20250513,@Duda_woo,"찐 가성비 같고 진짜 넘 맛나보여용❤❤❤❤❤
성심당 가보고싶네여❤❤❤❤❤
오늘도 완죤 힐링!❤❤",2025-05-13
홍지_hongji_20250513_c2,홍지_hongji_20250513,@짜파게티-f1y,오늘 소리 넘 좋은데요?!? 소리만 들어도 꿀떡꿀떡 넘어가는느낌(?),2025-05-13
홍지_hongji_20250511_c1,홍지_hongji_20250511,@짜파게티-f1y,쫀득쿠키는 가격대가 있어도 뭔가 주기적으로 먹어줘야해여.쫀득쿠키 수혈,2025-05-11
홍지_hongji_20250511_c2,홍지_hongji_20250511,@Duda_woo,"진짜 너무너무 맛나보여용🤤🤤🤩
ㅠㅠ다이어트때매 대리만족 합니당❤❤❤
맨날 홍지님 영상 볼때마다 먹고싶어 죽게쏘용ㅋㅋ❤❤❤❤❤❤❤ 다이어트 성공하면 홍지님 영상에 나온걸 먹어야겠어요!!!❤❤❤❤❤",2025-05-11
홍지_hongji_20250509_c1,홍지_hongji_20250509,@짜파게티-f1y,아니 날치알 소리 미쳣다 눈감으면 진짜 팝핑캔디급,2025-05-09
홍지_hongji_20250509_c2,홍지_hongji_20250509,@Duda_woo,"제가 본 이 연어요리중에 홍지님 영상이 제일 좋은듯요!
소리가 진챠 좋내유❤❤❤❤❤❤❤",2025-05-09
홍지_hongji_20250507_c1,홍지_hongji_20250507,@Duda_woo,우유랑 조합 완전 최고일듯요!!!  완죤 사랑❤❤❤,2025-05-08
홍지_hongji_20250507_c2,홍지_hongji_20250507,@짜파게티-f1y,현남친이 만든 전남친 토스트ㅋㅋㅋㅋ,2025-05-07
홍지_hongji_20250505_c1,홍지_hongji_20250505,@Duda_woo,"❤❤❤❤❤❤❤❤❤❤❤❤❤❤❤❤❤
❤❤❤진짜 홍지님 영상으로 매일 넘 힐링❤❤❤
항상 좋은 영상과 좋은 답글 달아주셔서 넘 행복해요
❤❤❤❤❤❤항상 감사해용❤❤❤❤❤❤❤",2025-05-05
홍지_hongji_20250505_c2,홍지_hongji_20250505,@짜파게티-f1y,아 생각해보니까 카레도 남친분표구나…진짜 금손👏👏,2025-05-05
홍지_hongji_20250503_c1,홍지_hongji_20250503,@송지영-j8n,과일함량대비 떡이나 팥앙금양이많나용??과일이 많은곳으로가고파서요!,2025-06-25
홍지_hongji_20250503_c2,홍지_hongji_20250503,@김가율-c3p,모찌의 하루도 가주세요 !!,2025-05-08
홍지_hongji_20250503_c3,홍지_hongji_20250503,@Duda_woo,"모찌❤❤❤❤❤❤
소리 넘 좋아유❤❤❤❤❤",2025-05-05
홍지_hongji_20250503_c4,홍지_hongji_20250503,@쵸릱-n5e,언니 나 ㅌㅌ ㅈㅇ야!!나 누군진 알겠지?어제 라방봤쟈냐!!,2025-05-05
홍지_hongji_20250503_c5,홍지_hongji_20250503,@짜파게티-f1y,파인애플이 너무 땡겨요ㅜㅠ완전크다,2025-05-03
홍지_hongji_20250501_c1,홍지_hongji_20250501,@uy__mi,이거 대왕숭어초밥임,2025-05-04
홍지_hongji_20250501_c2,홍지_hongji_20250501,@Duda_woo,"저도 이마트 많이가는데 처음봐유!!!
역시 이마트는 저녁 마감전에 가는게 짱❤❤❤",2025-05-01
홍지_hongji_20250501_c3,홍지_hongji_20250501,@짜파게티-f1y,이제 시험 끝났으니까 날뛰겟습니다!!,2025-05-01
홍지_hongji_20250501_c4,홍지_hongji_20250501,@Nyen-c5h,쇼츠 올만에 왓떠여 시험기간이라 두개 다 댓글 달 시간이 없엇다눙 하지만 지금은 자유다아😭🥹🥹🧋,2025-05-01
홍지_hongji_20250429_c1,홍지_hongji_20250429,@정재광-s4q,❤❤❤❤❤❤❤❤❤❤❤❤❤❤❤❤❤❤❤❤❤❤❤,2025-07-15
홍지_hongji_20250429_c2,홍지_hongji_20250429,@포동-z4c,아이스크림 케익 같은건가요??ㅎㅎ,2025-05-04
홍지_hongji_20250429_c3,홍지_hongji_20250429,@m168idori,징짜 마싯겠다...,2025-04-29
홍지_hongji_20250429_c4,홍지_hongji_20250429,@Duda_woo,마루랑 홍지님 둘다 완젼 졸귀❤❤❤❤❤,2025-04-29
홍지_hongji_20250429_c5,홍지_hongji_20250429,@짜파게티-f1y,저 마루꺼(?)는 초콜릿인가여??,2025-04-29
홍지_hongji_20250427_c1,홍지_hongji_20250427,@쵸릱-n5e,그 남친분 저한테 팔세요!(?)ㅋㅋ ㅋㅋ,2025-05-05
홍지_hongji_20250427_c2,홍지_hongji_20250427,@짜파게티-f1y,오늘 새우때깔 미쳣어.파는거보다 더 파는거가틈,2025-04-27
홍지_hongji_20250427_c3,홍지_hongji_20250427,@팜하니_v,혹시 몇샇이셔요??,2025-04-27
홍지_hongji_20250427_c4,홍지_hongji_20250427,@Duda_woo,"와 저도 어재 새우장 먹었는데! 통했네용!❤❤❤
새우도 좋지만 밥 자체도 넘 맛나보여용❤❤❤❤❤",2025-04-27
홍지_hongji_20250425_c1,홍지_hongji_20250425,@Duda_woo,떡참 이름값보다 더하네요❤❤❤❤❤,2025-04-25
홍지_hongji_20250425_c2,홍지_hongji_20250425,@짜파게티-f1y,슈프림보단 존재감이 부족하지만 떡볶이도 식감 꽤 좋아보이네여😮😮,2025-04-25
홍지_hongji_20250423_c1,홍지_hongji_20250423,@Duda_woo,"빵에 퐁신꾸덕한 식감+초코+우유 완전 극락조합ㄷㄷ
안 먹을 이유가 없겠지만 일본을 못가는게 넘 아쉽네요ㅠㅠ 저는 오늘도 대리만족!!!❤❤❤❤❤❤❤",2025-04-23
홍지_hongji_20250423_c2,홍지_hongji_20250423,@짜파게티-f1y,근데 양이 많긴 하네여😮포만감 장난아닐듯,2025-04-23
홍지_hongji_20250421_c1,홍지_hongji_20250421,@Duda_woo,❤❤❤소리가 넘 맛나보여용❤❤❤,2025-04-22
홍지_hongji_20250421_c2,홍지_hongji_20250421,@우힛-u3e2p,수요일에 보러갈겡!!,2025-04-21
홍지_hongji_20250421_c3,홍지_hongji_20250421,@우힛-u3e2p,언니! 라방 재미있었오!!,2025-04-21
홍지_hongji_20250417_c1,홍지_hongji_20250417,@정재광-s4q,❤❤❤❤❤❤❤❤❤❤❤❤❤❤,2025-07-14
홍지_hongji_20250417_c2,홍지_hongji_20250417,@yyy66624,아ㅠㅠㅠㅠ 졸사 앞두고 다요트 중인 고삼은 울어요...ㅠㅠㅠㅠ ㅈㅉ 넘 맛잇어보여요..군침싹돈다 오밤중에🥹,2025-05-12
홍지_hongji_20250417_c3,홍지_hongji_20250417,@hye_08ღ,"헐헐 너무 맛있게 드세요,,! 진짜 머리색도 너무 잘어울리시고 예쁘세용ㅠ 소리도 좋구… 뜰거같으니까 발자국남기구 갈게용ㅇ 히히 이제 나중에 구독자 많아지면 100명부터 봤다구 할수잇겟땅❤",2025-04-19
홍지_hongji_20250417_c4,홍지_hongji_20250417,@벨라-p5l,가게 이름이 ?궁금해요,2025-04-17
홍지_hongji_20250417_c5,홍지_hongji_20250417,@Nyen-c5h,소금빵 너무 좋아하는데ㅠㅠ 오늘 먹방 완전 대대합격 대만족 .ᐟ .ᐟ .ᐟ,2025-04-17
홍지_hongji_20250417_c6,홍지_hongji_20250417,@짜파게티-f1y,차먹방 너무좋코🎉🎉전 내일 수행평가있어서 스카입미다..,2025-04-17
홍지_hongji_20250417_c7,홍지_hongji_20250417,@Duda_woo,"소금빵 소리가 진짜 ㄹㅈㄷ❤❤❤❤❤
완죤 좋아영❤❤❤",2025-04-17
홍지_hongji_20250415_c1,홍지_hongji_20250415,@hye_08ღ,소리 너무 좋고 맛있어보여요 ! 맛 표현도 너무 잘하시는…,2025-04-19
홍지_hongji_20250415_c2,홍지_hongji_20250415,@Nyen-c5h,소리가 진짜 리얼해서 영상에서 맛이 느껴져요๑⃙⃘´༥`๑⃙⃘,2025-04-15
홍지_hongji_20250415_c3,홍지_hongji_20250415,@Duda_woo,"진짜 존맛일듯요❤❤❤❤
왜 일본에서만 파는건지ㅠㅠ 아쉽네유ㅠㅜ
그래도 오늘도 홍지님 영상 보고 대리만족!!!❤❤
오늘도 좋은 영상 감사합니당!❤❤❤
글구 옷 다 넘넘 커엽네용❤❤❤❤❤❤❤❤",2025-04-15
홍지_hongji_20250415_c4,홍지_hongji_20250415,@짜파게티-f1y,곰돌이모자 넘흐 귀여운거 아니냐고요😀,2025-04-15
홍지_hongji_20250413_c1,홍지_hongji_20250413,@성우덕후,미텻...미텻다...방금 밥먹엇는데 배고파져용...불닭 끓이러 가야겟다...,2025-04-15
홍지_hongji_20250413_c2,홍지_hongji_20250413,@Duda_woo,Q&A 하면 넘 좋을듯요!!!❤❤❤❤❤❤,2025-04-13
홍지_hongji_20250413_c3,홍지_hongji_20250413,@Duda_woo,"치즈소리 진짜 넘 좋아유❤❤❤❤❤ 치즈 많은거 넘 좋은듯요!!❤❤❤

글구 뜨거운물 조심하셔용😢😢❤❤❤❤❤❤",2025-04-13
홍지_hongji_20250413_c4,홍지_hongji_20250413,@짜파게티-f1y,키티 컵 넘넘 귀엽운거아니냐고여😮 인스타 유튜브 틱톡 댓글달면서 영상을 세번넘게 보게되니까 안보이던것도 보이게 돼요ㅋㅋㅋㅋ,2025-04-13
홍지_hongji_20250412_c1,홍지_hongji_20250412,@시골사는아이조희,안경알 있는 거에요?,2025-04-13
홍지_hongji_20250412_c2,홍지_hongji_20250412,@Duda_woo,"저도 먹어보고싶어서 해외배송 시켜서 먹어봤는뎅
진짜 맛나더라구요! 진짜 완전 사랑❤❤❤❤❤❤
저는 우유랑 먹었을때 조합이 증말 좋더라구요!!
혹시 나중에 또 드신다면 같이 드시길 추천해용!!!!❤❤❤❤❤❤❤❤❤❤❤❤❤❤❤❤❤❤❤❤",2025-04-12
홍지_hongji_20250412_c3,홍지_hongji_20250412,@짜파게티-f1y,살짝 초코파이 느킴인가??안경 넘 ㄱㅇㅇ!!,2025-04-12
홍지_hongji_20250412_c4,홍지_hongji_20250412,@Nyen-c5h,대바기다.. 저 저거 너무 먹어보고시퍼요ᯅ̈,2025-04-12
홍지_hongji_20250410_c1,홍지_hongji_20250410,@쵸릱-n5e,언니 나 지우야!!기억해~틱톡❤,2025-04-12
홍지_hongji_20250410_c2,홍지_hongji_20250410,@Duda_woo,너무 맛나보여용❤❤❤❤❤,2025-04-11
홍지_hongji_20250410_c3,홍지_hongji_20250410,@짜파게티-f1y,오른쪽 위에 홍지 적어둔거 좀 귀여운거같아여ㅋ,2025-04-10
홍지_hongji_20250410_c4,홍지_hongji_20250410,@Nyen-c5h,얼굴 너무 뽀샤시 다 가진 여자 홍지님♡ 저두 후쿠오카가서 편의점에서 저 치킨 먹엇는데 완전 짱맛이엿눈데.. 영상보니까 또 생각나요⸝⸝ʚ̴̶̷̆ ̯ʚ̴̶̷̆⸝⸝ 또 먹고시프다ᯅ̈,2025-04-10
홍지_hongji_20250409_c1,홍지_hongji_20250409,@쵸릱-n5e,마틸다케잌 가테!!,2025-04-12
홍지_hongji_20250409_c2,홍지_hongji_20250409,@Nyen-c5h,박수 짝짝 홍지님 너무 귀여운걸랑ᯅ̈,2025-04-10
홍지_hongji_20250409_c3,홍지_hongji_20250409,@Duda_woo,"케이크 크기랑 소리가 너무 매력적❤❤❤❤
진짜 넘 좋아유🤤😍😍😍❤❤❤❤❤❤",2025-04-09
홍지_hongji_20250408_c1,홍지_hongji_20250408,@zeexwoo,"˗ˋˏ 와 ˎˊ˗ 소리 무슨일 화이트 노이즈도 없고,,, 넘조아용",2025-04-08
홍지_hongji_20250408_c2,홍지_hongji_20250408,@Duda_woo,"와ㄷㄷ소리가 진짜 재대로네영❤❤❤
홍지님으로인해 저는 매일 배에서 천둥이치고
입에서 눈물이😢 🌩ㄷㄷ
진짜 넘 좋아용❤❤❤❤❤❤❤❤
오늘도 좋은 영상 감사합니당❤❤❤
넘넘 힐링❤❤❤❤❤❤❤❤❤❤",2025-04-08
홍지_hongji_20250408_c3,홍지_hongji_20250408,@Nyen-c5h,"헐 라방에서 봣던 빵들이다아 .ᐟ .ᐟ 
어뜨케 너무 맛잇게드시는거아녀요…? 오랜만에 빵 너무 먹고싶어요   ̣̣̥᷄⌓˂̣̣̥᷅  오눌두 잘보고가여",2025-04-08
홍지_hongji_20250408_c4,홍지_hongji_20250408,@짜파게티-f1y,아니 코팅이 진자 달고나급인데 촉촉하기까지 하면 사기아니냐거요😮,2025-04-08
홍지_hongji_20250406_c1,홍지_hongji_20250406,@짜파게티-f1y,크림치즈 완전 좋아해서 저건진심 탐난다..,2025-04-07
홍지_hongji_20250406_c2,홍지_hongji_20250406,@Nyen-c5h,학교마치고 집갈때 이어폰 끼고 보고잇어요 이것이 바로 제 인생의 낙 - ♡,2025-04-07
홍지_hongji_20250406_c3,홍지_hongji_20250406,@Duda_woo,"진짜 크기가 어마어마 하네유ㄷㄷ
진짜 넘넘 먹어보고싶은 비쥬얼!
홍지님이 드셔서 더 먹고싶어진듯요!!

+머리띠에 키티 3마리 넘 커여워유❤❤❤❤❤❤",2025-04-07
홍지_hongji_20250402_c1,홍지_hongji_20250402,@성우덕후,미친 소리 미쳤어요,2025-04-07
홍지_hongji_20250402_c2,홍지_hongji_20250402,@표말선-t5d,운니 라면에 치즈 올려서 먹어줘ㅠㅠ,2025-04-05
홍지_hongji_20250402_c3,홍지_hongji_20250402,@Duda_woo,"초코코팅 소리 진짜 넘 좋아유❤❤❤❤❤
완죤 사랑❤❤❤❤",2025-04-02
홍지_hongji_20250402_c4,홍지_hongji_20250402,@짜파게티-f1y,유튜브에서 일빠인가.당충전 제대로 될듯..,2025-04-02
홍지_hongji_20250331_c1,홍지_hongji_20250331,@박태근-q3y,어디서 파나요?,2025-03-31
홍지_hongji_20250331_c2,홍지_hongji_20250331,@짜파게티-f1y,하 이거보고 지금 저녁 먹을지말지 천번째 고민중,2025-03-31
홍지_hongji_20250331_c3,홍지_hongji_20250331,@Duda_woo,"두바이...대박.. 완죤 사랑❤❤❤❤
악 넘 좋아유❤❤❤❤❤❤❤❤❤❤🤤
홍지님이 드셔서 더 좋아유❤❤❤️❤️‍🔥❤️❤️‍🔥❤️❤️‍🔥❤️‍🔥❤️❤️‍🔥❤️❤️‍🔥❤️❤️‍🔥❤️",2025-03-31
홍지_hongji_20250329_c1,홍지_hongji_20250329,@짜파게티-f1y,이젠 괌 음식들로 막 올라오겠군..,2025-03-29
홍지_hongji_20250329_c2,홍지_hongji_20250329,@유차타,와~~ 진짜 맛있게 잘 드시네요~~멋져요!1,2025-03-29
홍지_hongji_20250329_c3,홍지_hongji_20250329,@Nyen-c5h,제주도 영상이 아직 남아잇엇군 쫀득말캉 떡들이 홍지님 닮앗어요 ❤,2025-03-29
홍지_hongji_20250329_c4,홍지_hongji_20250329,@Duda_woo,"떡 신기한고 음층 많구먼요❤❤❤❤❤
소리 넘 좋아여❤❤❤❤❤❤❤❤",2025-03-29
홍지_hongji_20250327_c1,홍지_hongji_20250327,@짜파게티-f1y,짜파게티 먹다가 이영상 생각나서 왔어여,2025-03-29
홍지_hongji_20250327_c2,홍지_hongji_20250327,@Nyen-c5h,지금 학교가면서 보고잇어여❤ 너무 조아,2025-03-27
홍지_hongji_20250327_c3,홍지_hongji_20250327,@Duda_woo,꺅!  머리 넘 귀여워요❤❤❤❤❤,2025-03-27
홍지_hongji_20250325_c1,홍지_hongji_20250325,@정재광-s4q,❤❤❤❤❤❤❤❤❤❤❤❤❤❤❤❤❤❤❤❤❤❤❤,2025-07-15
홍지_hongji_20250325_c2,홍지_hongji_20250325,@나둘-u7i,부신 어디라구요???,2025-05-01
홍지_hongji_20250325_c3,홍지_hongji_20250325,@Duda_woo,일반 떡보다 빵피가 더 쫜득쫜득 맛나보여유🤤🤤🤤,2025-03-26
홍지_hongji_20250325_c4,홍지_hongji_20250325,@짜파게티-f1y,사실 완두앙금같은거 싫어하는데 저기 앙금이 완전 부드러워 보여서 맛있어보이는거 같기두?,2025-03-25
홍지_hongji_20250325_c5,홍지_hongji_20250325,@Nyen-c5h,저 아직까지 ㅠ 부산을 갈일이 없어서 조만간 저거먹으로 가야겟어여,2025-03-25
홍지_hongji_20250323_c1,홍지_hongji_20250323,@짜파게티-f1y,유튜브 영상들 빛의속도로 하트 다누르고 왔다. 사실 유튜브 하면서 댓글다는건 처음..👍🏻,2025-03-23
홍지_hongji_20250323_c2,홍지_hongji_20250323,@Duda_woo,"진짜 asmr 완죤 짱 잘하셔요❤❤❤
소리가 진챠 미춌어여ㄷㄷ
ㄹㅇ넘 좋고 힐링 제대로되요❤❤❤❤❤",2025-03-23
홍지_hongji_20250323_c3,홍지_hongji_20250323,@Nyen-c5h,"너무 맛있겠어요 ㅠㅠ
진짜 시켜먹고싶은데 도니 옵어여😢 대리만족 하고 오늘 라방 꼭 갈게유ㅔ😊",2025-03-23
홍지_hongji_20250321_c1,홍지_hongji_20250321,@Duda_woo,"소리 진쨔ㄹㅈㄷ 넘 좋아유ㅠㅜㅜㅠ❤❤❤❤❤
😍😍",2025-03-21
홍지_hongji_20250321_c2,홍지_hongji_20250321,@고양이-n6f5k,소리 미친거아님? 개맛있게 드시네,2025-03-21
홍지_hongji_20250321_c3,홍지_hongji_20250321,@성우덕후,미쳤다...아니 당신 왜 드디어 제 알고리즘에 나타나신 겁니까ㅠㅜㅠ 먹는데 브금 안들어가는거랑 토크(?) 적당히 들어가는거 너무 제 취향 사랑해요 흐어엉,2025-03-21
홍지_hongji_20250319_c1,홍지_hongji_20250319,@웅웅응-r6u,힐링돼여 곧 뜨실듯,2025-04-02
홍지_hongji_20250319_c2,홍지_hongji_20250319,@Duda_woo,"❤통귤모찌는 처음봐용🍊 진쨔 넘넘 맛나겠어용❤
❤드시는 소리 넘 좋구 힐링!!❤❤❤❤❤
그리고 조금 보이는 키티 삔도 넘 귀엽구만유❤❤❤",2025-03-19
홍지_hongji_20250319_c3,홍지_hongji_20250319,@Nyen-c5h,"캬 통으로 와구와구 먹는거 너므 좋아여😊
진짜 영상에서 상큼한 귤 향이 나는 느낌🍊
마음 같아선 바로 제주도 날라가고 싶지만ㅜ 홍지님 영상으로 만족합니두 ㅜ 이 영상도 학교 준비하면서 봐야겟어여  ㅎㅡㅎ♡",2025-03-19
홍지_hongji_20250317_c1,홍지_hongji_20250317,@Duda_woo,"넘 맛나보여용❤❤❤
오늘도 완죤 힐링!~~❤❤❤
감사합니당!!!❤❤❤",2025-03-17
홍지_hongji_20250317_c2,홍지_hongji_20250317,@Nyen-c5h,"감기몸살 힘내시구 푹 쉬고 빨리 나아요😢
그래도 영상올리시는거 리스펙👍 대단해여
냠냠얌얌 햄스터가 밥먹는것처럼 귀여워요🐹🤍 흑돼지강정도 메모📝!!! 제주도 가서 꼭 먹어봐야겠어요ㅠ 지금 너무 배고픈상태🤤",2025-03-17
홍지_hongji_20250316_c1,홍지_hongji_20250316,@Nyen-c5h,밥 먹느라 쪼께 늦엇어요 오늘 라방 꼭 들어올게유🌸🤍,2025-03-16
홍지_hongji_20250316_c2,홍지_hongji_20250316,@Duda_woo,"비주얼도 조합도 넘넘 좋네용!!
글구 1,2편으로 나누어져서 홍지님을 더 많이 볼 수 있다닝 좋아용!❤❤❤",2025-03-16
홍지_hongji_20250316_c1,홍지_hongji_20250316,@Nyen-c5h,1.2편 한번에 올리신거 칭찬해요👏👏 진짜 홍지님도 기엽고 마들랜도 귀얍고 예전 제주도갔을때 진작 사올걸유❗️,2025-03-16
홍지_hongji_20250316_c2,홍지_hongji_20250316,@Duda_woo,"진챠 넘 귀여워용😍😍😍
맛도 진쨔 최고일것 같아용❤❤❤",2025-03-16
홍지_hongji_20250315_c1,홍지_hongji_20250315,@유차타,저도 모찌 진짜 좋아하는데!! 너무 맛있게 먹으셔서 지금 쿠팡으로 주문했어요!!ㅎㅎㅎ,2025-03-29
홍지_hongji_20250315_c2,홍지_hongji_20250315,@Duda_woo,저도 올레시장 가봤었는데 과일모찌가 완죤 싸고 맛나더라구용! 제주여서 그런지 귤모찌가 완젼 맛났던 기억이 나네용!!❤❤❤❤❤❤❤❤,2025-03-15
홍지_hongji_20250315_c3,홍지_hongji_20250315,@Nyen-c5h,귤모찌 먹방 볼려구 기다렷던 나 ㅎㅎ🍊진짜 과즙팡팡 저도 먹고싶은데 너무 비싸여 ㅠㅡㅠ 제주도 안간지 오랜데 또 한번 가고싶네요🌸 저 예전에 제주도가서 모찌도 발견못해서 못머것어유😢🥹,2025-03-15
홍지_hongji_20250314_c1,홍지_hongji_20250314,@Nyen-c5h,오늘 라방은 진짜 꼭 볼꺼에여😖,2025-03-14
홍지_hongji_20250314_c2,홍지_hongji_20250314,@Duda_woo,딱새우회 진쨔 맛나죵❤❤❤,2025-03-14
홍지_hongji_20250313_c1,홍지_hongji_20250313,@user-zf3ql4jl9y,이거 풀버전 있었으면 너무 좋겠다..,2025-06-20
홍지_hongji_20250313_c2,홍지_hongji_20250313,@Nyen-c5h,헐. 제가 왜 예전에 제주도 가서 저걸 안먹엇을까요 완전 빵순이인데 ㅠㅠㅡㅜ,2025-03-13
홍지_hongji_20250313_c3,홍지_hongji_20250313,@Duda_woo,"소리 넘 좋고 맛나보이네용!❤❤❤
제주도 부러워용❤ 잘 다녀오세용❤❤❤",2025-03-13
홍지_hongji_20250312_c1,홍지_hongji_20250312,@Duda_woo,"저 바빠서 라방을 못봤어용ㅠㅠ
암튼 제주도 재미나게 잘 다녀오세용❤❤❤❤❤",2025-03-12
홍지_hongji_20250312_c2,홍지_hongji_20250312,@Nyen-c5h,오늘 라방 기대되여❤ 남친 진짜 요리 너무 잘해요…. 아삭아삭 상추쌈 약속 지키셧군여👍 굿굿,2025-03-12
홍지_hongji_20250311_c1,홍지_hongji_20250311,@Duda_woo,"소리❤❤❤
비주얼❤❤
모든게 다 완벽한 영상❤❤❤❤❤",2025-03-11
홍지_hongji_20250311_c2,홍지_hongji_20250311,@Nyen-c5h,"진짜 부들촉촉 너무 맛있어보야여🤤
제주도 여행 잘다녀와여😊",2025-03-11
홍지_hongji_20250310_c1,홍지_hongji_20250310,@1qa2ws3ed-p3h,존맛이겠누,2025-03-10
홍지_hongji_20250310_c2,홍지_hongji_20250310,@Duda_woo,❤❤❤너무 맛있겠죠? 라고 하실때 목소리 넘 커여워용❤❤❤❤❤ 간장새우장 완죤 만나겠어용!❤❤❤❤❤,2025-03-10
홍지_hongji_20250310_c3,홍지_hongji_20250310,@믱망뭉망,저번에 스니커즈케잌도그렇고 남친분이 진짜 요리천재이신가바요 홍지님은 먹방천재!!,2025-03-10
홍지_hongji_20250309_c1,홍지_hongji_20250309,@Duda_woo,"머리 푸신거 뭔가 오랜만에 보는기분~~
넘 이쁘고 큐트하셔요옹❤❤❤👍👍👍",2025-03-09
홍지_hongji_20250309_c2,홍지_hongji_20250309,@Duda_woo,"남친분 요리 진짜 기가 막히네용! 댑악!!!
저거슨 절대 맛 없을 수 없는 레젼드 비쥬얼!!
❤❤❤❤❤❤❤❤❤❤❤❤❤❤❤",2025-03-09
홍지_hongji_20250308_c1,홍지_hongji_20250308,@Duda_woo,"떡 색깔 넘 이뽀요!!❤❤❤❤❤
오늘도 최고에용❤❤❤❤❤❤
❤❤❤❤❤❤❤❤❤❤❤❤
❤❤❤❤❤❤❤❤❤❤❤❤❤",2025-03-08
홍지_hongji_20250308_c2,홍지_hongji_20250308,@Nyen-c5h,아 어뜨케ㅠㅠ 요즘 홍지님이 드시는거 다먹고싶어요,2025-03-08
홍지_hongji_20250307_c1,홍지_hongji_20250307,@Duda_woo,❤❤❤❤❤,2025-03-07
홍지_hongji_20250307_c2,홍지_hongji_20250307,@냅두,머리띠 왜저래요,2025-03-07
홍지_hongji_20250307_c3,홍지_hongji_20250307,@Nyen-c5h,라방 기대되네영🌸 두바이휘낭시에랑 젤리들 준비완뇨🤍😗,2025-03-07
홍지_hongji_20250306_c1,홍지_hongji_20250306,@Duda_woo,❤❤❤❤❤,2025-03-07
홍지_hongji_20250306_c2,홍지_hongji_20250306,@제니-k7p,"첩첩.쩝쩝
아~~~ 듣기 싫어",2025-03-06
홍지_hongji_20250306_c3,홍지_hongji_20250306,@Duda_woo,"오늘 영상도 완전 힐링이에요❤
오늘 키우던 햄스터와 이별해서 너무 슬펏는데
홍지님 영상 보고 기분이 좀 나아진것 같아요
감사합니다🥹🥹  홍지님은 제 하루의 행복이에요
항상 몸 조심하시구 건강하셔요!🥺🥹❤❤❤❤",2025-03-06
홍지_hongji_20250306_c4,홍지_hongji_20250306,@Nyen-c5h,유튜브는 항상 1빠네유 ㅋㅋㅎㅋ 진짜 세금 9000배는 더 내셔야할둣여 ㅋㅋㅋ 꼭 남자친구랑 잘되세용 🌸,2025-03-06
홍지_hongji_20250305_c1,홍지_hongji_20250305,@m168idori,짜장면 밀키트 어떤 제품인지 알 수 있을까요? 넘 맛있어보여요....,2025-03-05
홍지_hongji_20250305_c2,홍지_hongji_20250305,@Duda_woo,"육즙많은 만두는 진짜 사랑이죵❤❤❤
홍지님이 드신거 다 진짜 먹고싶게 만드셔용❤❤❤❤❤❤❤❤❤❤❤❤❤❤❤❤❤❤❤❤❤",2025-03-05
홍지_hongji_20250305_c3,홍지_hongji_20250305,@Nyen-c5h,저 오동통 질감의 면 너무 제 취향이에유ㅠ 배고프당 틱메확인 부탁드려용 ㅠ,2025-03-05
홍지_hongji_20250304_c1,홍지_hongji_20250304,@Nyen-c5h,틱톡에서 말했다시피 이거 연속재생해서 잘때 들으렵니다… 개학 스트레스가 확 날라가는 소리😮😮 그나저나 오늘 6시30에 일어나서 홍지님 영상 먼저 보면서 준비했어요🤍🎀 그래서 정말 싫었던 개학날이 조금이라도 괜찮아졌어요 제 삶의 버팀목은 only 홍지…… 홍지님 이렇게 좋은소리 앞으로도 부탁드립니다🙇‍♀️,2025-03-04
홍지_hongji_20250304_c2,홍지_hongji_20250304,@Duda_woo,"버섯이 이렇게 맛나게 보이다닝!!❤❤❤❤❤
오늘도 넘넘 힐링❤❤❤❤❤",2025-03-04
홍지_hongji_20250303_c1,홍지_hongji_20250303,@Duda_woo,"오모낭 요즘 외국 간식같은게 편의점에서 파니까 넘 
신기해용❤❤❤❤ 요즘 편의점이 엄청 좋아진듯❤❤❤❤❤오늘 영상도 최고+키티템 넘 커여워용❤❤❤❤❤😍😍😍🥰😍😍🥰",2025-03-03
홍지_hongji_20250303_c2,홍지_hongji_20250303,@Nyen-c5h,유튜브 업로드되자 마자 호다닥왓어유 다들 개학 힘내시구 홍지님도 화이팅🌸🤍,2025-03-03
홍지_hongji_20250302_c1,홍지_hongji_20250302,@수니-b6t,안녕하세요 혹시 동파육레시피는 어떤거 보고 하실까여ㅠㅠㅠ,2025-07-15
홍지_hongji_20250302_c2,홍지_hongji_20250302,@Duda_woo,홀리😮😮동파육 완정 정성+사랑이 다 들어가있군용❤❤❤❤❤❤❤ 넘 맛나보여요!!,2025-03-02
홍지_hongji_20250302_c3,홍지_hongji_20250302,@ntrmfn,세금 두배로내라ㅁㅊ,2025-03-02
홍지_hongji_20250302_c4,홍지_hongji_20250302,@Nyen-c5h,헐 저 떡볶이 먹느라 ㅎㅎ 라방의 끝을 함께 못해줘서 죄송해여 ㅠㅠㅜㅡㅜ 또 월요일 라방을 기다려야겟네요😢 그래도 하루의 끝을 홍지님 영상으로 마무리하는게 조아유 앞으로도 영상 마니 올려쥬세요😚,2025-03-02
홍지_hongji_20250301_c1,홍지_hongji_20250301,@Duda_woo,"집밥을 넘 맛나게 드셔서 저도 넘넘 먹고싶어용❤❤
심지어 김치찌개에 계란프라이까지 조합도 최공❤❤❤",2025-03-02
홍지_hongji_20250301_c2,홍지_hongji_20250301,@Nyen-c5h,"저의 집밥 최애 메뉴는 김치찌개에용
저 까먹어서 그런데 ㅎㅎ 라방하는 날짜 다시 알려주실수있으신가유 ㅠㅠ.ㅠ",2025-03-01
홍지_hongji_20250228_c1,홍지_hongji_20250228,@Duda_woo,치밥까지..아주 야무지군요❤❤❤,2025-02-28
홍지_hongji_20250228_c2,홍지_hongji_20250228,@Nyen-c5h,올리는 영상마다 ㄹㅈㄷ…. 오떠카실꺼에여 시청자들 야식먹게되..,2025-02-28
홍지_hongji_20250227_c1,홍지_hongji_20250227,@Duda_woo,건강한 먹방도 넘 좋아용❤❤,2025-02-27
홍지_hongji_20250227_c2,홍지_hongji_20250227,@Duda_woo,🍍🍍🍍❤❤❤,2025-02-27
홍지_hongji_20250227_c3,홍지_hongji_20250227,@Nyen-c5h,키티모자 너무 기여워요,2025-02-27
홍지_hongji_20250226_c1,홍지_hongji_20250226,@Nyen-c5h,오늘 라방 틱톡 N이에요 구독하구가여 -♡,2025-02-26
홍지_hongji_20250226_c2,홍지_hongji_20250226,@Duda_woo,"불닭은 어디에나 다 사기템이네용😮❤❤❤❤❤
그리고 바삭한거 부러워요! 최고❤❤❤❤❤❤❤❤❤",2025-02-26
홍지_hongji_20250225_c1,홍지_hongji_20250225,@Duda_woo,"꾸덕한 파스타 소리 진짜 넘 좋잖아여❤❤❤❤❤
글구 키티모자? 넘 귀여워여🥰😍❤❤❤",2025-02-25
홍지_hongji_20250225_c2,홍지_hongji_20250225,@RangHoyee,만들어줬는데 같이안먹는거보소,2025-02-25
홍지_hongji_20250223_c1,홍지_hongji_20250223,@Duda_woo,"오모나 구독자 100명 돌파! 축하해용!!!!🎉🎉🎉❤❤❤
떡상 기원!!!❣️❣️❣️❣️❣️❣️❤❤❤❤❤❤",2025-02-23
홍지_hongji_20250223_c2,홍지_hongji_20250223,@Duda_woo,"살 안 빼셔도 이쁘실것 같지만 맛난것도 드시면서 건강하게 다이어트 하셔요!❤❤❤❤❤
화잇팅!!!❤❤❤❤❤❤",2025-02-23
홍지_hongji_20250222_c1,홍지_hongji_20250222,@Duda_woo,"다 너무 맛있어 보이고 삐죽 나와있는 크림이 왜이렇게 
깜찍해보이고 귀엽죠??😂😂😂❤❤❤❤❤❤❤❤",2025-02-22
홍지_hongji_20250221_c1,홍지_hongji_20250221,@Duda_woo,오모나 지금보니까 이게 100번째 영상이네요❤❤❤ 항상 응원해욧!!❤❤❤❤❤❤,2025-02-22
홍지_hongji_20250221_c2,홍지_hongji_20250221,@IAMSUENO,헐 진짜 잘드셔요 완전 맛있게 드셔서 보는 사람도 참 고이는데요ㅋㅋ 이거 보니까 집밥 먹고 싶어졌는데 식욕 떨어질 때마다 볼게요 !! 그리고 꼭 먹방이라고 해서 많이 먹어야 하는건 아니니까 충분히 먹을 수 있는 만큼 드세요 !!  항상 건강도 잘 챙기시기 바랍니당,2025-02-21
홍지_hongji_20250221_c3,홍지_hongji_20250221,@Duda_woo,"특별하거나 많이먹지 않아도 홍지님이 하시는건 다 좋아요!!!❤❤❤❤❤ 그리고 먹는ASMR만이 아니여도 전부 잘 하실것 같아요❤❤❤
항상 응원합니다!❤❤❤❤❤❤❤❤❤",2025-02-21
홍지_hongji_20250220_c1,홍지_hongji_20250220,@가리봉-f2u,"두바이에서도 전지분유량 팜유넣고 만드나?
가나초콜렛에 비해 당류2배 탄수화물 2배 가까이 들어갔네요.",2025-03-21
홍지_hongji_20250220_c2,홍지_hongji_20250220,@Duda_woo,"크기도 완죤 크고 비주얼,소리도 진짜 좋네요❤~~
밤에보면 배고파지는 위험한 영상ㄷㄷ😅😅😅 그래도 진짜 넘 좋아요❤❤❤❤❤❤❤",2025-02-20
홍지_hongji_20250219_c1,홍지_hongji_20250219,@x_x012,할머니처럼 쳐묵노 ㅡㅡ;; 치아 없음?,2025-07-29
홍지_hongji_20250219_c2,홍지_hongji_20250219,@단2-e9o,홍지님 매번 잘 보고 있어요 소리도 너무 좋아요 오늘도 수고하셨오용❤,2025-02-24
홍지_hongji_20250219_c3,홍지_hongji_20250219,@Duda_woo,"홍지님 혹시 된다면 끼리 크림치즈 찰떡 먹어주실 수 있나요?😢😢 진짜 넘넘 맛있어요 블루베리,스트로베리,베이크 치즈 3개 다 넘 맛나요❤❤❤❤❤❤❤❤❤❤❤❤❤❤❤❤❤",2025-02-20
홍지_hongji_20250219_c4,홍지_hongji_20250219,@Duda_woo,"와 특이한고 음청 많네요!😮😮😮❤❤❤❤❤❤
저도 넘 먹고싶어유ㅠ❤❤❤❤❤❤❤",2025-02-19
홍지_hongji_20250219_c5,홍지_hongji_20250219,@Chae2un,맛있어 보여용ㅠ,2025-02-19
홍지_hongji_20250218_c1,홍지_hongji_20250218,@Duda_woo,"삔,머리끈?,접시 다 넘넘 커여워유❤❤❤❤",2025-02-18
홍지_hongji_20250217_c1,홍지_hongji_20250217,@Duda_woo,"얼렸다가 굽는거 신박해용❤❤❤❤❤❤
빵이 소리가 이렇게 좋다니😍😍😍😍",2025-02-17
홍지_hongji_20250217_c2,홍지_hongji_20250217,@이훈범-o7z,침나온다,2025-02-17
홍지_hongji_20250216_c1,홍지_hongji_20250216,@Duda_woo,찐을 드셔 보시다니! 넘 맛나보여요😮😮😮❤❤❤ 떡상하세요!❤❤❤❤❤❤❤,2025-02-16
홍지_hongji_20250215_c1,홍지_hongji_20250215,@Duda_woo,"진짜 매번 조합 너무 맛나게 드셔유😍😍😍
소리+보는거 전부 다 넘 힐링이에요❤❤❤❤❤",2025-02-15
홍지_hongji_20250214_c1,홍지_hongji_20250214,@Duda_woo,"소리 진짜 너무 좋고 남자친구분 진짜 못하시는게 뭐죠? 음식 하나하나 다 정성이 보여요❤❤❤
홍지님 넘 행복하실 것 같아요❤
홍지님이랑 남자친구분 서로를 만나신게 복받으신 것 같아요!❤찐사랑❤오래 가세요!❤❤❤❤❤❤❤❤❤❤❤❤❤❤❤❤❤❤❤❤❤❤❤❤❤❤❤",2025-02-14
홍지_hongji_20250214_c2,홍지_hongji_20250214,@brownblue-u7h,아고 귀여워 리즈 닮았어요❤❤❤❤❤,2025-02-14
홍지_hongji_20250213_c1,홍지_hongji_20250213,@Duda_woo,"옹 이렇게 여러종류? 먹을때 점수 매기는거 너무 좋은것 같아요!!❤❤❤❤❤❤❤
오늘도 좋은 영상 감사합니당!!!!❤❤❤",2025-02-13
홍지_hongji_20250212_c1,홍지_hongji_20250212,@Duda_woo,"저는 깨먹는 하트티라미수 오리지널로 먹어봤는데
넘넘 맛있고 재미있더라고요🥰🥰😍😍
이번에 나온거 포장부터 넘 귀엽고 예쁘네요❤❤❤",2025-02-12
홍지_hongji_20250212_c2,홍지_hongji_20250212,@곽윤우-u5w,2빠 넘 예뻐요❤,2025-02-12
홍지_hongji_20250212_c3,홍지_hongji_20250212,@강영아-q7d,"1빠
너무 예뻐요❤",2025-02-12
홍지_hongji_20250211_c1,홍지_hongji_20250211,@Duda_woo,"진짜 소리 넘넘 힐링되여😍😍😍
혹시 저번에 드셨던 KFC랑 이번에 드신것 중에
어떤게 더 빠삭한가용???",2025-02-12
홍지_hongji_20250210_c1,홍지_hongji_20250210,@joowoning-vlog,언니가 먹는 음식은 다 왤케 맛있어 보일까유😢 진짜 언니가 먹는 거 보면 금세 배고파져용😋🤤 음식 항상 맛있게 드셔주셔서 감사해요!❤,2025-02-13
홍지_hongji_20250210_c2,홍지_hongji_20250210,@공쥬_예뽀리뽀,"헐 소리 넘 좋아요😢 그리구 혹시! 뿌링클 먹방도 해주실수 있어용,,?❤",2025-02-11
홍지_hongji_20250210_c3,홍지_hongji_20250210,@Duda_woo,"만두 육즙 대박이에유😮😮😮❤❤
불닭이랑 조합도 넘 좋고 소리 매일 너무 힐링이에요❤❤❤❤❤❤ 항상 최고에요❤❤ 악플같은거 신경쓰지 마시구 맛난거 많이 드셔용😢😢❤❤❤",2025-02-10
홍지_hongji_20250210_c4,홍지_hongji_20250210,@제니-k7p,"쩝쩝거리는 소리..
짜증난다",2025-02-10
홍지_hongji_20250209_c1,홍지_hongji_20250209,@Duda_woo,"찐 밥도둑❤❤❤❤❤❤
간장게장도 먹어주실 수 있나요?❤❤❤❤",2025-02-15
홍지_hongji_20250209_c2,홍지_hongji_20250209,@공쥬_예뽀리뽀,헐 소리❤❤❤,2025-02-11
홍지_hongji_20250208_c1,홍지_hongji_20250208,@Duda_woo,찹쌀떡 위에 딸기가 올라가 있는게 넘 예쁘고 귀엽네요❤❤ 저도 한번쯤은 꼭 먹어보고싶게 생겼어요!❤❤❤❤❤❤❤,2025-02-10
홍지_hongji_20250207_c1,홍지_hongji_20250207,@Duda_woo,"수건케이크 사셨다니 넘 부러워요❤❤❤❤❤❤
넘 맛나게 잘 드세요❤❤❤❤❤",2025-02-15
홍지_hongji_20250207_c2,홍지_hongji_20250207,@Chae2un,매번 느낀건데 넘 맛있게 잘드셔용♡,2025-02-08
홍지_hongji_20250206_c1,홍지_hongji_20250206,@Duda_woo,"어모나 구하셨군요!!! 대박!👍 👍 👍
너무 부러워유❤❤❤❤❤❤❤❤❤❤❤",2025-02-06
홍지_hongji_20250204_c1,홍지_hongji_20250204,@Duda_woo,"타코야끼 넘 맛있어보여용
제가 사는곳은 타코야끼 파는곳이 가까이 없어서유ㅠ❤❤❤오늘도 대리만족 합니다❤❤❤❤❤❤❤",2025-02-15
홍지_hongji_20250203_c1,홍지_hongji_20250203,@Duda_woo,제가 여태까지 본 치킨중 제일 빠삭해 보여요😮😮❤❤❤,2025-02-04
홍지_hongji_20250201_c1,홍지_hongji_20250201,@Duda_woo,❤❤❤,2025-02-15
홍지_hongji_20250131_c1,홍지_hongji_20250131,@Duda_woo,😍😍😍,2025-02-15
홍지_hongji_20250130_c1,홍지_hongji_20250130,@Duda_woo,❤❤❤,2025-02-15
홍지_hongji_20250128_c1,홍지_hongji_20250128,@Duda_woo,홀리😮😮머리 너무 이뻐용❤❤❤❤❤❤❤❤❤❤❤❤❤❤❤❤❤❤❤,2025-01-29
홍지_hongji_20250126_c1,홍지_hongji_20250126,@Duda_woo,"홍지님 영상 보면 두바이는 가성비도 그렇고
던킨이 최고인것 같아유❤❤❤❤❤
오늘도 좋은 영상 감사합니당❤최공🎉🎉",2025-01-26
홍지_hongji_20250125_c1,홍지_hongji_20250125,@Duda_woo,"덕분에 배고파 졌어용❤❤❤❤❤❤
저도 넘 먹고싶네용",2025-01-25
홍지_hongji_20250125_c2,홍지_hongji_20250125,@3abbs37,진짜 맛있어 보여요ㅜㅜ😢,2025-01-25
홍지_hongji_20250123_c1,홍지_hongji_20250123,@coaldud_0830,홈플러스에 다 파나요?,2025-01-23
홍지_hongji_20250122_c1,홍지_hongji_20250122,@Duda_woo,❤❤❤❤❤🍓 🍓 🍓 ❤❤❤❤❤,2025-01-22
홍지_hongji_20250121_c1,홍지_hongji_20250121,@Duda_woo,토마토 파스타에 치즈조합은 사랑이죵❤❤❤❤,2025-02-15
홍지_hongji_20250121_c2,홍지_hongji_20250121,@감자-j3q,진짜 쫀득하고 맛있어보여요.....🥹😍😍,2025-01-22
홍지_hongji_20250120_c1,홍지_hongji_20250120,@김5있는8시07주영,두바이모찌맛있겠다🎉❤❤❤❤❤❤❤❤❤❤❤❤❤❤❤❤❤❤❤❤❤❤❤❤,2025-05-03
홍지_hongji_20250120_c2,홍지_hongji_20250120,@공쥬v-z6x,구독 눌렀어요,2025-02-16
홍지_hongji_20250120_c3,홍지_hongji_20250120,@공쥬_예뽀리뽀,헐 이분 왜 안뜨시지!?나만 알기 아까운 유튜버 1위!!❤,2025-02-11
홍지_hongji_20250120_c4,홍지_hongji_20250120,@Duda_woo,"소리 진짜 좋아요!!
그리고 딸기 크기 무슨일이죠? 진짜 대박❤❤❤❤❤❤",2025-01-21
홍지_hongji_20250118_c1,홍지_hongji_20250118,@Duda_woo,케이크도 모자도 홍지님두 다 넘넘 귀여워용❤❤❤,2025-02-15
홍지_hongji_20250115_c1,홍지_hongji_20250115,@뷁-u7r,하 다이어트중인대넘먹고샆다 퐁신쫜득부들부들,2025-01-22
홍지_hongji_20250115_c2,홍지_hongji_20250115,@Duda_woo,😮😮소리가 너무 신기하네요❤❤❤❤❤,2025-01-16
홍지_hongji_20250112_c1,홍지_hongji_20250112,@Duda_woo,던킨이 일을 잘 하는군요😊😊,2025-01-13
홍지_hongji_20250112_c2,홍지_hongji_20250112,@user-mk9xg3hg1r,던킨에 미친빵이 출시했네 …🤤,2025-01-12
홍지_hongji_20250106_c1,홍지_hongji_20250106,@Duda_woo,진짜 소리 넘 힐링이에용❤❤❤❤❤,2025-01-06
홍지_hongji_20250104_c1,홍지_hongji_20250104,@Duda_woo,😢😢그래도 컬리후라이라도 맛있어서 다행이네용😢😢❤❤❤❤❤❤❤❤❤❤❤❤❤,2025-01-04
홍지_hongji_20250103_c1,홍지_hongji_20250103,@Duda_woo,머리띠 진짜 귀여워용❤❤,2025-01-03
홍지_hongji_20250102_c1,홍지_hongji_20250102,@Duda_woo,헐 너무 부럽네요 제가 어제 산 샤머는 맹맹하고 상태도 안좋아서ㅠㅠ과일 좋아하는데 이런거 사면 너무 손해본 기분ㅠㅠㅠㅠ 홍지님은 샤머 진짜 잘 고르시나봐영😮오늘도 저는 대리만족 하고 가겠씀당❤❤❤❤❤❤❤❤,2025-01-02
홍지_hongji_20250101_c1,홍지_hongji_20250101,@kongtukmom,저오리 한강 수영장에서 달고나 하면 쥬는데요.,2025-01-17
홍지_hongji_20250101_c2,홍지_hongji_20250101,@브레이드킴,신발 비위상하게 겁나 쩝쩝거리네 입맛 떨어지네 ᆢ,2025-01-01
홍지_hongji_20250101_c3,홍지_hongji_20250101,@Duda_woo,"남친분 떡국 진짜 예쁘게 잘 하시네용!! 
그리고 새해 복 많이 받으시구 이번 2025년도
화이팅 하세요!!❤❤❤❤❤❤❤❤❤❤
그리고 항상 영상 잘 보고있어요!!  항상 힐링하고 가요! 감사해요!!!❤❤❤❤❤❤❤❤❤❤❤❤❤❤❤❤❤💞💞💞💞",2025-01-01
홍지_hongji_20241231_c1,홍지_hongji_20241231,@Duda_woo,"우왕!!!  완전 꿀조합!!!! 진짜 볼때마다 배고파져용❤
홍지님 이번 한 해 동안 고생 많으셨구 내년에도 화이팅 하세용!! ❤❤❤  새해 복 많이 받으세용!!❤❤❤❤❤❤❤❤❤❤❤❤❤❤❤❤❤❤❤🎉🎆🎇🎊✨️🎉🎉",2024-12-31
홍지_hongji_20241230_c1,홍지_hongji_20241230,@감자-j3q,너무 맛있어 보여요...🥹🥹 구독 누르고 갑니다 ㅎㅎ🫰🫰💕💕,2025-01-22
홍지_hongji_20241230_c2,홍지_hongji_20241230,@Duda_woo,가성비여서 다행이네용😮😮😮❤❤❤❤❤,2024-12-30
홍지_hongji_20241229_c1,홍지_hongji_20241229,@Duda_woo,"홍지님은 아쉬우셔도 저는 넘 만족하고 갑니당!!!❤❤❤
오늘도 좋은영상 넘 감사합니당!!! 매일 영상 올리시느라 힘드실텐데 다시한번 감사합니당❤❤❤❤❤❤",2024-12-29
홍지_hongji_20241228_c1,홍지_hongji_20241228,@Duda_woo,"왕!! 마라짜파게티는 첨들어봐용!!!❤❤❤
소리최공❤❤❤",2024-12-28
홍지_hongji_20241227_c1,홍지_hongji_20241227,@Duda_woo,❤❤❤고기도 그렇고 보쌈김치 소리가 쥑이네염❤❤❤그리고 남자친구분 요리실력은 언재봐도 대박이네요😮😮😮😮❤❤❤❤,2024-12-27
홍지_hongji_20241226_c1,홍지_hongji_20241226,@Duda_woo,왕!! 소리 넘 좋아욧!!!  그리구 머리 넘 이쁘셔용!!!!!!!!❤❤❤❤❤❤❤❤❤❤❤❤❤❤❤❤❤❤❤,2024-12-26
홍지_hongji_20241224_c1,홍지_hongji_20241224,@디오1205,가게이름 궁금해요!!,2025-07-24
홍지_hongji_20241224_c2,홍지_hongji_20241224,@Duda_woo,모찌 정말 맛난데ㅠㅠ 잘하는 집 찾기가 젤루 어려워용ㅠㅠ,2024-12-24
홍지_hongji_20241223_c1,홍지_hongji_20241223,@Duda_woo,"저 땅콩버터 사랑하는데❤❤
다음에 아이스크림 코너에 보이면 사봐야겠어용❤❤❤오늘도 영상 감사합니당❤❤❤",2024-12-23
홍지_hongji_20241222_c1,홍지_hongji_20241222,@Duda_woo,"헐..전 아직 한번도 안 먹어봤는뎀..
다음에 먹는다면 홍지님처럼 먹어보겠씀다!!!
오늘도 좋은❤영상 감사합니당 ❤❤❤❤❤❤❤❤❤❤❤❤",2024-12-22
홍지_hongji_20241221_c1,홍지_hongji_20241221,@Duda_woo,영상으로 올리신걸 뭐든 먹고싶게 만드시는 홍지님😮😮❤❤❤❤❤❤❤❤❤❤,2024-12-21
홍지_hongji_20241220_c1,홍지_hongji_20241220,@Duda_woo,"영상 편집하느라 고생하셨겠어용❤❤❤
좋은 영상 감사합니당❤❤❤❤❤❤",2024-12-20
홍지_hongji_20241219_c1,홍지_hongji_20241219,@Duda_woo,덕분에 저도 다음에 사이드 시켜봐야 겠어용!!❤❤❤❤❤,2024-12-19
홍지_hongji_20241218_c1,홍지_hongji_20241218,@Duda_woo,"머리에 리본 넘 이쁘셔용!!
완죤 딸기랑 찰떡!!!🎀❤❤❤❤❤❤❤❤",2024-12-18
홍지_hongji_20241217_c1,홍지_hongji_20241217,@Duda_woo,"옹!! 편의점 두바이 가격이랑 비교하면 가성비 맞는것같아요!!!
그런 맛죠은 도넛이 있는지 몰랐는데 
저도 다음에 던킨도너츠 가면 사봐야겠어욧!!!
항상 좋은영상 올려주셔서 감사합니당!!!❤❤❤❤❤❤❤❤❤❤❤❤❤❤❤❤❤❤❤❤❤",2024-12-17
홍지_hongji_20241216_c1,홍지_hongji_20241216,@Duda_woo,저는 홍지님 영상으로 대리만족 하겠슴다!!!❤❤❤,2024-12-16
홍지_hongji_20241215_c1,홍지_hongji_20241215,@Duda_woo,진짜 일본 가고싶게 만드시네용❤❤❤❤❤,2024-12-15
홍지_hongji_20241214_c1,홍지_hongji_20241214,@Duda_woo,"영상 항상 잘 보고있오요!!❤❤❤
좋은 영상 감사합니당❤❤❤❤❤",2024-12-15
홍지_hongji_20241214_c2,홍지_hongji_20241214,@Duda_woo,소리 넘 좋아용❤❤❤,2024-12-15
홍지_hongji_20241213_c1,홍지_hongji_20241213,@Duda_woo,"소리 넘 좋아요!!❤❤❤❤❤❤❤❤❤❤❤❤❤❤
떡상 하세용!!!! 항상 응원할게용!!!❤❤❤❤❤❤❤❤❤❤❤❤❤❤❤❤❤❤❤❤❤❤❤❤❤❤❤❤❤❤❤❤❤❤❤❤❤❤❤❤❤❤❤❤❤❤❤❤❤❤❤❤❤❤❤❤❤❤❤❤❤❤❤❤❤❤❤❤❤❤❤❤❤❤❤❤❤❤❤❤❤❤❤❤❤❤❤❤❤❤❤❤❤❤❤❤❤❤❤❤❤❤❤❤❤❤❤❤❤❤❤❤❤❤❤❤❤❤❤❤❤❤❤❤❤❤❤❤❤❤❤❤❤❤❤❤❤❤❤❤❤❤❤❤❤❤❤❤❤❤❤❤❤❤❤❤❤❤❤❤❤❤❤❤❤❤❤❤❤❤❤❤❤❤❤❤❤❤❤❤❤❤❤❤❤❤❤❤❤❤❤❤❤❤❤❤❤❤❤❤❤❤❤❤❤❤❤❤❤❤❤❤❤❤❤❤❤❤❤❤❤❤❤❤❤❤❤❤❤❤❤❤❤❤❤❤❤❤❤❤❤❤❤❤❤❤❤❤❤❤❤❤❤❤❤❤❤❤❤❤❤❤❤❤❤❤❤❤❤❤❤❤❤❤❤❤❤❤❤❤❤❤❤❤❤❤❤❤❤❤❤❤❤❤❤❤❤❤❤❤❤❤❤❤❤❤❤❤❤❤❤❤❤❤❤❤❤❤❤❤❤❤❤❤❤❤❤❤❤❤❤❤❤❤❤❤❤❤❤❤❤❤❤❤❤❤❤❤❤❤❤❤❤❤❤❤❤❤❤❤❤❤❤❤❤❤❤❤❤❤❤❤❤❤❤❤❤❤❤❤❤❤❤❤❤❤❤❤❤❤❤❤❤❤❤❤❤❤❤❤❤❤❤❤❤❤❤❤❤❤❤❤❤❤❤❤❤❤❤❤❤❤❤❤❤❤❤❤❤❤❤❤❤❤❤❤❤❤❤❤❤❤❤❤❤❤❤❤❤❤❤❤❤❤❤❤❤❤❤❤❤❤❤❤❤❤❤❤❤❤❤❤❤❤❤❤❤❤❤❤❤❤❤❤❤❤❤❤❤❤❤❤❤❤❤❤❤❤❤❤❤❤❤❤❤❤❤❤❤❤❤❤❤❤❤❤❤❤❤❤❤❤❤❤❤❤❤❤❤❤❤❤❤❤❤❤❤❤❤❤❤❤❤❤❤❤❤❤❤❤❤❤❤❤❤❤❤❤❤❤❤❤❤❤❤❤❤❤❤❤❤❤❤❤❤❤❤❤❤❤❤❤❤❤❤❤❤❤❤❤❤❤❤❤❤❤❤❤❤❤❤❤❤❤❤❤❤❤❤❤❤❤❤❤❤❤❤❤❤❤❤❤❤❤❤❤❤❤❤❤❤❤❤❤❤❤❤❤❤❤❤❤❤❤❤❤❤❤❤❤❤❤❤❤❤❤❤❤❤❤❤❤❤❤❤❤❤❤❤❤❤❤❤❤❤❤❤❤❤❤❤❤❤❤❤❤❤❤❤❤❤❤❤❤❤❤❤❤❤❤❤❤❤❤❤❤❤❤❤❤❤❤❤❤❤❤❤❤❤❤❤❤❤❤❤❤❤❤❤❤❤❤❤❤❤❤❤❤❤❤❤❤❤❤❤❤❤❤❤❤❤❤❤❤❤❤❤❤❤❤❤❤❤❤❤❤❤❤❤❤❤❤❤❤❤❤❤❤❤❤❤❤❤❤❤❤❤❤❤❤❤❤❤❤❤❤❤❤❤❤❤❤❤❤❤❤❤❤❤❤❤❤❤❤❤❤❤❤❤❤❤❤❤❤❤❤❤❤❤",2024-12-14
홍지_hongji_20241213_c2,홍지_hongji_20241213,@Duda_woo,"남자친구분 요리실력 넘 좋으신것 같아요!!
홍지님 넘 행복하실듯!!!!❤❤❤❤❤❤❤❤",2024-12-13
홍지_hongji_20241212_c1,홍지_hongji_20241212,@Duda_woo,"와!! 소리도 좋고 부럽네용😢😢
맛난거 많이 드세요!!❤❤❤❤❤❤❤❤❤",2024-12-13
홍지_hongji_20241211_c1,홍지_hongji_20241211,@Duda_woo,❤❤❤사각사각 소리 넘 좋아용❤❤❤,2024-12-11
홍지_hongji_20241210_c1,홍지_hongji_20241210,@Bedwars6,이 사람 떡상 해야하는데,2024-12-12
홍지_hongji_20241210_c2,홍지_hongji_20241210,@Duda_woo,초코코팅 소리가 넘 좋네용!❤❤❤❤❤❤❤❤❤❤,2024-12-10
홍지_hongji_20241209_c1,홍지_hongji_20241209,@Duda_woo,"제품 이름이 뭔가요???😢
저도 너무 먹고싶어용ㅠㅠㅠㅠ",2024-12-10
홍지_hongji_20241206_c1,홍지_hongji_20241206,@Duda_woo,asmr 넘 잘하세용!❤❤❤❤❤❤❤,2024-12-10
홍지_hongji_20241205_c1,홍지_hongji_20241205,@Duda_woo,소리 넘 좋아용❤❤❤❤❤❤❤❤,2024-12-10
홍지_hongji_20241201_c1,홍지_hongji_20241201,@Hongji홍지,"< 이상한 과자가게 이사장님 레시피 요약>

마진마늘 1큰술, 불닭소스 3큰술, 고추장 1큰술, 물엿 3큰술, 깨1/2큰술 -> 소스 완성🌟

팽이버섯 한 번 익혀준 뒤 소스 발라서 굽기!!!
*맵찔이라면 불닭소스 줄여도 된대요!",2024-12-01
홍지_hongji_20241129_c1,홍지_hongji_20241129,@plmf,혹시 맵기정도가 어느정도인가요…? 까르보불닭…? 신라면…?,2024-12-15
홍지_hongji_20241127_c1,홍지_hongji_20241127,@단2-e9o,어디꺼에영??,2024-11-28
홍지_hongji_20241125_c1,홍지_hongji_20241125,@동준김,진짜 맛있겠다...,2025-06-06
홍지_hongji_20241125_c2,홍지_hongji_20241125,@화니-s5k,원래 양이 그정도인가요?,2025-01-06
홍지_hongji_20241125_c3,홍지_hongji_20241125,@찌니-o6n,입을좀다물고드시는게..,2025-01-04
홍지_hongji_20241125_c4,홍지_hongji_20241125,@최승일-d4v,저도 맵찔이라.. 시키기에 고민되네요 맵기는 어느정도 드시는 편인가요? 까르보불닭정도는 씁씁거리며 드시는지?,2024-12-11
홍지_hongji_20241123_c1,홍지_hongji_20241123,@Nyen-c5h,새벽에 다시 채널왔다가 침흘리고갑니다… ㅠㅡㅠ 🤤,2025-02-28
홍지_hongji_20241120_c1,홍지_hongji_20241120,@믱망뭉망,"우와 남자친구분 솜씨가,, 땅콩 씹히는소리 너무조아요.ᐟ",2024-11-21
홍지_hongji_20241118_c1,홍지_hongji_20241118,@minjaekim4780,그냥 다 맛있어보이는데요,2024-11-18
홍지_hongji_20241116_c1,홍지_hongji_20241116,@JaydenThePM,슈프림 눅눅해서 안좋아하는데 여긴 맛있어보여요,2024-11-16
홍지_hongji_20241114_c1,홍지_hongji_20241114,@Duda_woo,"두바이 초콜릿 소리 넘 좋아용❤❤❤

🤎🤎🤎🤎🤎🤎🤎🤎🤎🤎
🤎💚💚💚💚💚💚💚💚🤎
🤎💚💚💚💚💚💚💚💚🤎
🤎💚💚💚💚💚💚💚💚🤎
🤎🤎🤎🤎🤎🤎🤎🤎🤎🤎",2025-02-22
홍지_hongji_20241113_c1,홍지_hongji_20241113,@FlaviaCahuana,Come como bebe 😭😭😭,2024-11-13
홍지_hongji_20241112_c1,홍지_hongji_20241112,@Duda_woo,🩷❤️🧡💛💚🩵💙💜,2025-02-22
홍지_hongji_20241112_c2,홍지_hongji_20241112,@JaydenThePM,ㅋㅋ맹구티셔츠 귀엽,2024-11-12
홍지_hongji_20241111_c1,홍지_hongji_20241111,@Duda_woo,소리❤❤❤❤❤❤❤,2025-02-22
