VIDEO_ID,TITLE,DESCRIPTION,CHANNEL_TITLE,PUBLISHED_AT,DURATION,VIEW_COUNT,LIKE_COUNT,COMMENT_COUNT,PLATFORM
띠미_ddimmi_20250731,하다하다 이런 광고를 받았습니다;;;,,띠미 ddimmi,2025-07-31,PT45S,19196,571,28,youtube
띠미_ddimmi_20250730,"구독자가 요청한 교도소 도넛, 지금까지 만들지 못했던 이유",,띠미 ddimmi,2025-07-30,PT49S,34506,1363,44,youtube
띠미_ddimmi_20250728,[실제상황🚨] 팬미팅에 사람들이 안 왔다....,,띠미 ddimmi,2025-07-28,PT52S,1432347,32551,373,youtube
띠미_ddimmi_20250726,아무도 모르는 이디야 요아정.. 과연 먹을만 한가?,,띠미 ddimmi,2025-07-26,PT45S,387657,5905,55,youtube
띠미_ddimmi_20250722,빛나는 초콜릿 몰드! 마지막으로 댓글 대로 싹 다 해보면 어떻게 될까?,,띠미 ddimmi,2025-07-22,PT34S,774465,11312,107,youtube
띠미_ddimmi_20250721,지금 난리난 일본 장어덮밥버거 한국에서 먹는법,,띠미 ddimmi,2025-07-21,PT35S,252915,3273,34,youtube
띠미_ddimmi_20250719,세상에 하나밖에 없는 대왕 컵 떡볶이,,띠미 ddimmi,2025-07-19,PT44S,635806,11666,148,youtube
띠미_ddimmi_20250718,"빛나는 초콜릿, 과연 다른 재료로도 될까?",,띠미 ddimmi,2025-07-18,PT25S,1853702,27546,268,youtube
띠미_ddimmi_20250717,과일과 젤리에 탄산을 넣으면 어떻게 될까? #제품제공,#제품제공,띠미 ddimmi,2025-07-17,PT48S,263216,6445,40,youtube
띠미_ddimmi_20250715,인스타 명품 수박 vs 5000원 시장 수박! 뭐가 다를까?,,띠미 ddimmi,2025-07-15,PT36S,2319452,38442,178,youtube
띠미_ddimmi_20250713,인스타에서 보이는 빛나는 초콜릿… 이게 진짜 될까?,,띠미 ddimmi,2025-07-13,PT27S,3370304,40112,103,youtube
띠미_ddimmi_20250711,최고급 재료로 만든 김치찜! 최고 맛집 이길 수 있을까?,,띠미 ddimmi,2025-07-11,PT57S,516793,8519,43,youtube
띠미_ddimmi_20250710,에이블리에서 옷 말고 간식을 판다고?!!!,,띠미 ddimmi,2025-07-10,PT1M31S,618197,14058,56,youtube
띠미_ddimmi_20250709,요즘 유행하는 AI 용암 먹방 맛있게 먹는 유일한 방법,,띠미 ddimmi,2025-07-09,PT49S,2068527,38779,210,youtube
띠미_ddimmi_20250707,요즘 유행하는 비싼 성게알을 가장 맛있게 먹는 법 ​⁠@edmmer,,띠미 ddimmi,2025-07-07,PT48S,194243,3511,39,youtube
띠미_ddimmi_20250706,떡볶이로 국수면을 만들면 어떻게 될까?,,띠미 ddimmi,2025-07-06,PT50S,1245628,17787,57,youtube
띠미_ddimmi_20250703,지금 인스타에서 난리난 신기한 쿠팡 전 ㄷㄷ,,띠미 ddimmi,2025-07-03,PT51S,239053,3672,31,youtube
띠미_ddimmi_20250702,130만 유튜버 수빙수님의 쌈장게장! 과연 맛있을까? @soobingsootv,,띠미 ddimmi,2025-07-02,PT47S,564820,9453,42,youtube
띠미_ddimmi_20250630,부산 택시 타자마자 “맛집으로 가주세요” 하면 생기는 일,,띠미 ddimmi,2025-06-30,PT58S,1597971,24777,188,youtube
띠미_ddimmi_20250627,(초긴급) 쫀득쿠키 500인분 다 가져가실 분 구합니다🚨,,띠미 ddimmi,2025-06-27,PT56S,357461,7201,356,youtube
띠미_ddimmi_20250625,시식코너 삼겹살의 비밀 양파가루를 이기는 마법의 가루를 찾았다!,,띠미 ddimmi,2025-06-25,PT39S,188546,2903,29,youtube
띠미_ddimmi_20250624,대환장 도쿄 16만원 메론케이크! 과연 맛은 어떨까?,,띠미 ddimmi,2025-06-24,PT1M45S,635464,12931,200,youtube
띠미_ddimmi_20250621,아침 8시 오픈런 메가커피 팥빙젤라또파르페 과연 먹을만한가..?,,띠미 ddimmi,2025-06-21,PT1M,1091012,14231,105,youtube
띠미_ddimmi_20250620,전남친 알리오올리오가 맛있었던 이유,,띠미 ddimmi,2025-06-20,PT49S,146843,3567,65,youtube
띠미_ddimmi_20250619,품절대란 팥빙프라페까지? 먹천재의 뷔페 본전 미친 꿀팁 공개🔥,,띠미 ddimmi,2025-06-19,PT51S,132721,1862,41,youtube
띠미_ddimmi_20250618,지금 해외에서 핫한 제 2의 연어깍두기?!,,띠미 ddimmi,2025-06-18,PT43S,850201,13123,55,youtube
띠미_ddimmi_20250610,유럽에서 내 쫀득쿠키를 보러 날 찾아왔다...,,띠미 ddimmi,2025-06-10,PT54S,2745506,43947,86,youtube
띠미_ddimmi_20250608,젼언니님이 보내주신 벽돌초콜릿케이크🧱 @jeon_unni,,띠미 ddimmi,2025-06-08,PT51S,777852,13190,81,youtube
띠미_ddimmi_20250606,어딘가 좀 이상한 미국 MZ간식들 다 먹어봤다,,띠미 ddimmi,2025-06-06,PT38S,232777,4545,43,youtube
띠미_ddimmi_20250604,전국 딱 한 곳에서만 판다는 최고급 교촌치킨 세트를 먹어봤다ㄷㄷ,,띠미 ddimmi,2025-06-04,PT42S,1186378,11665,69,youtube
띠미_ddimmi_20250603,저의 첫 팝업스토어… 힘드네요,,띠미 ddimmi,2025-06-03,PT55S,3193648,73613,248,youtube
띠미_ddimmi_20250531,악플에 못 이겨 다시 만든 라바치킨(?) @해봄,,띠미 ddimmi,2025-05-31,PT47S,800301,12223,418,youtube
띠미_ddimmi_20250530,최강의 신맛 챌린지! 어디까지 먹을 수 있을까?,"#광고 #핵아이셔에이슬 #핵아이셔에이슬챌린지 #신맛챌린지 #핵아이셔 #아이셔에이슬  핵아이셔와 컬래버한 화제의 한정판 소주, 핵아이셔에이슬이 나왔어요!  핵아이셔에이슬 신맛 챌린지에 도전해봤는데 극강의 상큼한 맛이 침샘폭발이에요! 😆  전국 주요 영업점 및 편의점, 대형마트 등에서 구매할 수 있대요! 한정판이니까 빨리 구매해보세요!",띠미 ddimmi,2025-05-30,PT45S,246275,3785,69,youtube
띠미_ddimmi_20250529,(긴급) 쫀득쿠키 600개 가져가실 분 구합니다🚨,,띠미 ddimmi,2025-05-29,PT55S,1254938,25783,228,youtube
띠미_ddimmi_20250528,요즘 유행하는 제2의 연어깍두기 찾았다!,,띠미 ddimmi,2025-05-28,PT50S,631749,8510,67,youtube
띠미_ddimmi_20250527,이상한 요리 유튜버 하면 안되는 이유ㅋㅋㅋ  #Good_Thing #제작비지원,YouTube Shorts로부터 제작비를 지원받은 영상입니다. 여러분들의 Good Thing은 뭔가요?👀,띠미 ddimmi,2025-05-27,PT19S,169270,2570,28,youtube
띠미_ddimmi_20250525,제 논란에 대해 해명하겠습니다…,이 콘텐츠는 VOLI의 AI보이스를 활용하여 제작되었습니다. https://voli.ai,띠미 ddimmi,2025-05-25,PT37S,603023,12757,132,youtube
띠미_ddimmi_20250523,해외에서 난리난 브라질 치즈빵 이거 꼭 드세요!,,띠미 ddimmi,2025-05-23,PT49S,928955,17297,105,youtube
띠미_ddimmi_20250521,젼언니님표 NEW 연어캔디! 과연 맛있을까? @jeon_unni,,띠미 ddimmi,2025-05-21,PT54S,2213236,41913,144,youtube
띠미_ddimmi_20250517,마인크래프트 라바치킨 만들기 @charmingjo #lavachicken,,띠미 ddimmi,2025-05-17,PT44S,5555818,59149,394,youtube
띠미_ddimmi_20250516,3년동안 날 괴롭혔던 통대창.. 더 엄청나져서 돌아왔다...,,띠미 ddimmi,2025-05-16,PT50S,2954533,39035,96,youtube
띠미_ddimmi_20250513,오믈렛 도전기 1일차... 바로 성공...? (퉁퉁퉁x3 사후르가 도와줌ㄷㄷㄷ),,띠미 ddimmi,2025-05-13,PT51S,332903,4252,66,youtube
띠미_ddimmi_20250512,일본의 신기한 전자레인지 키트! 이게 진짜 돼..?,,띠미 ddimmi,2025-05-12,PT58S,1025662,11874,46,youtube
띠미_ddimmi_20250510,전남친 토스트 유행에 전남친 스프레드가 나왔다고? 과연 맛은?,,띠미 ddimmi,2025-05-10,PT50S,1157968,14997,56,youtube
띠미_ddimmi_20250506,어떤 음료든 젤라또로 만들어주는 마법의 가루,,띠미 ddimmi,2025-05-06,PT46S,466581,6402,43,youtube
띠미_ddimmi_20250504,마라탕 국물로 국수를 만들면 어떻게 될까?,,띠미 ddimmi,2025-05-04,PT48S,1200135,18289,86,youtube
띠미_ddimmi_20250502,한국에는 없는 일본 배스킨라빈스 신기한 맛 다 먹어봤다,,띠미 ddimmi,2025-05-02,PT55S,1636804,25853,173,youtube
띠미_ddimmi_20250430,요즘 유행하는 연어 깍두기 100배 맛있게 먹는법,,띠미 ddimmi,2025-04-30,PT38S,2326269,28515,70,youtube
띠미_ddimmi_20250429,성공률 0% 테무산 만두기계 댓글에 하라는 대로 해봤더니;;;,,띠미 ddimmi,2025-04-29,PT49S,4051891,48125,190,youtube
띠미_ddimmi_20250425,오래된 딱딱한 빵으로 최고급 푸딩을?,,띠미 ddimmi,2025-04-25,PT47S,453423,6556,42,youtube
띠미_ddimmi_20250424,1년 동안 나를 괴롭혔던 이 요리…,,띠미 ddimmi,2025-04-24,PT50S,1947375,29895,85,youtube
띠미_ddimmi_20250421,남은 치킨을 처리하는 최고의 방법,,띠미 ddimmi,2025-04-21,PT47S,832179,10326,68,youtube
띠미_ddimmi_20250418,중국쫀드기 라티아오 기름에 팝콘을 튀기면?,,띠미 ddimmi,2025-04-18,PT50S,3567257,44981,225,youtube
띠미_ddimmi_20250415,이탈리아 음식 유튜버에게 뱀피자를 만들어달라고 했다 @수저,,띠미 ddimmi,2025-04-15,PT50S,1267059,19668,70,youtube
띠미_ddimmi_20250414,라이스페이퍼 요리의 끝,,띠미 ddimmi,2025-04-14,PT44S,730499,10870,67,youtube
띠미_ddimmi_20250411,세상에서 제일 신기한 튀김을 먹어봤다,레시피  • 옥수수전분 85g  • 밀가루 20g  • 베이킹파우더 4g  • 물 45ml  • 식용유 120ml  • 달걀 흰자 3개 (약 90g),띠미 ddimmi,2025-04-11,PT47S,665450,8686,58,youtube
띠미_ddimmi_20250410,이탈리아 파스타 유튜버 괴롭힐려고 했는데.. ​⁠@수저,,띠미 ddimmi,2025-04-10,PT44S,2260567,30900,120,youtube
띠미_ddimmi_20250409,성공률 0% 만두기계를 사용해봤다,,띠미 ddimmi,2025-04-09,PT37S,2427321,27450,195,youtube
띠미_ddimmi_20250401,나 이제 평생 요아정 공짜 ㅋㅋ,,띠미 ddimmi,2025-04-01,PT43S,5891688,84188,236,youtube
띠미_ddimmi_20250328,요즘 이 치킨이 1등이라는데 맞나요?,,띠미 ddimmi,2025-03-28,PT42S,539787,9038,87,youtube
띠미_ddimmi_20250325,해외에서 난리난 요거트 파스타,,띠미 ddimmi,2025-03-25,PT49S,363811,8378,45,youtube
띠미_ddimmi_20250321,그동안 말 못했던 비밀,이 콘텐츠는 VOLI의 AI보이스를 활용하여 제작되었습니다. https://voli.ai,띠미 ddimmi,2025-03-21,PT49S,1666680,38267,158,youtube
띠미_ddimmi_20250320,챗지피티가 시키는 대로 양파요리를 했더니..,,띠미 ddimmi,2025-03-20,PT48S,762024,16371,87,youtube
띠미_ddimmi_20250316,충격적인 배스킨라빈스 디저트 레시피 공개!!!,,띠미 ddimmi,2025-03-16,PT42S,1965392,41271,190,youtube
띠미_ddimmi_20250315,지금 해외에서 난리난 양파칩의 재발견,,띠미 ddimmi,2025-03-15,PT47S,367551,9873,131,youtube
띠미_ddimmi_20250313,쿠우쿠우 50만원 파인다이닝?!,,띠미 ddimmi,2025-03-13,PT49S,1333172,30122,110,youtube
띠미_ddimmi_20250311,소스로 캐비어를 만드는 진짜 방법을 알아냈다,,띠미 ddimmi,2025-03-11,PT47S,974278,18570,90,youtube
띠미_ddimmi_20250307,지금 해외에서 난리인 양파칩 꼭 드세요!,,띠미 ddimmi,2025-03-07,PT41S,2420463,60361,211,youtube
띠미_ddimmi_20250306,추성훈 스테이크의 실체 ​⁠@수저,,띠미 ddimmi,2025-03-06,PT45S,3706489,65821,283,youtube
띠미_ddimmi_20250304,음치가 먹으면 가수가 된다는 약 과연 사실일까?,,띠미 ddimmi,2025-03-04,PT52S,608939,17208,47,youtube
띠미_ddimmi_20250301,부자들도 못 사 먹는 이 케비어를 아시나요?,,띠미 ddimmi,2025-03-01,PT44S,650086,16217,82,youtube
띠미_ddimmi_20250228,중국언니들이 먹는 이상한 비누의 정체,,띠미 ddimmi,2025-02-28,PT50S,1578061,31936,102,youtube
띠미_ddimmi_20250225,주작같은 유튜버 케이크 레시피 과연 될까?,,띠미 ddimmi,2025-02-25,PT44S,940286,26747,113,youtube
띠미_ddimmi_20250223,편의점에 나온 유튜브 유행간식들 정말 똑같을까?,,띠미 ddimmi,2025-02-23,PT52S,823921,21982,145,youtube
띠미_ddimmi_20250222,세계최초(인줄 알았던) 신기한 치킨을 만들었다..,,띠미 ddimmi,2025-02-22,PT43S,2960423,65506,425,youtube
띠미_ddimmi_20250219,불닭볶음면 판매 중단?!,,띠미 ddimmi,2025-02-19,PT44S,235905,4775,142,youtube
띠미_ddimmi_20250215,태국에서 난리난 이 소세지 꼭 드셔보세요!,,띠미 ddimmi,2025-02-15,PT46S,4812679,87412,588,youtube
띠미_ddimmi_20250213,발렌타인데이에 꼭 먹어야 할 반짝반짝 빛나는 신기한 초콜릿🍫✨,[태깅된 제품을 구매하실 경우 소정의 수수료가 크리에이터에게 지급될 수 있습니다],띠미 ddimmi,2025-02-13,PT42S,916037,25417,184,youtube
띠미_ddimmi_20250212,통스팸으로 라면을 끓여봤다,,띠미 ddimmi,2025-02-12,PT41S,3043607,44428,526,youtube
띠미_ddimmi_20250208,지금 난리난 깨먹는 장원영 케이크,,띠미 ddimmi,2025-02-08,PT52S,906678,25000,2140,youtube
띠미_ddimmi_20250207,이런 딸기 보신 적 있으신가요?,,띠미 ddimmi,2025-02-07,PT34S,1005697,22832,229,youtube
띠미_ddimmi_20250204,미국에서 대박난 두바이초코 딸기,,띠미 ddimmi,2025-02-04,PT48S,463542,13934,92,youtube
띠미_ddimmi_20250130,이 틱톡과일 꼭 드셔보세요!,,띠미 ddimmi,2025-01-30,PT54S,1590274,35668,305,youtube
띠미_ddimmi_20250128,아무 것도 모르는 일본인 친구와 떡국을 만들면 어떻게 될까?,,띠미 ddimmi,2025-01-28,PT51S,752713,24002,68,youtube
띠미_ddimmi_20250127,달걀 노른자안에 라면이요?,이 콘텐츠는 VOLI의 AI보이스를 활용하여 제작되었습니다. https://voli.ai,띠미 ddimmi,2025-01-27,PT44S,1208757,33574,106,youtube
띠미_ddimmi_20250126,130만 유튜버 이사장님이 만든 수건케이크 과연 맛있을까?,,띠미 ddimmi,2025-01-26,PT50S,779202,21687,81,youtube
띠미_ddimmi_20250122,2025년도 신기한 중국간식 다 갖고옴,,띠미 ddimmi,2025-01-22,PT1M29S,752041,16822,103,youtube
띠미_ddimmi_20250119,추성훈님의 ‘일본 최고의 스테이크’ 비법을 알아냈다…,,띠미 ddimmi,2025-01-19,PT45S,1561591,40669,216,youtube
띠미_ddimmi_20250115,지금 난리난 2000만 조회수 곶감 바쓰 도전,,띠미 ddimmi,2025-01-15,PT44S,315576,8791,74,youtube
띠미_ddimmi_20250113,눈 감고 랜덤 떡볶이,,띠미 ddimmi,2025-01-13,PT51S,678852,19915,76,youtube
띠미_ddimmi_20250112,죄송합니다 이전 중국식빵은 가짜였습니다,,띠미 ddimmi,2025-01-12,PT44S,1699340,44661,211,youtube
띠미_ddimmi_20250109,달걀 노른자안에 밥이요?,,띠미 ddimmi,2025-01-09,PT40S,1314495,40798,133,youtube
띠미_ddimmi_20250107,한국 수건케이크는 중국 수건케이크랑 얼마나 다를까?,,띠미 ddimmi,2025-01-07,PT1M22S,739437,20814,42,youtube
띠미_ddimmi_20250105,똥손 잼민이들과 함께 떡볶이를 만들면 어떻게 될까?,,띠미 ddimmi,2025-01-05,PT58S,1925292,45086,195,youtube
띠미_ddimmi_20241228,1분으로 보는 2024년도 유행음식 총정리,,띠미 ddimmi,2024-12-28,PT1M22S,1553380,45370,400,youtube
띠미_ddimmi_20241225,마지막으로 하고 싶은 이야기,,띠미 ddimmi,2024-12-25,PT54S,451839,17886,131,youtube
띠미_ddimmi_20241223,우유에 말아먹으면 치즈로 변한다는 중국 식빵,,띠미 ddimmi,2024-12-23,PT40S,1925374,56058,275,youtube
띠미_ddimmi_20241219,감귤초콜릿 줬다가 짝남한테 차인 사연...,,띠미 ddimmi,2024-12-19,PT38S,312285,5403,151,youtube
띠미_ddimmi_20241217,한국에는 없는 중국 신기한 수건케이크를 싹 다 먹어봤다,,띠미 ddimmi,2024-12-17,PT49S,1108388,32150,136,youtube
띠미_ddimmi_20241216,세상에서 제일 싼 마라탕을 먹어보자,,띠미 ddimmi,2024-12-16,PT43S,3512024,82311,260,youtube
띠미_ddimmi_20241214,중국가서 중국 도우인메이크업을 받으면 어떻게 될까?,,띠미 ddimmi,2024-12-14,PT50S,2595094,79573,368,youtube
띠미_ddimmi_20241212,중국먹방에서 먹는 신기한 중국 벽돌,,띠미 ddimmi,2024-12-12,PT38S,1494724,43222,246,youtube
띠미_ddimmi_20241210,중국가서 진짜 중국 용암케이크를 먹어봤는데..,,띠미 ddimmi,2024-12-10,PT50S,6120050,119397,416,youtube
띠미_ddimmi_20241209,중국가서 고기 수건케이크 먹은 여자,,띠미 ddimmi,2024-12-09,PT52S,1079344,35588,94,youtube
띠미_ddimmi_20241207,똥손 유튜버 5명이 찜닭을 만들면 어떻게 될까?,,띠미 ddimmi,2024-12-07,PT43S,1188177,32904,101,youtube
띠미_ddimmi_20241204,냉동피자로 50만원 미슐랭 최고급 요리 만들기,,띠미 ddimmi,2024-12-04,PT38S,1109315,38669,154,youtube
띠미_ddimmi_20241129,지금 유행하는 신기한 일본 간식 다 먹어보기,,띠미 ddimmi,2024-11-29,PT1M33S,889897,22341,71,youtube
띠미_ddimmi_20241127,떡볶이 과자로 떡볶이 만들기,,띠미 ddimmi,2024-11-27,PT45S,211983,6309,143,youtube
띠미_ddimmi_20241126,중국 수건케이크에 이은 중국 수건피자🍕,,띠미 ddimmi,2024-11-26,PT49S,293935,10153,80,youtube
띠미_ddimmi_20241123,피자맛 과자로 진짜 피자 만들기🍕,,띠미 ddimmi,2024-11-23,PT36S,307979,11070,162,youtube
띠미_ddimmi_20241122,중국인들만 먹는 신기한 중국 수건케이크 @나도Nado,,띠미 ddimmi,2024-11-22,PT52S,2401256,70960,207,youtube
띠미_ddimmi_20241121,붕어빵 과자로 붕어빵 만들기,,띠미 ddimmi,2024-11-21,PT53S,355684,10899,54,youtube
띠미_ddimmi_20241108,요즘 유행하는 쫀득쿠키로 이거 만들어보세요!,,띠미 ddimmi,2024-11-08,PT49S,397899,10510,62,youtube
띠미_ddimmi_20241107,타코야끼 과자로 타코야끼 만들기,,띠미 ddimmi,2024-11-07,PT47S,1218268,38588,159,youtube
띠미_ddimmi_20241105,떡볶이 소스로 양념게장을 만들었더니 심상치않다…,,띠미 ddimmi,2024-11-05,PT49S,471998,13293,71,youtube
띠미_ddimmi_20241103,초대왕 하리보로 요즘 유행하는 하리보 코하쿠토 만들기,,띠미 ddimmi,2024-11-03,PT49S,705163,22390,73,youtube
띠미_ddimmi_20241101,중국인들만 먹는 신기한 거북이 버블티,,띠미 ddimmi,2024-11-01,PT47S,1249438,33139,195,youtube
띠미_ddimmi_20241030,SNS에서 난리난 얼굴이 반쪽이 되는 약,,띠미 ddimmi,2024-10-30,PT46S,565020,20071,233,youtube
띠미_ddimmi_20241029,안 녹는 아이스크림을 얼리면 생기는 일,,띠미 ddimmi,2024-10-29,PT39S,321924,8377,35,youtube
띠미_ddimmi_20241025,완전 신기한 안 녹는 아이스크림🍦,,띠미 ddimmi,2024-10-25,PT45S,848454,25714,102,youtube
띠미_ddimmi_20241023,야매 리본캔디! 리본캔디 안 사 먹어도 될까?,,띠미 ddimmi,2024-10-23,PT50S,834594,20210,85,youtube
띠미_ddimmi_20241019,요즘 이 치킨이 제일 잘 나가는 거 맞나요?,,띠미 ddimmi,2024-10-19,PT40S,218748,5938,84,youtube
띠미_ddimmi_20241018,4시간 걸려 완성한 츄러스 그냥 사드세요..,,띠미 ddimmi,2024-10-18,PT48S,1024131,42123,3155,youtube
띠미_ddimmi_20241016,성심당 신메뉴 케이크 알밤시루 한국에서 1등으로 먹은 사연,,띠미 ddimmi,2024-10-16,PT50S,584621,17480,121,youtube
띠미_ddimmi_20241015,신기한 리본캔디 100배 맛있게 먹는 2가지 방법,,띠미 ddimmi,2024-10-15,PT42S,1827523,42220,184,youtube
띠미_ddimmi_20241013,해외에서 난리난 신기한 리본캔디🎀,,띠미 ddimmi,2024-10-13,PT49S,1587715,42243,201,youtube
띠미_ddimmi_20241009,중국인들만 먹는 신기한 중국 용암케이크🌋,,띠미 ddimmi,2024-10-09,PT46S,1396253,40522,233,youtube
띠미_ddimmi_20241008,유튜브 8년 하면서 말하지 못했던 이야기 #나의노력이성취로거듭나는곳 #제작비지원,##나의노력이성취로거듭나는곳 #제작비지원,띠미 ddimmi,2024-10-08,PT52S,82837,2234,32,youtube
띠미_ddimmi_20241006,초간단 흑백요리사 밤 티라미수,,띠미 ddimmi,2024-10-06,PT39S,227480,6675,42,youtube
띠미_ddimmi_20241004,흑백요리사 58000원 캐비어알밥 5분만에 만들기 가능?,,띠미 ddimmi,2024-10-04,PT50S,1063569,34203,78,youtube
띠미_ddimmi_20241002,흑백요리사 바쓰 절대 따라하지마세요,,띠미 ddimmi,2024-10-02,PT46S,903054,29512,98,youtube
띠미_ddimmi_20240929,소금불판 나보다 맛있게 먹는 사람 없을듯,,띠미 ddimmi,2024-09-29,PT47S,816597,21756,82,youtube
띠미_ddimmi_20240928,흑백요리사 비빔대왕도 극찬할 비빔밥 푸딩,,띠미 ddimmi,2024-09-28,PT42S,518431,11902,101,youtube
띠미_ddimmi_20240924,성심당 다음 신메뉴 과일 시루케이크?!,,띠미 ddimmi,2024-09-24,PT48S,305449,9515,249,youtube
띠미_ddimmi_20240922,쿠팡 스웨덴 캔디! 진짜 스웨덴 캔디랑 비슷할까?,,띠미 ddimmi,2024-09-22,PT48S,719811,18043,62,youtube
띠미_ddimmi_20240919,떡볶이에 미쳐서 드디어 떡볶이 가게를 차린 여자,,띠미 ddimmi,2024-09-19,PT36S,1352385,33048,151,youtube
띠미_ddimmi_20240918,새로운 스웨덴 캔디 찾았는데.. 이거 미쳤다!!,,띠미 ddimmi,2024-09-18,PT41S,374581,9226,76,youtube
띠미_ddimmi_20240915,주문만 3달 걸리는 마시멜로 케익! 대체 이게 뭐길래?,,띠미 ddimmi,2024-09-15,PT36S,422438,10241,105,youtube
띠미_ddimmi_20240914,소금 불판의 진짜 용도,,띠미 ddimmi,2024-09-14,PT50S,2058671,49296,170,youtube
띠미_ddimmi_20240911,"요즘 유행인 마쉬멜로스모어 초콜릿! 단 1,000원으로 만드는 법",,띠미 ddimmi,2024-09-11,PT40S,366812,9171,244,youtube
띠미_ddimmi_20240910,공차 신메뉴 짜장펄볶이.. 이제는 저한테 해명해주셔야죠,,띠미 ddimmi,2024-09-10,PT43S,1711048,48077,251,youtube
띠미_ddimmi_20240908,요즘 유행하는 마시멜로우 초콜릿! 제발 그렇게 만들지마세요,,띠미 ddimmi,2024-09-08,PT38S,631859,22074,126,youtube
띠미_ddimmi_20240903,말하기까지 13년이 걸린 이야기,,띠미 ddimmi,2024-09-03,PT58S,1218739,48006,386,youtube
띠미_ddimmi_20240901,(퀄리티 미침) 태국 방콕까지 진출한 요아정 @내하루,@내하루 님에게 허락 받고 촬영한 내하루님 패러디띠하루 영상 ㅎㅎㅎ 흔쾌히 허락해주셔서 감사해요🥹❤️,띠미 ddimmi,2024-09-01,PT44S,726090,22200,156,youtube
띠미_ddimmi_20240828,🚨긴급🚨엽떡 공짜 (어그로X),,띠미 ddimmi,2024-08-28,PT32S,388793,11871,180,youtube
띠미_ddimmi_20240827,절대 안녹는 스탠리에 요아정을 넣고 방콕여행을 간 여자,,띠미 ddimmi,2024-08-27,PT46S,2179481,67006,180,youtube
띠미_ddimmi_20240826,지금 유행중인 스웨덴 캔디! 이 종류는 사지마세요❗️,,띠미 ddimmi,2024-08-26,PT47S,1405552,29369,195,youtube
띠미_ddimmi_20240825,두바이초콜릿 다음 유행인 스웨덴 캔디🍭,,띠미 ddimmi,2024-08-25,PT49S,1620092,46633,149,youtube
띠미_ddimmi_20240821,8시간 기다려서 받은 요즘 난리난 성심당 무화과 케이크,,띠미 ddimmi,2024-08-21,PT44S,1543719,40900,325,youtube
띠미_ddimmi_20240818,두바이초콜릿피자.. 이러다 죽을 것 같습니다,,띠미 ddimmi,2024-08-18,PT43S,782001,24137,72,youtube
띠미_ddimmi_20240816,엽떡 100배 맛있게 먹는 미친 방법을 발견했다 ㄷㄷ,,띠미 ddimmi,2024-08-16,PT21S,772634,18862,119,youtube
띠미_ddimmi_20240815,미쳐버린 두바이초콜릿 디저트들 근황 ㄷㄷ,,띠미 ddimmi,2024-08-15,PT48S,1143439,32404,146,youtube
띠미_ddimmi_20240812,남은 중국간식 100배 더 맛있게 먹는법,,띠미 ddimmi,2024-08-12,PT39S,1090683,26254,109,youtube
띠미_ddimmi_20240807,유튜브 간식창고 털어서 두바이 초콜릿 빙수 만든 슬픈 사연..,,띠미 ddimmi,2024-08-07,PT44S,1666655,69655,199,youtube
띠미_ddimmi_20240802,유튜브 간식창고 털어서 머랭쿠키 100인분,,띠미 ddimmi,2024-08-02,PT46S,1235044,50321,200,youtube
띠미_ddimmi_20240731,유튜브 간식창고 털어서 17만원 떡볶이,,띠미 ddimmi,2024-07-31,PT47S,2444364,54479,171,youtube
띠미_ddimmi_20240730,"요즘 유행하는 요아정, 제발 사먹지마세요!",,띠미 ddimmi,2024-07-30,PT36S,1555862,43122,203,youtube
띠미_ddimmi_20240721,110만 유튜버가 알려주는 얼굴 100배 예뻐지는 화장법,,띠미 ddimmi,2024-07-21,PT58S,219943,4590,144,youtube
띠미_ddimmi_20240720,29년 동안 생리날이 다가오면 생기는 일,,띠미 ddimmi,2024-07-20,PT46S,1494961,35847,323,youtube
띠미_ddimmi_20240716,29년만에 살이 쪄버리면 생기는 일,,띠미 ddimmi,2024-07-16,PT40S,1938438,38927,408,youtube
띠미_ddimmi_20240713,알쓰는 최대 술 몇병 마실 수 있을까?,,띠미 ddimmi,2024-07-13,PT41S,245670,5901,64,youtube
띠미_ddimmi_20240712,7년만에 이상한 머랭쿠키들을 다 먹어보면 생기는 일,,띠미 ddimmi,2024-07-12,PT42S,1871968,50661,241,youtube
띠미_ddimmi_20240708,370시간 만에 이상한 기념품들을 다 먹어보면 생기는 일,,띠미 ddimmi,2024-07-08,PT40S,4700643,91810,448,youtube
띠미_ddimmi_20240706,368시간 만에 대왕 오레오를 먹으면 생기는 일,,띠미 ddimmi,2024-07-06,PT39S,2670750,47198,1394,youtube
띠미_ddimmi_20240703,365시간 만에 대왕 크로와상을 먹으면 생기는 일,,띠미 ddimmi,2024-07-03,PT42S,1462731,38026,180,youtube
띠미_ddimmi_20240702,364시간 만에 엽떡을 잘못 시키면 생기는 일,,띠미 ddimmi,2024-07-02,PT46S,4954934,78713,231,youtube
띠미_ddimmi_20240630,361시간 만에 택배를 뜯으면 생기는 일,,띠미 ddimmi,2024-06-30,PT38S,4210544,96378,147,youtube
띠미_ddimmi_20240629,360시간 만에 한국에 오면 생기는 일,,띠미 ddimmi,2024-06-29,PT46S,7129906,139546,485,youtube
띠미_ddimmi_20240627,길 가는 사람에게 “1000만원에 파리가서 바게트 사와줄래요?“ [미스터 띠스트],,띠미 ddimmi,2024-06-27,PT44S,335826,10221,51,youtube
띠미_ddimmi_20240626,프랑스 파리 가방 소매치기 당하기,,띠미 ddimmi,2024-06-26,PT46S,6255020,119834,794,youtube
띠미_ddimmi_20240625,현지에서 먹어본 두바이초콜릿의 원조?,,띠미 ddimmi,2024-06-25,PT28S,708921,14547,53,youtube
띠미_ddimmi_20240622,이란에서 파는 진짜 라바삭들을 다 먹어봤다,,띠미 ddimmi,2024-06-22,PT44S,427929,10174,53,youtube
띠미_ddimmi_20240619,처음보는 이 간식 뭔지 아는 사람?,,띠미 ddimmi,2024-06-19,PT37S,452429,11145,119,youtube
띠미_ddimmi_20240617,내가 구독자 앞에서 1대1 먹방을 한 이유,,띠미 ddimmi,2024-06-17,PT48S,402981,12667,309,youtube
띠미_ddimmi_20240612,요즘 유행하는 제로 얼음 탕후루 100배 더 맛있게 먹는법,,띠미 ddimmi,2024-06-12,PT35S,444545,12637,120,youtube
띠미_ddimmi_20240610,두바이 초콜릿 맛집들을 다 먹어봤다,,띠미 ddimmi,2024-06-10,PT22S,1431483,34549,83,youtube
띠미_ddimmi_20240608,깨트리지 않으면 못 먹는 케이크! 과연?,,띠미 ddimmi,2024-06-08,PT40S,466528,12378,116,youtube
띠미_ddimmi_20240606,경고는 끝났습니다.,,띠미 ddimmi,2024-06-06,PT43S,826542,29313,1289,youtube
띠미_ddimmi_20240605,요즘 이 피자가 제일 잘나가는거 맞나요?,"6월달 굽네에서 할인을 한대요!!!! https://www.goobne.co.kr/brd/event/view?seq=74400 오늘부터 1주일간! 신제품 피자 4천원 , 치킨 6천원 할인하니 이 기회 놓치지마세요!!!+_+",띠미 ddimmi,2024-06-05,PT32S,348566,6182,56,youtube
띠미_ddimmi_20240531,중국간식! 이젠 하다하다 머리카락...,,띠미 ddimmi,2024-05-31,PT50S,2218156,53326,246,youtube
띠미_ddimmi_20240529,두바이초콜릿 만들고 남은 재료 100배 맛있게 먹는법,,띠미 ddimmi,2024-05-29,PT25S,515589,12692,44,youtube
띠미_ddimmi_20240525,엽떡 1000만원 쓴 사람의 미친 엽떡 먹는 법,,띠미 ddimmi,2024-05-25,PT51S,3554225,74232,219,youtube
띠미_ddimmi_20240523,두바이초콜릿의 친구,,띠미 ddimmi,2024-05-23,PT42S,423389,11595,109,youtube
띠미_ddimmi_20240522,처음이자 마지막 경고,,띠미 ddimmi,2024-05-22,PT45S,1221759,45028,1065,youtube
띠미_ddimmi_20240520,일본의 신기한 비상식량 빵 통조림 ㄷㄷ,,띠미 ddimmi,2024-05-20,PT36S,934315,26628,123,youtube
띠미_ddimmi_20240519,2억 유튜버 세계 1등 초콜릿 vs 1천원 초콜릿 [미스터 띠스트],,띠미 ddimmi,2024-05-19,PT40S,543672,16285,67,youtube
띠미_ddimmi_20240517,유튜버들에게 무시 당하며 5년을 버텼던 이유,,띠미 ddimmi,2024-05-17,PT52S,2930854,81652,183,youtube
띠미_ddimmi_20240515,"요즘 유행하는 두바이 초콜릿, 제발 그렇게 만들지마세요!",,띠미 ddimmi,2024-05-15,PT33S,856567,23259,157,youtube
띠미_ddimmi_20240514,제2의 꿀젤리 얼린 킨조젤리 먹어봄,,띠미 ddimmi,2024-05-14,PT30S,839733,20138,378,youtube
띠미_ddimmi_20240511,배떡 신상 아이스크림 떡볶이 100배 맛있게 먹는 법,,띠미 ddimmi,2024-05-11,PT35S,531400,10725,57,youtube
띠미_ddimmi_20240509,안 먹으면 후회하는 일본 당고🍡,,띠미 ddimmi,2024-05-09,PT35S,1692291,44215,102,youtube
띠미_ddimmi_20240508,"일본 500원 초밥 vs 100,000원 초밥 [미스터 띠스트]",,띠미 ddimmi,2024-05-08,PT40S,636517,19504,118,youtube
띠미_ddimmi_20240507,죄송합니다. 킨조젤리는 제발 사드세요...,,띠미 ddimmi,2024-05-07,PT37S,918934,26039,84,youtube
띠미_ddimmi_20240504,안 먹으면 후회하는 일본 편의점 푸딩,,띠미 ddimmi,2024-05-04,PT45S,826559,26147,175,youtube
띠미_ddimmi_20240503,케이크부터 푸딩까지? 신기한 일본 자판기,,띠미 ddimmi,2024-05-03,PT41S,664005,17021,92,youtube
띠미_ddimmi_20240502,젼언니님과 세상에서 제일 신 멕시코 간식,@jeon_unni 님과 멕시코 간식 2탄💥,띠미 ddimmi,2024-05-02,PT50S,1075420,25563,71,youtube
띠미_ddimmi_20240501,전 유튜브에 미친 여자입니다,,띠미 ddimmi,2024-05-01,PT53S,1275113,35661,106,youtube
띠미_ddimmi_20240428,골드버튼 하나 가질 사람ㅋ,,띠미 ddimmi,2024-04-28,PT36S,1500528,53124,498,youtube
띠미_ddimmi_20240426,105만 유튜버가 살아남는 법,,띠미 ddimmi,2024-04-26,PT40S,446967,14316,76,youtube
띠미_ddimmi_20240425,"요즘 유행하는 일본 킨조젤리, 제발 사먹지마세요.",,띠미 ddimmi,2024-04-25,PT40S,3420313,73739,312,youtube
띠미_ddimmi_20240424,한국인만 모르게 해외에서 엄청 유행중인 풋롱쿠키,,띠미 ddimmi,2024-04-24,PT34S,305512,10548,81,youtube
띠미_ddimmi_20240422,엄마 이제는 정말 안녕,,띠미 ddimmi,2024-04-22,PT58S,6675894,187885,2132,youtube
띠미_ddimmi_20240419,지금 나만 먹을수있는 엽떡 신메뉴!,,띠미 ddimmi,2024-04-19,PT41S,3578629,62866,319,youtube
띠미_ddimmi_20240418,"띠미, 당신도 나락에 갈 수 있다.",,띠미 ddimmi,2024-04-18,PT15S,193365,4445,43,youtube
띠미_ddimmi_20240413,길 가는 사람에게 “5만원에 제주도 가서 귤 사와줄래요?“,@MrBeast 패러디영상 미스터띠스트🥸 @성우남도형 팬이에요🥹❤️,띠미 ddimmi,2024-04-13,PT41S,2704817,58942,325,youtube
띠미_ddimmi_20240411,제주도에서만 파는 진짜 100% 물젤리💧,,띠미 ddimmi,2024-04-11,PT38S,4030909,81746,270,youtube
띠미_ddimmi_20240410,공차 신메뉴? 나 따라했네?,,띠미 ddimmi,2024-04-10,PT43S,3384970,73541,176,youtube
띠미_ddimmi_20240407,구독자 100만까지 1명이 더 필요해요!!! [미스터 띠스트],⁠ @MrBeast 패러디영상 ​ @성우남도형 팬입니다🥹❤️,띠미 ddimmi,2024-04-07,PT38S,2271084,88818,865,youtube
띠미_ddimmi_20240405,제주도에서만 먹을 수 있는 돌🪨,,띠미 ddimmi,2024-04-05,PT32S,419274,10829,168,youtube
띠미_ddimmi_20240402,일본의 신기한 통조림 음식 ㄷㄷ,,띠미 ddimmi,2024-04-02,PT39S,1328511,35848,112,youtube
띠미_ddimmi_20240401,100만 유튜버 띠미 결국 논란 (4월 1일자 영상),,띠미 ddimmi,2024-04-01,PT39S,1378601,37817,230,youtube
띠미_ddimmi_20240330,이딴게 어른이다,,띠미 ddimmi,2024-03-30,PT37S,1556317,42168,223,youtube
띠미_ddimmi_20240327,1만번 때려서 만드는 최고급 중국간식,@yessii  @jinzzazang  특별출연해준 예씨언니네 짜장아 고마워🐶❤️❤️❤️ 예씨언니도 넘 고마워❤️❤️❤️,띠미 ddimmi,2024-03-27,PT49S,465055,14846,148,youtube
띠미_ddimmi_20240325,어? 이러면 안되는데?,,띠미 ddimmi,2024-03-25,PT23S,1231403,28837,286,youtube
띠미_ddimmi_20240322,홈런볼을 실컷 먹는 게 내 꿈이었다,#홈런볼 #반반홈런볼 #홈런볼소금우유 #해태 #홈런볼2mix,띠미 ddimmi,2024-03-22,PT33S,366970,10094,117,youtube
띠미_ddimmi_20240320,"미스터 띠스트의 500원 라면 vs 100,000원 라면!",@MrBeast 패러디영상 @성우남도형 팬이에요🥹 ​⁠​⁠@ravely1 특별출연 고마워 사랑해❤️,띠미 ddimmi,2024-03-20,PT42S,1319175,42917,304,youtube
띠미_ddimmi_20240319,내가 죽으려 했을 때 나를 살려준 언니에게,언니덕에 그리고 제 진심을 알아준 여러분들덕에 제게 다시 봄이 오는것 같습니다 감사합니다 @Usona 사랑해❤️,띠미 ddimmi,2024-03-19,PT58S,13153885,320505,1647,youtube
띠미_ddimmi_20240316,99%가 모르는 이상한 중국과일.. 이거 먹어도 될까요?,,띠미 ddimmi,2024-03-16,PT38S,1689293,52078,186,youtube
띠미_ddimmi_20240315,하도 유행이었길래 먹어봤습니다;,,띠미 ddimmi,2024-03-15,PT36S,1054005,23719,153,youtube
띠미_ddimmi_20240312,미친 중국간식! 하다하다 진짜 돌을 볶아먹으라고?🪨,,띠미 ddimmi,2024-03-12,PT46S,1257137,38512,282,youtube
띠미_ddimmi_20240310,이번엔 100% 찐 신기한 초밥간식을 먹어봤다..🍣,"이 콘텐츠는 인공지능 가상 연기자 서비스, 타입캐스트를 활용하여 제작되었습니다. 출연진: 준기 https://typecast.ai/kr",띠미 ddimmi,2024-03-10,PT42S,2002698,46070,88,youtube
띠미_ddimmi_20240309,백종원님이 해명하신 대파감자라떼 직접 만들어봤습니다..,,띠미 ddimmi,2024-03-09,PT37S,298070,8522,79,youtube
띠미_ddimmi_20240306,드디어 다이어트용 제로치킨이 나왔다 ㄷㄷ,,띠미 ddimmi,2024-03-06,PT47S,204286,5906,72,youtube
띠미_ddimmi_20240304,중국간식! 이젠 하다하다 얼음숯불구이🧊 과연 맛은..?,,띠미 ddimmi,2024-03-04,PT43S,8716233,157727,568,youtube
띠미_ddimmi_20240302,지금 난리난 왕가탕후루 신메뉴 통사과 탕후루ㄷㄷ,,띠미 ddimmi,2024-03-02,PT37S,409012,11443,90,youtube
띠미_ddimmi_20240228,중국인들은 왜 이런 얼음을 먹을까?,,띠미 ddimmi,2024-02-28,PT40S,1013446,23453,162,youtube
띠미_ddimmi_20240226,[무료협찬]진짜 같은 신기한 일본 초밥간식 ㄷㄷ,#제품제공 #엔핍,띠미 ddimmi,2024-02-26,PT30S,901602,25988,80,youtube
띠미_ddimmi_20240225,1개에 15만원짜리 명품 대게통조림,#제품제공,띠미 ddimmi,2024-02-25,PT42S,413435,13010,65,youtube
띠미_ddimmi_20240223,이 간식 먹지마세요 죽을뻔함,,띠미 ddimmi,2024-02-23,PT44S,1090209,29012,261,youtube
띠미_ddimmi_20240221,요즘 유행하는 마라샹궈 다이어트를 해봤다 ㄷㄷ,,띠미 ddimmi,2024-02-21,PT46S,355503,9164,103,youtube
띠미_ddimmi_20240219,13만시간 30분 걸린 떡볶이는 무슨 맛일까?,,띠미 ddimmi,2024-02-19,PT39S,3354606,72607,303,youtube
띠미_ddimmi_20240218,챗지피티야 ’한국 유명 먹방유튜버 그려줘‘,@inkcloud_official 패러디 허락해주셔서 감사합니다🥹💛   #ai  #챗지피티  #ai그림 #인공지능,띠미 ddimmi,2024-02-18,PT30S,285109,8009,89,youtube
띠미_ddimmi_20240216,타피오카펄이 가득한 신기한 대만간식 ASMR🇹🇼,,띠미 ddimmi,2024-02-16,PT27S,215645,6069,65,youtube
띠미_ddimmi_20240213,내가 유튜브 괴물이 된 이유,,띠미 ddimmi,2024-02-13,PT39S,2757859,55145,218,youtube
띠미_ddimmi_20240210,13만 시간이나 걸린 떡볶이를 먹었다..,,띠미 ddimmi,2024-02-10,PT30S,2614668,60905,310,youtube
띠미_ddimmi_20240209,99%가 모르는 딸기,,띠미 ddimmi,2024-02-09,PT52S,384481,11946,130,youtube
띠미_ddimmi_20240208,엽떡 신메뉴? 1000만원쓴 사람으로서 한마디 할게요,,띠미 ddimmi,2024-02-08,PT46S,1658651,35288,172,youtube
띠미_ddimmi_20240206,최강의 신맛이라는 미국간식 도전💥,#바주카캔디 #바주카 #사우어챌린지 #쥬시드롭블라스트 #빅보틀팝 #쥬시드롭팝 #쥬시드롭구미디퍼즈 #틱톡젤리 #틱톡간식,띠미 ddimmi,2024-02-06,PT59S,918081,17472,197,youtube
띠미_ddimmi_20240205,#무료협찬 완전 어이없고 귀여운 통닭빵🍗,#제품제공,띠미 ddimmi,2024-02-05,PT33S,1017112,23402,145,youtube
띠미_ddimmi_20240204,2017년의 나 vs 2024년의 나,,띠미 ddimmi,2024-02-04,PT49S,336543,10813,209,youtube
띠미_ddimmi_20240203,이제 그만하려고요,,띠미 ddimmi,2024-02-03,PT49S,1324303,49434,1185,youtube
띠미_ddimmi_20240128,와.. 무지개 치즈 ㄹㅈㄷ,,띠미 ddimmi,2024-01-28,PT35S,163978,5200,53,youtube
띠미_ddimmi_20240122,상위 1% 명품딸기 먹어봄ㄷㄷ,,띠미 ddimmi,2024-01-22,PT27S,181431,4989,62,youtube
띠미_ddimmi_20240121,엥 이게 타피오카펄이라고?,https://youtu.be/hF6CcweS4HU 대만 길거리 30가지나 넘게 먹은 길거리 음식 정복 먹방영상 떴다!!! 보러와!!!,띠미 ddimmi,2024-01-21,PT46S,324604,8424,96,youtube
띠미_ddimmi_20240120,죄송합니다 중국 짝퉁 리뷰했었습니다.,,띠미 ddimmi,2024-01-20,PT52S,1624197,43302,275,youtube
띠미_ddimmi_20240115,이거 죽기 전에 꼭 먹어야함,https://youtu.be/hF6CcweS4HU 대만 길거리 30가지나 넘게 먹은 길거리 음식 정복 먹방영상 떴다!!! 보러와!!!,띠미 ddimmi,2024-01-15,PT33S,209654,6894,35,youtube
띠미_ddimmi_20240114,이 거대한 탕후루 뭔지 아는 사람?,https://youtu.be/hF6CcweS4HU 대만 길거리 30가지나 넘게 먹은 길거리 음식 정복 먹방영상 떴다!!! 보러와!!!,띠미 ddimmi,2024-01-14,PT28S,599600,13303,111,youtube
띠미_ddimmi_20240113,대만에서만 파는 신기한 탕후루의 정체 ㄷㄷ,https://youtu.be/hF6CcweS4HU 대만 길거리 30가지나 넘게 먹은 길거리 음식 정복 먹방영상 떴다!!! 보러와!!!,띠미 ddimmi,2024-01-13,PT18S,368132,7699,67,youtube
띠미_ddimmi_20240112,대만에서만 파는 신기한 간식,https://youtu.be/hF6CcweS4HU 대만 길거리 30가지나 넘게 먹은 길거리 음식 정복 먹방영상 떴다!!! 보러와!!!,띠미 ddimmi,2024-01-12,PT37S,801721,16064,84,youtube
띠미_ddimmi_20240111,세상에서 가장 달콤한 과일 1위를 먹어보았다,https://youtu.be/hF6CcweS4HU 대만 길거리 30가지나 넘게 먹은 길거리 음식 정복 먹방영상 떴다!!! 보러와!!!,띠미 ddimmi,2024-01-11,PT40S,273078,8469,83,youtube
띠미_ddimmi_20240108,또 찾았다 내 인생간식🍌,,띠미 ddimmi,2024-01-08,PT37S,378068,9385,87,youtube
띠미_ddimmi_20240107,고구마빵 말고 신기한 진짜 고구마떡 발견🍠💥,,띠미 ddimmi,2024-01-07,PT30S,268652,7167,57,youtube
띠미_ddimmi_20240105,먹뱉... 다 말씀드릴게요,,띠미 ddimmi,2024-01-05,PT33S,906287,28182,484,youtube
띠미_ddimmi_20240102,신기한 무지개 간식🌈 다 먹어보기 ASMR,,띠미 ddimmi,2024-01-02,PT44S,329342,9428,86,youtube
띠미_ddimmi_20240101,톡톡 튀는 신기한 탕후루 처음 먹어본 사람,,띠미 ddimmi,2024-01-01,PT45S,152875,4445,64,youtube
띠미_ddimmi_20231231,이게 치즈라고? 신기한 치즈🧀 ASMR,,띠미 ddimmi,2023-12-31,PT54S,1187942,38743,268,youtube
띠미_ddimmi_20231230,응급실떡볶이 치즈탕 개미쳤다 진짜,,띠미 ddimmi,2023-12-30,PT39S,243604,6501,162,youtube
띠미_ddimmi_20231228,세상에 단 하나뿐인 명품 케이크를 먹어보았다;;,,띠미 ddimmi,2023-12-28,PT24S,203481,3829,35,youtube
띠미_ddimmi_20231227,이 신상과자 미쳤다,,띠미 ddimmi,2023-12-27,PT40S,116561,3381,87,youtube
띠미_ddimmi_20231224,이거 내 로망이였던 간식이였는데...,,띠미 ddimmi,2023-12-24,PT31S,160265,4516,37,youtube
띠미_ddimmi_20231223,신기한 여러가지 일본 우유팩 대왕 푸딩 2탄,#제품제공,띠미 ddimmi,2023-12-23,PT46S,409054,12021,32,youtube
띠미_ddimmi_20231222,진짜 오렌지 같은 신기한 오렌지 간식🍊 얼려 먹어보기,,띠미 ddimmi,2023-12-22,PT38S,532511,11850,67,youtube
띠미_ddimmi_20231220,딕만스를 얼리면 이런 소리가 납니다 ㄷㄷ;,,띠미 ddimmi,2023-12-20,PT37S,531234,12645,81,youtube
띠미_ddimmi_20231217,크리스마스에 꼭 먹어야하는 귀여운 간식🎅🏻🎄,,띠미 ddimmi,2023-12-17,PT28S,198879,5380,58,youtube
띠미_ddimmi_20231215,일본에서 파는 신기한 보석과자💎,#제품제공,띠미 ddimmi,2023-12-15,PT26S,330255,6991,60,youtube
띠미_ddimmi_20231214,치킨만 먹으면 차 벤츠를 받을 수 있다고?,,띠미 ddimmi,2023-12-14,PT58S,225984,6466,45,youtube
띠미_ddimmi_20231209,하도 유행이었길래 먹어봤습니다,,띠미 ddimmi,2023-12-09,PT42S,1237476,28047,206,youtube
띠미_ddimmi_20231208,와 진짜 개맛있다 엽떡,,띠미 ddimmi,2023-12-08,PT44S,302995,8377,64,youtube
띠미_ddimmi_20231207,틱톡에서 뜨는 신기한 중국 빵 성공하는 법,,띠미 ddimmi,2023-12-07,PT40S,248438,5422,48,youtube
띠미_ddimmi_20231129,요즘 이치킨이 제일 핫하다는데 맞나요?,#60계치킨 #하하핫치킨 #치킨,띠미 ddimmi,2023-11-29,PT55S,291220,7694,73,youtube
띠미_ddimmi_20231128,틱톡에서 뜨는 신기한 중국 빵,,띠미 ddimmi,2023-11-28,PT43S,937832,20655,150,youtube
띠미_ddimmi_20231127,진짜 오렌지 같은 신기한 오렌지 간식🍊 3탄,,띠미 ddimmi,2023-11-27,PT49S,1010416,24787,117,youtube
띠미_ddimmi_20231123,신기한 일본 보석젤리 💎,#제품제공 #제품협찬,띠미 ddimmi,2023-11-23,PT37S,1031201,22679,121,youtube
띠미_ddimmi_20231122,[제품무상협찬] 이게 푸딩이라고? 신기한 여러가지 일본 우유팩 대왕 푸딩,#제품제공 #제품협찬,띠미 ddimmi,2023-11-22,PT44S,1868873,48697,111,youtube
띠미_ddimmi_20231118,일본에만 있는 짱 귀여운 시나모롤 간식,#제품제공 #제품협찬,띠미 ddimmi,2023-11-18,PT18S,273259,6925,99,youtube
띠미_ddimmi_20231117,[무료협찬]너무 잔인해서 올리지 않으려 했던 영상,#제품제공 #제품협찬,띠미 ddimmi,2023-11-17,PT25S,333277,9527,77,youtube
띠미_ddimmi_20231115,신기한 계란 간식,#제품제공 #제품협찬,띠미 ddimmi,2023-11-15,PT33S,241837,7483,72,youtube
띠미_ddimmi_20231112,이런 마시멜로우는 처음이야..!,,띠미 ddimmi,2023-11-12,PT25S,842467,18833,120,youtube
띠미_ddimmi_20231111,또 발견한 신기한 보석간식💎,,띠미 ddimmi,2023-11-11,PT31S,457703,11130,61,youtube
띠미_ddimmi_20231110,돌려먹는 이 간식! 아시는분?,,띠미 ddimmi,2023-11-10,PT38S,370586,8907,49,youtube
띠미_ddimmi_20231109,요즘 화과자 간식 퀄리티 수준 ㄷㄷ;;;,,띠미 ddimmi,2023-11-09,PT36S,1576186,29885,275,youtube
띠미_ddimmi_20231103,마쉬멜로우 제발 이렇게 드세요...,#멜로팝 #mallowpop #건조마시멜로우 #멜로팝레인보우 #마시멜로 #편의점신상 #GS25,띠미 ddimmi,2023-11-03,PT44S,425032,12095,208,youtube
띠미_ddimmi_20231031,샤인머스켓 제발 이렇게 드세요...,,띠미 ddimmi,2023-10-31,PT30S,319231,7489,86,youtube
띠미_ddimmi_20231029,치즈스틱🧀 나보다 맛있게 먹는 사람?,,띠미 ddimmi,2023-10-29,PT18S,186655,5018,86,youtube
띠미_ddimmi_20231024,상위 1% 명품 샤인머스켓을 먹어봤다 ㄷㄷ,,띠미 ddimmi,2023-10-24,PT42S,201679,6279,50,youtube
띠미_ddimmi_20231023,너무 귀엽게 생긴 이 빵 도대체 뭘까?,,띠미 ddimmi,2023-10-23,PT25S,148175,3863,57,youtube
띠미_ddimmi_20231022,치즈볼 나보다 맛있게 먹는 사람 없을걸?,,띠미 ddimmi,2023-10-22,PT31S,194931,6098,65,youtube
띠미_ddimmi_20231021,퐁실퐁실한 귀여운 케이크 ASMR,,띠미 ddimmi,2023-10-21,PT18S,142129,3841,32,youtube
띠미_ddimmi_20231016,이게 왜 탕후루야?,,띠미 ddimmi,2023-10-16,PT32S,296509,8728,57,youtube
띠미_ddimmi_20231015,나만 안먹어본 아이스 제주감귤 탕후루! 이게 뭔데 난리야?,,띠미 ddimmi,2023-10-15,PT21S,212222,5323,99,youtube
띠미_ddimmi_20231014,내 피드에 자꾸 뜨는 바나나 초코 탕후루,,띠미 ddimmi,2023-10-14,PT24S,214771,6090,39,youtube
띠미_ddimmi_20231013,살 안찌는 제로 냉동 탕후루라는데...,,띠미 ddimmi,2023-10-13,PT26S,254569,6422,56,youtube
띠미_ddimmi_20231003,드디어 발견한 치킨 탕후루,,띠미 ddimmi,2023-10-03,PT31S,1046856,30264,137,youtube
띠미_ddimmi_20231002,요즘 홍대 핫플 모찌 아이스크림 먹방 ㄷㄷ;,,띠미 ddimmi,2023-10-02,PT54S,356629,10704,81,youtube
띠미_ddimmi_20231001,쫄깃쫄깃! 이 간식 아는 사람?,,띠미 ddimmi,2023-10-01,PT27S,1425887,30721,277,youtube
띠미_ddimmi_20230929,멕시카나에 찜닭이 나오다니..ㄷㄷ,#유료광고포함 #멕시카나,띠미 ddimmi,2023-09-29,PT50S,134804,3826,28,youtube
띠미_ddimmi_20230928,왕가탕후루 신상 통귤탕후루 ㅎㄷㄷ;;,,띠미 ddimmi,2023-09-28,PT21S,318977,9259,79,youtube
띠미_ddimmi_20230927,샤인머스켓 제발 얼려드세요,,띠미 ddimmi,2023-09-27,PT46S,943867,23893,289,youtube
띠미_ddimmi_20230926,하다하다 이젠 수세미를 먹네..?,,띠미 ddimmi,2023-09-26,PT40S,372473,8895,82,youtube
띠미_ddimmi_20230924,생일기념 내 로망이였던 치킨케이크 먹방🍗🎂,,띠미 ddimmi,2023-09-24,PT38S,225733,6716,276,youtube
띠미_ddimmi_20230923,#협찬 하루에 단 1개만 판매한다는 누데이크 초대왕 크로와상..😱,#제품제공,띠미 ddimmi,2023-09-23,PT53S,2495753,56009,576,youtube
띠미_ddimmi_20230919,요즘 유행인 모든 탕후루 다 먹어보기 ASMR,,띠미 ddimmi,2023-09-19,PT39S,289188,7901,59,youtube
띠미_ddimmi_20230914,진짜 오렌지 같은 신기한 오렌지 간식🍊 수박간식🍉 2탄 ASMR,,띠미 ddimmi,2023-09-14,PT32S,1022931,31762,253,youtube
띠미_ddimmi_20230913,샤인머스켓 통째로 탕후루 만들기 ㄷㄷ;,#유료광고포함 #설리당 #샤인머스켓 #탕후루,띠미 ddimmi,2023-09-13,PT44S,235066,6717,35,youtube
띠미_ddimmi_20230910,샤인머스켓밭에서 샤인머스켓 ASMR,#유료광고포함 #설리당 #샤인머스켓,띠미 ddimmi,2023-09-10,PT31S,150000,5111,88,youtube
띠미_ddimmi_20230909,뭔가 이상한데 중독 쩌는 간식,,띠미 ddimmi,2023-09-09,PT20S,364697,7861,66,youtube
띠미_ddimmi_20230908,이건 무슨 간식일까?,,띠미 ddimmi,2023-09-08,PT18S,273746,6793,130,youtube
띠미_ddimmi_20230907,신기한 신상 중국간식🇨🇳 먹방 3탄,,띠미 ddimmi,2023-09-07,PT31S,617289,16545,98,youtube
띠미_ddimmi_20230906,신기한 신상 중국간식 먹방 2탄,,띠미 ddimmi,2023-09-06,PT44S,434934,11584,92,youtube
띠미_ddimmi_20230904,중국간식 신상이 이렇게나 많네? ㄷㄷ,#무상협찬 #중국간식,띠미 ddimmi,2023-09-04,PT44S,358873,9871,73,youtube
띠미_ddimmi_20230903,짱 예쁘고 신기한 보석간식2💎 ASMR,,띠미 ddimmi,2023-09-03,PT31S,1623426,42574,159,youtube
띠미_ddimmi_20230901,십원빵 치즈 어디까지 늘어날까?,,띠미 ddimmi,2023-09-01,PT20S,226544,5297,87,youtube
띠미_ddimmi_20230824,이거 먹는거 맞을까? 신기한 일본 옛날간식 2탄,,띠미 ddimmi,2023-08-24,PT21S,633572,15190,129,youtube
띠미_ddimmi_20230823,이모티콘 먹방 🥲😭😢,,띠미 ddimmi,2023-08-23,PT32S,256085,5959,48,youtube
띠미_ddimmi_20230822,머랭쿠키 먹을때 나만 이래? 머랭쿠키 먹방 ASMR,,띠미 ddimmi,2023-08-22,PT24S,377505,9758,83,youtube
띠미_ddimmi_20230821,이거 먹는거 맞아?ㄷㄷ 신기한 일본 옛날 간식 ASMR,,띠미 ddimmi,2023-08-21,PT27S,1499822,31895,255,youtube
띠미_ddimmi_20230820,성형없이 단돈 2천원으로 눈 2배 되는 법,#유료광고포함 #와이츄 #속눈썹파마 #셀프속눈썹펌,띠미 ddimmi,2023-08-20,PT36S,108709,2873,17,youtube
띠미_ddimmi_20230819,떡볶이 꿀조합 먹방 ASMR,#스텔라떡볶이 #떡볶이먹방 #라볶이맛집 #분식꿀조합,띠미 ddimmi,2023-08-19,PT1M,493037,12038,114,youtube
띠미_ddimmi_20230817,진짜 이모티콘 먹방 ASMR 😘😍🥰,,띠미 ddimmi,2023-08-17,PT29S,176390,5656,50,youtube
띠미_ddimmi_20230816,진짜 예쁘고 신기한 보석 간식💎ASMR,,띠미 ddimmi,2023-08-16,PT36S,2551688,67108,336,youtube
띠미_ddimmi_20230815,멜론으로 탕후루 만들기,,띠미 ddimmi,2023-08-15,PT47S,248453,7877,105,youtube
띠미_ddimmi_20230812,마쉬멜로우 탕후루 저처럼 만들지마세요,,띠미 ddimmi,2023-08-12,PT26S,228462,3952,58,youtube
띠미_ddimmi_20230809,일본에서 엄청 신기한 떡을 발견했습니다!!!!!!,,띠미 ddimmi,2023-08-09,PT21S,394742,9191,111,youtube
띠미_ddimmi_20230808,신기한 일본 떡 시리즈 먹방🍡,,띠미 ddimmi,2023-08-08,PT27S,1062885,29448,174,youtube
띠미_ddimmi_20230807,소리대박! 날치알만 듬뿍 먹어보기 ASMR,,띠미 ddimmi,2023-08-07,PT16S,440020,8758,92,youtube
띠미_ddimmi_20230805,뭘 해도 안 지워진다는 틴트 과연 사실일까?,#유료광고포함 #포렌코즈 #먹방틴트 #속타투틴트,띠미 ddimmi,2023-08-05,PT57S,479813,11406,103,youtube
띠미_ddimmi_20230803,오독오독! 신기한 초록 날치알🟢 ASMR,,띠미 ddimmi,2023-08-03,PT18S,307298,6258,67,youtube
띠미_ddimmi_20230802,캐비어 얼려먹기? 얼린 블랙 날치알 ASMR,,띠미 ddimmi,2023-08-02,PT24S,322391,7092,83,youtube
띠미_ddimmi_20230731,탕후루 빙수 제발 먹어보세요!!!!!!,,띠미 ddimmi,2023-07-31,PT34S,468199,14357,103,youtube
띠미_ddimmi_20230729,캐비어 먹방? 신기한 블랙 날치알 ASMR,,띠미 ddimmi,2023-07-29,PT21S,295933,7149,113,youtube
띠미_ddimmi_20230725,신기한 튀르키예🇹🇷 간식들 다 먹어보기,,띠미 ddimmi,2023-07-25,PT32S,507785,10680,71,youtube
띠미_ddimmi_20230724,수박간식에 이어서 신기한 오렌지🍊간식 ASMR,,띠미 ddimmi,2023-07-24,PT17S,1327747,27494,218,youtube
띠미_ddimmi_20230723,❗️마지막 놀람 주의❗️신기한 수박간식 ASMR,,띠미 ddimmi,2023-07-23,PT20S,771780,17915,168,youtube
띠미_ddimmi_20230721,하다하다 이젠 스티로폼까지 먹네..,,띠미 ddimmi,2023-07-21,PT20S,3005478,56338,404,youtube
띠미_ddimmi_20230719,술이 들어가서 취하는 화채🍉 ASMR,,띠미 ddimmi,2023-07-19,PT39S,274761,6919,39,youtube
띠미_ddimmi_20230718,신기한 곰돌이탕🐻 먹방 ASMR,,띠미 ddimmi,2023-07-18,PT26S,1691694,36368,147,youtube
띠미_ddimmi_20230717,바삭한 젤리! 완전 신기한 구미첼 ASMR,,띠미 ddimmi,2023-07-17,PT19S,2216271,49918,402,youtube
띠미_ddimmi_20230716,98%가 모르는 CU 연세우유 한라봉 생크림빵,#연세우유크림빵 #cu신상 #편의점신상,띠미 ddimmi,2023-07-16,PT19S,289226,7015,109,youtube
띠미_ddimmi_20230715,요즘 유행인 탕후루 전메뉴 다 먹어보기 ASMR,,띠미 ddimmi,2023-07-15,PT26S,851983,19308,145,youtube
띠미_ddimmi_20230714,남자친구 생길 것 같습니다.,#유료광고포함,띠미 ddimmi,2023-07-14,PT53S,119302,2043,33,youtube
띠미_ddimmi_20230706,떡볶이 분식세트 한판 먹방 ASMR,#유료광고포함,띠미 ddimmi,2023-07-06,PT51S,333460,8007,52,youtube
띠미_ddimmi_20230705,신기한 일본 편의점 푸딩 ASMR,,띠미 ddimmi,2023-07-05,PT43S,379741,11760,78,youtube
띠미_ddimmi_20230630,음식이 롤러코스터를 타고 내려오는 신기한 식당 ㄷㄷ,,띠미 ddimmi,2023-06-30,PT43S,171066,4659,29,youtube
띠미_ddimmi_20230626,나도 할래.. 구워먹는 옥수수젤리,,띠미 ddimmi,2023-06-26,PT47S,426450,7548,124,youtube
띠미_ddimmi_20230623,무슨 이런 간식이 다있어? 물이 쭉쭉 나오는 인도간식 참참 ASMR,,띠미 ddimmi,2023-06-23,PT38S,473580,10137,99,youtube
띠미_ddimmi_20230621,납작 라스굴라?! 신기한 인도간식 라스말라이 ASMR,,띠미 ddimmi,2023-06-21,PT30S,763282,11623,125,youtube
띠미_ddimmi_20230617,❗충격주의❗ 한국에는 안파는 신라면 먹어보기,,띠미 ddimmi,2023-06-17,PT40S,184673,4707,42,youtube
띠미_ddimmi_20230616,마법세계에 있을것만 같은 신기한 튀르키예 간식🇹🇷! 현지 찐 터키쉬딜라이트 ASMR,,띠미 ddimmi,2023-06-16,PT43S,1129301,22748,217,youtube
띠미_ddimmi_20230615,신기한 튀르키예 간식🇹🇷 터키쉬딜라이트 먹방 ASMR,,띠미 ddimmi,2023-06-15,PT29S,1343566,25398,240,youtube
띠미_ddimmi_20230612,컵라면 크기 실화?ㄷㄷ 3160 칼로리 초거대 컵라면 먹방! 과연 결과는?!,,띠미 ddimmi,2023-06-12,PT35S,255166,6816,85,youtube
띠미_ddimmi_20230611,신기한 과일세트 젤리 먹방 ASMR,,띠미 ddimmi,2023-06-11,PT38S,1531311,32811,0,youtube
띠미_ddimmi_20230610,신기한 복숭아 먹방 ASMR,,띠미 ddimmi,2023-06-10,PT33S,1103374,25093,256,youtube
띠미_ddimmi_20230608,모두의 로망! 마라탕에 중국당면만 넣어먹기 ASMR,,띠미 ddimmi,2023-06-08,PT38S,702553,16260,150,youtube
띠미_ddimmi_20230607,세상에서 제일 큰 당면을 마라탕에 넣었는데 소리가 ㄷㄷ...,,띠미 ddimmi,2023-06-07,PT32S,1401482,27865,199,youtube
띠미_ddimmi_20230605,인도간식 굴랍자문 첫경험 ㄷㄷ,,띠미 ddimmi,2023-06-05,PT26S,883739,17079,121,youtube
띠미_ddimmi_20230603,계란 노른자 먹방?! 인도간식 라즈보그 치즈 먹방 ASMR,,띠미 ddimmi,2023-06-03,PT26S,460148,9476,65,youtube
띠미_ddimmi_20230524,여러가지 신기한 약과 디저트ASMR! 꾸덕쫀득 대박!!!,,띠미 ddimmi,2023-05-24,PT39S,858751,15820,191,youtube
띠미_ddimmi_20230522,드디어 생긴 한국 메이드카페 충격적인 근황 ㄷㄷ,,띠미 ddimmi,2023-05-22,PT43S,276696,7398,57,youtube
띠미_ddimmi_20230520,금수저들만 먹는 감자칩..,,띠미 ddimmi,2023-05-20,PT31S,481194,12897,77,youtube
띠미_ddimmi_20230519,주기적으로 생각나는 라스굴라..이거 중독인가?,,띠미 ddimmi,2023-05-19,PT20S,2076504,37938,276,youtube
띠미_ddimmi_20230518,이런 당면 처음 봐.. 초대왕 둥근 당면 엽떡 ASMR,,띠미 ddimmi,2023-05-18,PT29S,1534602,31744,259,youtube
띠미_ddimmi_20230425,맥주 거품 높게 쌓는법,"#유료광고 #광고 #한맥 #HANMAC #부드럽게부드럽게달라지다 #맥주 #라거 #신제품 #부드러운맥주 한맥 폼 미쳤다!! 부드럽게, 또 부드럽게 달라진 업그레이드 한맥! 국내산 고품질 쌀 100% 함유로 부드럽고 풍성한 거품의 지속시간이 20초나 향상과 4단계 미세 여과 과정을 통해 부드러움을 해치는 요소를 모두 제거해서 목넘김도 부드럽게 바뀌었어요!  거품으로 한 번, 목넘김으로 또 한 번! 두 번 부드러운 한맥  이 업그레이드 한맥은 3월 27일부터 전국 편의점, 마트, 식당, 술집 등에서 순차적으로 만나볼 수 있어요!  경고 : 지나친 음주는 뇌졸중, 기억력 손상이나 치매를 유발합니다.  임신 중 음주는 기형아 출생 위험을 높입니다 | 제조사/판매사 : 오비맥주  *이 광고는 '오비맥주 카스화이트' 의 지원을 받아 제작된 영상입니다.*",띠미 ddimmi,2023-04-25,PT58S,90925,2169,27,youtube
띠미_ddimmi_20230418,뭘 해도 안 지워진다는 강력틴트를 발라봤습니다..ㄷㄷ 대박!!!,#유료광고 #S2ND #에스투엔디 #딸랑이틴트,띠미 ddimmi,2023-04-18,PT55S,930843,18271,172,youtube
띠미_ddimmi_20230413,중국간식보다 더 신기한 일본간식 먹방 ASMR! 대박 신기함 ㄷㄷ;;;,,띠미 ddimmi,2023-04-13,PT50S,471045,11508,56,youtube
띠미_ddimmi_20230404,서울에서 부산 엑스포가?!,"#유료광고포함 #부산세계박람회 #서울시 #서울경제진흥원 이 영상은 서울시와 SBA의 지원을 받아 제작되었습니다.  안녕하세요! 하고 싶은거 다 ~ 하고있는 엽기+병맛+발랄 예능 크리에이터 띠미입니다! (ᵔᗜᵔ*)♥  ▶업로드 : 화 목 토 or 화 목 토 일 오후 4시 30분 ▶생방송 : 유튜브 , 트위치 동시송출! 트위치에 ""띠미"" 팔로우!   *생방송은 잠시 휴방입니다*                  (※ 생방송 & 영상 공지는 네이버 팬카페를 확인해주세요 ※ )  비즈니스 문의 이메일  ▶ddimmi96@gmail.com 띠미 인스타그램  ▶https://www.instagram.com/ddimmi96​ 띠미 팬카페 ▶https://cafe.naver.com/ddimmi",띠미 ddimmi,2023-04-04,PT40S,68669,1592,18,youtube
띠미_ddimmi_20230329,금수저인척 할 수 있다는 강남 고급뷔페 다녀옴 ㄷㄷ,"#유료광고포함  안녕하세요! 하고 싶은거 다 ~ 하고있는 엽기+병맛+발랄 예능 크리에이터 띠미입니다! (ᵔᗜᵔ*)♥  ▶업로드 : 화 목 토 or 화 목 토 일 오후 4시 30분 ▶생방송 : 유튜브 , 트위치 동시송출! 트위치에 ""띠미"" 팔로우!   *생방송은 잠시 휴방입니다*                  (※ 생방송 & 영상 공지는 네이버 팬카페를 확인해주세요 ※ )  비즈니스 문의 이메일  ▶ddimmi96@gmail.com 띠미 인스타그램  ▶https://www.instagram.com/ddimmi96​ 띠미 팬카페 ▶https://cafe.naver.com/ddimmi",띠미 ddimmi,2023-03-29,PT51S,152798,4669,41,youtube
띠미_ddimmi_20230324,폭신폭신 알록달록 여러가지 맛 튀르키예 구름과자☁️ ASMR 2탄,"안녕하세요! 하고 싶은거 다 ~ 하고있는 엽기+병맛+발랄 예능 크리에이터 띠미입니다! (ᵔᗜᵔ*)♥  ▶업로드 : 화 목 토 or 화 목 토 일 오후 4시 30분 ▶생방송 : 유튜브 , 트위치 동시송출! 트위치에 ""띠미"" 팔로우!   *생방송은 잠시 휴방입니다*                  (※ 생방송 & 영상 공지는 네이버 팬카페를 확인해주세요 ※ )  비즈니스 문의 이메일  ▶ddimmi96@gmail.com 띠미 인스타그램  ▶https://www.instagram.com/ddimmi96​ 띠미 팬카페 ▶https://cafe.naver.com/ddimmi",띠미 ddimmi,2023-03-24,PT53S,279509,6454,62,youtube
띠미_ddimmi_20230321,담배를 립스틱으로 발라봤습니다,"안녕하세요! 하고 싶은거 다 ~ 하고있는 엽기+병맛+발랄 예능 크리에이터 띠미입니다! (ᵔᗜᵔ*)♥  ▶업로드 : 화 목 토 or 화 목 토 일 오후 4시 30분 ▶생방송 : 유튜브 , 트위치 동시송출! 트위치에 ""띠미"" 팔로우!   *생방송은 잠시 휴방입니다*                  (※ 생방송 & 영상 공지는 네이버 팬카페를 확인해주세요 ※ )  비즈니스 문의 이메일  ▶ddimmi96@gmail.com 띠미 인스타그램  ▶https://www.instagram.com/ddimmi96​ 띠미 팬카페 ▶https://cafe.naver.com/ddimmi",띠미 ddimmi,2023-03-21,PT39S,894865,23412,140,youtube
띠미_ddimmi_20230320,붙이는 립스틱? 와.. 이거 진짜 대박!!!,"안녕하세요! 하고 싶은거 다 ~ 하고있는 엽기+병맛+발랄 예능 크리에이터 띠미입니다! (ᵔᗜᵔ*)♥  ▶업로드 : 화 목 토 or 화 목 토 일 오후 4시 30분 ▶생방송 : 유튜브 , 트위치 동시송출! 트위치에 ""띠미"" 팔로우!   *생방송은 잠시 휴방입니다*                  (※ 생방송 & 영상 공지는 네이버 팬카페를 확인해주세요 ※ )  비즈니스 문의 이메일  ▶ddimmi96@gmail.com 띠미 인스타그램  ▶https://www.instagram.com/ddimmi96​ 띠미 팬카페 ▶https://cafe.naver.com/ddimmi",띠미 ddimmi,2023-03-20,PT39S,1447680,34612,68,youtube
띠미_ddimmi_20230318,이젠 하다하다 먹는 스티커가 나오네?,"안녕하세요! 하고 싶은거 다 ~ 하고있는 엽기+병맛+발랄 예능 크리에이터 띠미입니다! (ᵔᗜᵔ*)♥  ▶업로드 : 화 목 토 or 화 목 토 일 오후 4시 30분 ▶생방송 : 유튜브 , 트위치 동시송출! 트위치에 ""띠미"" 팔로우!   *생방송은 잠시 휴방입니다*                  (※ 생방송 & 영상 공지는 네이버 팬카페를 확인해주세요 ※ )  비즈니스 문의 이메일  ▶ddimmi96@gmail.com 띠미 인스타그램  ▶https://www.instagram.com/ddimmi96​ 띠미 팬카페 ▶https://cafe.naver.com/ddimmi",띠미 ddimmi,2023-03-18,PT41S,306358,9832,45,youtube
띠미_ddimmi_20230317,엽기떡볶이에서 새로 출시된 신상 엽떡 과자?! 헐!!!!!,"안녕하세요! 하고 싶은거 다 ~ 하고있는 엽기+병맛+발랄 예능 크리에이터 띠미입니다! (ᵔᗜᵔ*)♥  ▶업로드 : 화 목 토 or 화 목 토 일 오후 4시 30분 ▶생방송 : 유튜브 , 트위치 동시송출! 트위치에 ""띠미"" 팔로우!   *생방송은 잠시 휴방입니다*                  (※ 생방송 & 영상 공지는 네이버 팬카페를 확인해주세요 ※ )  비즈니스 문의 이메일  ▶ddimmi96@gmail.com 띠미 인스타그램  ▶https://www.instagram.com/ddimmi96​ 띠미 팬카페 ▶https://cafe.naver.com/ddimmi",띠미 ddimmi,2023-03-17,PT54S,242514,5054,47,youtube
띠미_ddimmi_20230225,폭신폭신 신기한 튀르키예 구름과자☁️ ASMR,"안녕하세요! 하고 싶은거 다 ~ 하고있는 엽기+병맛+발랄 예능 크리에이터 띠미입니다! (ᵔᗜᵔ*)♥  ▶업로드 : 화 목 토 or 화 목 토 일 오후 4시 30분 ▶생방송 : 유튜브 , 트위치 동시송출! 트위치에 ""띠미"" 팔로우!   *생방송은 잠시 휴방입니다*                  (※ 생방송 & 영상 공지는 네이버 팬카페를 확인해주세요 ※ )  비즈니스 문의 이메일  ▶ddimmi96@gmail.com 띠미 인스타그램  ▶https://www.instagram.com/ddimmi96​ 띠미 팬카페 ▶https://cafe.naver.com/ddimmi",띠미 ddimmi,2023-02-25,PT24S,1467485,28907,283,youtube
띠미_ddimmi_20230223,한국에서 팔지않는 신상 불닭볶음면.. 미쳤다,"안녕하세요! 하고 싶은거 다 ~ 하고있는 엽기+병맛+발랄 예능 크리에이터 띠미입니다! (ᵔᗜᵔ*)♥  ▶업로드 : 화 목 토 or 화 목 토 일 오후 4시 30분 ▶생방송 : 유튜브 , 트위치 동시송출! 트위치에 ""띠미"" 팔로우!   *생방송은 잠시 휴방입니다*                  (※ 생방송 & 영상 공지는 네이버 팬카페를 확인해주세요 ※ )  비즈니스 문의 이메일  ▶ddimmi96@gmail.com 띠미 인스타그램  ▶https://www.instagram.com/ddimmi96​ 띠미 팬카페 ▶https://cafe.naver.com/ddimmi",띠미 ddimmi,2023-02-23,PT43S,968812,22212,192,youtube
띠미_ddimmi_20230222,신기한 일본 불량식품 먹방ㅋㅋㅋ완전 신기함 ㄷㄷ;;,"안녕하세요! 하고 싶은거 다 ~ 하고있는 엽기+병맛+발랄 예능 크리에이터 띠미입니다! (ᵔᗜᵔ*)♥  ▶업로드 : 화 목 토 or 화 목 토 일 오후 4시 30분 ▶생방송 : 유튜브 , 트위치 동시송출! 트위치에 ""띠미"" 팔로우!   *생방송은 잠시 휴방입니다*                  (※ 생방송 & 영상 공지는 네이버 팬카페를 확인해주세요 ※ )  비즈니스 문의 이메일  ▶ddimmi96@gmail.com 띠미 인스타그램  ▶https://www.instagram.com/ddimmi96​ 띠미 팬카페 ▶https://cafe.naver.com/ddimmi",띠미 ddimmi,2023-02-22,PT1M,1935410,42399,133,youtube
띠미_ddimmi_20230220,세상에서 제일 작은 초미니 푸딩?! 몇개까지 먹기 가능?,"안녕하세요! 하고 싶은거 다 ~ 하고있는 엽기+병맛+발랄 예능 크리에이터 띠미입니다! (ᵔᗜᵔ*)♥  ▶업로드 : 화 목 토 or 화 목 토 일 오후 4시 30분 ▶생방송 : 유튜브 , 트위치 동시송출! 트위치에 ""띠미"" 팔로우!   *생방송은 잠시 휴방입니다*                  (※ 생방송 & 영상 공지는 네이버 팬카페를 확인해주세요 ※ )  비즈니스 문의 이메일  ▶ddimmi96@gmail.com 띠미 인스타그램  ▶https://www.instagram.com/ddimmi96​ 띠미 팬카페 ▶https://cafe.naver.com/ddimmi",띠미 ddimmi,2023-02-20,PT27S,528975,15764,46,youtube
띠미_ddimmi_20230124,요즘 유행하는 부모님께 신박하게 용돈드리는 법ㅋㅋㅋㅋㅋㅋ,"안녕하세요! 하고 싶은거 다 ~ 하고있는 엽기+병맛+발랄 예능 크리에이터 띠미입니다! (ᵔᗜᵔ*)♥  ▶업로드 : 화 목 토 or 화 목 토 일 오후 4시 30분 ▶생방송 : 유튜브 , 트위치 동시송출! 트위치에 ""띠미"" 팔로우!   *생방송은 잠시 휴방입니다*                  (※ 생방송 & 영상 공지는 네이버 팬카페를 확인해주세요 ※ )  비즈니스 문의 이메일  ▶ddimmi96@gmail.com 띠미 인스타그램  ▶https://www.instagram.com/ddimmi96​ 띠미 팬카페 ▶https://cafe.naver.com/ddimmi",띠미 ddimmi,2023-01-24,PT38S,183847,5602,32,youtube
띠미_ddimmi_20230123,상다리 부러지는 한국의 아침식사를 처음 먹어보는 일본인 친구의 반응ㅋㅋㅋㅋ,"안녕하세요! 하고 싶은거 다 ~ 하고있는 엽기+병맛+발랄 예능 크리에이터 띠미입니다! (ᵔᗜᵔ*)♥  ▶업로드 : 화 목 토 or 화 목 토 일 오후 4시 30분 ▶생방송 : 유튜브 , 트위치 동시송출! 트위치에 ""띠미"" 팔로우!   *생방송은 잠시 휴방입니다*                  (※ 생방송 & 영상 공지는 네이버 팬카페를 확인해주세요 ※ )  비즈니스 문의 이메일  ▶ddimmi96@gmail.com 띠미 인스타그램  ▶https://www.instagram.com/ddimmi96​ 띠미 팬카페 ▶https://cafe.naver.com/ddimmi",띠미 ddimmi,2023-01-23,PT47S,144985,2993,12,youtube
띠미_ddimmi_20230111,100원짜리 고깃집을 가봤다.. ㄷㄷ,"안녕하세요! 하고 싶은거 다 ~ 하고있는 엽기+병맛+발랄 예능 크리에이터 띠미입니다! (ᵔᗜᵔ*)♥  ▶업로드 : 화 목 토 or 화 목 토 일 오후 4시 30분 ▶생방송 : 유튜브 , 트위치 동시송출! 트위치에 ""띠미"" 팔로우!   *생방송은 잠시 휴방입니다*                  (※ 생방송 & 영상 공지는 네이버 팬카페를 확인해주세요 ※ )  비즈니스 문의 이메일  ▶ddimmi96@gmail.com 띠미 인스타그램  ▶https://www.instagram.com/ddimmi96​ 띠미 팬카페 ▶https://cafe.naver.com/ddimmi",띠미 ddimmi,2023-01-11,PT59S,5084459,90383,0,youtube
띠미_ddimmi_20230108,일본가서 인생 첫 기모노 입고 일본 길거리 음식 다 먹어보기,"안녕하세요! 하고 싶은거 다 ~ 하고있는 엽기+병맛+발랄 예능 크리에이터 띠미입니다! (ᵔᗜᵔ*)♥  ▶업로드 : 화 목 토 or 화 목 토 일 오후 4시 30분 ▶생방송 : 유튜브 , 트위치 동시송출! 트위치에 ""띠미"" 팔로우!   *생방송은 잠시 휴방입니다*                  (※ 생방송 & 영상 공지는 네이버 팬카페를 확인해주세요 ※ )  비즈니스 문의 이메일  ▶ddimmi96@gmail.com 띠미 인스타그램  ▶https://www.instagram.com/ddimmi96​ 띠미 팬카페 ▶https://cafe.naver.com/ddimmi",띠미 ddimmi,2023-01-08,PT57S,237984,7044,53,youtube
띠미_ddimmi_20221216,일년에 딱 한번 먹을수있다는 별모양 사과? 완전 신기해!!!!,"안녕하세요! 하고 싶은거 다 ~ 하고있는 엽기+병맛+발랄 예능 크리에이터 띠미입니다! (ᵔᗜᵔ*)♥  ▶업로드 : 화 목 토 or 화 목 토 일 오후 4시 30분 ▶생방송 : 유튜브 , 트위치 동시송출! 트위치에 ""띠미"" 팔로우!   *생방송은 잠시 휴방입니다*                  (※ 생방송 & 영상 공지는 네이버 팬카페를 확인해주세요 ※ )  비즈니스 문의 이메일  ▶ddimmi96@gmail.com 띠미 인스타그램  ▶https://www.instagram.com/ddimmi96​ 띠미 팬카페 ▶https://cafe.naver.com/ddimmi",띠미 ddimmi,2022-12-16,PT52S,272942,6060,58,youtube
띠미_ddimmi_20221202,일본에서 파는 마법의 투명간장으로 초밥 먹기ㅋㅋㅋㅋ대박,"안녕하세요! 하고 싶은거 다 ~ 하고있는 엽기+병맛+발랄 예능 크리에이터 띠미입니다! (ᵔᗜᵔ*)♥  ▶업로드 : 화 목 토 or 화 목 토 일 오후 4시 30분 ▶생방송 : 유튜브 , 트위치 동시송출! 트위치에 ""띠미"" 팔로우!   *생방송은 잠시 휴방입니다*                  (※ 생방송 & 영상 공지는 네이버 팬카페를 확인해주세요 ※ )  비즈니스 문의 이메일  ▶ddimmi96@gmail.com 띠미 인스타그램  ▶https://www.instagram.com/ddimmi96​ 띠미 팬카페 ▶https://cafe.naver.com/ddimmi",띠미 ddimmi,2022-12-02,PT47S,656345,18394,100,youtube
띠미_ddimmi_20221130,세상에서 제일 큰 대왕 초콜릿! 과연 얼마만에 다 먹을 수 있을까?,"안녕하세요! 하고 싶은거 다 ~ 하고있는 엽기+병맛+발랄 예능 크리에이터 띠미입니다! (ᵔᗜᵔ*)♥  ▶업로드 : 화 목 토 or 화 목 토 일 오후 4시 30분 ▶생방송 : 유튜브 , 트위치 동시송출! 트위치에 ""띠미"" 팔로우!   *생방송은 잠시 휴방입니다*                  (※ 생방송 & 영상 공지는 네이버 팬카페를 확인해주세요 ※ )  비즈니스 문의 이메일  ▶ddimmi96@gmail.com 띠미 인스타그램  ▶https://www.instagram.com/ddimmi96​ 띠미 팬카페 ▶https://cafe.naver.com/ddimmi",띠미 ddimmi,2022-11-30,PT40S,1124496,28910,258,youtube
띠미_ddimmi_20221125,요즘 유행중인 일본 메이드카페에 가봤다 ㄷㄷ,"안녕하세요! 하고 싶은거 다 ~ 하고있는 엽기+병맛+발랄 예능 크리에이터 띠미입니다! (ᵔᗜᵔ*)♥  ▶업로드 : 화 목 토 or 화 목 토 일 오후 4시 30분 ▶생방송 : 유튜브 , 트위치 동시송출! 트위치에 ""띠미"" 팔로우!   *생방송은 잠시 휴방입니다*                  (※ 생방송 & 영상 공지는 네이버 팬카페를 확인해주세요 ※ )  비즈니스 문의 이메일  ▶ddimmi96@gmail.com 띠미 인스타그램  ▶https://www.instagram.com/ddimmi96​ 띠미 팬카페 ▶https://cafe.naver.com/ddimmi",띠미 ddimmi,2022-11-25,PT58S,562942,15911,85,youtube
띠미_ddimmi_20221118,일본 랜덤통화로 만난 설레는 일본 남사친..,"#일본어회화 #일본친구 #언어교환, #마음어플 #maum #랜덤통화 일본인 친구도 사귈수있고 공부도 되는 언어교환 어플!  마음 어플 랜덤통화를 사용해봤습니다!  저처럼 일본인 친구를 사귀고싶어하시는 분들께 추천 드려요 +_+  안녕하세요! 하고 싶은거 다 ~ 하고있는 엽기+병맛+발랄 예능 크리에이터 띠미입니다! (ᵔᗜᵔ*)♥  ▶업로드 : 화 목 토 or 화 목 토 일 오후 4시 30분 ▶생방송 : 유튜브 , 트위치 동시송출! 트위치에 ""띠미"" 팔로우!   *생방송은 잠시 휴방입니다*                  (※ 생방송 & 영상 공지는 네이버 팬카페를 확인해주세요 ※ )  비즈니스 문의 이메일  ▶ddimmi96@gmail.com 띠미 인스타그램  ▶https://www.instagram.com/ddimmi96​ 띠미 팬카페 ▶https://cafe.naver.com/ddimmi",띠미 ddimmi,2022-11-18,PT57S,432161,17902,85,youtube
띠미_ddimmi_20221107,지금 엄청 핫해서 구하기 어려운 올리브영 약과! 대체 왜?,"안녕하세요! 하고 싶은거 다 ~ 하고있는 엽기+병맛+발랄 예능 크리에이터 띠미입니다! (ᵔᗜᵔ*)♥  ▶업로드 : 화 목 토 or 화 목 토 일 오후 4시 30분 ▶생방송 : 유튜브 , 트위치 동시송출! 트위치에 ""띠미"" 팔로우!   *생방송은 잠시 휴방입니다*                  (※ 생방송 & 영상 공지는 네이버 팬카페를 확인해주세요 ※ )  비즈니스 문의 이메일  ▶ddimmi96@gmail.com 띠미 인스타그램  ▶https://www.instagram.com/ddimmi96​ 띠미 팬카페 ▶https://cafe.naver.com/ddimmi",띠미 ddimmi,2022-11-07,PT50S,571294,14887,105,youtube
띠미_ddimmi_20221106,겁도 없이 분필을 먹어보면 생기는 일,"안녕하세요! 하고 싶은거 다 ~ 하고있는 엽기+병맛+발랄 예능 크리에이터 띠미입니다! (ᵔᗜᵔ*)♥  ▶업로드 : 화 목 토 or 화 목 토 일 오후 4시 30분 ▶생방송 : 유튜브 , 트위치 동시송출! 트위치에 ""띠미"" 팔로우!   *생방송은 잠시 휴방입니다*                  (※ 생방송 & 영상 공지는 네이버 팬카페를 확인해주세요 ※ )  비즈니스 문의 이메일  ▶ddimmi96@gmail.com 띠미 인스타그램  ▶https://www.instagram.com/ddimmi96​ 띠미 팬카페 ▶https://cafe.naver.com/ddimmi",띠미 ddimmi,2022-11-06,PT45S,399832,10226,116,youtube
띠미_ddimmi_20221102,알록달록 🍓과일 화과자 먹방,"안녕하세요! 하고 싶은거 다 ~ 하고있는 엽기+병맛+발랄 예능 크리에이터 띠미입니다! (ᵔᗜᵔ*)♥  ▶업로드 : 화 목 토 or 화 목 토 일 오후 4시 30분 ▶생방송 : 유튜브 , 트위치 동시송출! 트위치에 ""띠미"" 팔로우!   *생방송은 잠시 휴방입니다*                  (※ 생방송 & 영상 공지는 네이버 팬카페를 확인해주세요 ※ )  비즈니스 문의 이메일  ▶ddimmi96@gmail.com 띠미 인스타그램  ▶https://www.instagram.com/ddimmi96​ 띠미 팬카페 ▶https://cafe.naver.com/ddimmi",띠미 ddimmi,2022-11-02,PT36S,652652,14333,103,youtube
띠미_ddimmi_20221008,신기한 일본 우유팩 대왕 푸딩..,"안녕하세요! 하고 싶은거 다 ~ 하고있는 엽기+병맛+발랄 예능 크리에이터 띠미입니다! (ᵔᗜᵔ*)♥  ▶업로드 : 화 목 토 or 화 목 토 일 오후 4시 30분 ▶생방송 : 유튜브 , 트위치 동시송출! 트위치에 ""띠미"" 팔로우!   *생방송은 잠시 휴방입니다*                  (※ 생방송 & 영상 공지는 네이버 팬카페를 확인해주세요 ※ )  비즈니스 문의 이메일  ▶ddimmi96@gmail.com 띠미 인스타그램  ▶https://www.instagram.com/ddimmi96​ 띠미 팬카페 ▶https://cafe.naver.com/ddimmi",띠미 ddimmi,2022-10-08,PT51S,497573,13934,118,youtube
띠미_ddimmi_20221006,백만번 흔들면 대왕 초코볼이 된다는 과자..,"안녕하세요! 하고 싶은거 다 ~ 하고있는 엽기+병맛+발랄 예능 크리에이터 띠미입니다! (ᵔᗜᵔ*)♥  ▶업로드 : 화 목 토 or 화 목 토 일 오후 4시 30분 ▶생방송 : 유튜브 , 트위치 동시송출! 트위치에 ""띠미"" 팔로우!   *생방송은 잠시 휴방입니다*                  (※ 생방송 & 영상 공지는 네이버 팬카페를 확인해주세요 ※ )  비즈니스 문의 이메일  ▶ddimmi96@gmail.com 띠미 인스타그램  ▶https://www.instagram.com/ddimmi96​ 띠미 팬카페 ▶https://cafe.naver.com/ddimmi",띠미 ddimmi,2022-10-06,PT39S,2528833,59922,525,youtube
띠미_ddimmi_20221005,요즘 유행하는 남이 보는 내 모습 알아보는 법! 진짜 이래?,"안녕하세요! 하고 싶은거 다 ~ 하고있는 엽기+병맛+발랄 예능 크리에이터 띠미입니다! (ᵔᗜᵔ*)♥  ▶업로드 : 화 목 토 or 화 목 토 일 오후 4시 30분 ▶생방송 : 유튜브 , 트위치 동시송출! 트위치에 ""띠미"" 팔로우!   *생방송은 잠시 휴방입니다*                  (※ 생방송 & 영상 공지는 네이버 팬카페를 확인해주세요 ※ )  비즈니스 문의 이메일  ▶ddimmi96@gmail.com 띠미 인스타그램  ▶https://www.instagram.com/ddimmi96​ 띠미 팬카페 ▶https://cafe.naver.com/ddimmi",띠미 ddimmi,2022-10-05,PT8S,383373,5124,56,youtube
띠미_ddimmi_20220925,남사친 앞에서 아이돌 춤 추다가.. #NeoSeoulChallenge #NCT127Challenge #광고,,띠미 ddimmi,2022-09-25,PT14S,122784,1748,27,youtube
띠미_ddimmi_20220924,예약만 3개월이 걸린다는 일본 곰돌이 식당 ㄷㄷ;;,"안녕하세요! 하고 싶은거 다 ~ 하고있는 엽기+병맛+발랄 예능 크리에이터 띠미입니다! (ᵔᗜᵔ*)♥  ▶업로드 : 화 목 토 or 화 목 토 일 오후 4시 30분 ▶생방송 : 유튜브 , 트위치 동시송출! 트위치에 ""띠미"" 팔로우!   *생방송은 잠시 휴방입니다*                  (※ 생방송 & 영상 공지는 네이버 팬카페를 확인해주세요 ※ )  비즈니스 문의 이메일  ▶ddimmi96@gmail.com 띠미 인스타그램  ▶https://www.instagram.com/ddimmi96​ 띠미 팬카페 ▶https://cafe.naver.com/ddimmi",띠미 ddimmi,2022-09-24,PT47S,1019371,29407,86,youtube
띠미_ddimmi_20220923,일본에 있는 반짝반짝 보석과자💎 미쳤다 이거..,"안녕하세요! 하고 싶은거 다 ~ 하고있는 엽기+병맛+발랄 예능 크리에이터 띠미입니다! (ᵔᗜᵔ*)♥  ▶업로드 : 화 목 토 or 화 목 토 일 오후 4시 30분 ▶생방송 : 유튜브 , 트위치 동시송출! 트위치에 ""띠미"" 팔로우!   *생방송은 잠시 휴방입니다*                  (※ 생방송 & 영상 공지는 네이버 팬카페를 확인해주세요 ※ )  비즈니스 문의 이메일  ▶ddimmi96@gmail.com 띠미 인스타그램  ▶https://www.instagram.com/ddimmi96​ 띠미 팬카페 ▶https://cafe.naver.com/ddimmi",띠미 ddimmi,2022-09-23,PT28S,356753,7465,70,youtube
띠미_ddimmi_20220922,일본에만 있는 지구젤리 인형뽑기! 대박 신기해,"안녕하세요! 하고 싶은거 다 ~ 하고있는 엽기+병맛+발랄 예능 크리에이터 띠미입니다! (ᵔᗜᵔ*)♥  ▶업로드 : 화 목 토 or 화 목 토 일 오후 4시 30분 ▶생방송 : 유튜브 , 트위치 동시송출! 트위치에 ""띠미"" 팔로우!   *생방송은 잠시 휴방입니다*                  (※ 생방송 & 영상 공지는 네이버 팬카페를 확인해주세요 ※ )  비즈니스 문의 이메일  ▶ddimmi96@gmail.com 띠미 인스타그램  ▶https://www.instagram.com/ddimmi96​ 띠미 팬카페 ▶https://cafe.naver.com/ddimmi",띠미 ddimmi,2022-09-22,PT21S,170474,3246,22,youtube
띠미_ddimmi_20220921,일본에서 파는 생선 초콜릿 이거 미친거아냐?!!?!!!,"안녕하세요! 하고 싶은거 다 ~ 하고있는 엽기+병맛+발랄 예능 크리에이터 띠미입니다! (ᵔᗜᵔ*)♥  ▶업로드 : 화 목 토 or 화 목 토 일 오후 4시 30분 ▶생방송 : 유튜브 , 트위치 동시송출! 트위치에 ""띠미"" 팔로우!   *생방송은 잠시 휴방입니다*                  (※ 생방송 & 영상 공지는 네이버 팬카페를 확인해주세요 ※ )  비즈니스 문의 이메일  ▶ddimmi96@gmail.com 띠미 인스타그램  ▶https://www.instagram.com/ddimmi96​ 띠미 팬카페 ▶https://cafe.naver.com/ddimmi",띠미 ddimmi,2022-09-21,PT34S,308979,6684,39,youtube
띠미_ddimmi_20220920,일본 편의점에서 파는 물떡? 대박!!!!!,"안녕하세요! 하고 싶은거 다 ~ 하고있는 엽기+병맛+발랄 예능 크리에이터 띠미입니다! (ᵔᗜᵔ*)♥  ▶업로드 : 화 목 토 or 화 목 토 일 오후 4시 30분 ▶생방송 : 유튜브 , 트위치 동시송출! 트위치에 ""띠미"" 팔로우!   *생방송은 잠시 휴방입니다*                  (※ 생방송 & 영상 공지는 네이버 팬카페를 확인해주세요 ※ )  비즈니스 문의 이메일  ▶ddimmi96@gmail.com 띠미 인스타그램  ▶https://www.instagram.com/ddimmi96​ 띠미 팬카페 ▶https://cafe.naver.com/ddimmi",띠미 ddimmi,2022-09-20,PT47S,1879250,57440,189,youtube
띠미_ddimmi_20220919,일본에서 파는 세상에서 제일 큰 대왕 빙수! 과연 얼마만에 다 먹을 수 있을까?,"안녕하세요! 하고 싶은거 다 ~ 하고있는 엽기+병맛+발랄 예능 크리에이터 띠미입니다! (ᵔᗜᵔ*)♥  ▶업로드 : 화 목 토 or 화 목 토 일 오후 4시 30분 ▶생방송 : 유튜브 , 트위치 동시송출! 트위치에 ""띠미"" 팔로우!   *생방송은 잠시 휴방입니다*                  (※ 생방송 & 영상 공지는 네이버 팬카페를 확인해주세요 ※ )  비즈니스 문의 이메일  ▶ddimmi96@gmail.com 띠미 인스타그램  ▶https://www.instagram.com/ddimmi96​ 띠미 팬카페 ▶https://cafe.naver.com/ddimmi",띠미 ddimmi,2022-09-19,PT29S,251279,6715,36,youtube
띠미_ddimmi_20220912,일본에만 있는 초대왕 타코야끼 ㄷㄷ,"안녕하세요! 하고 싶은거 다 ~ 하고있는 엽기+병맛+발랄 예능 크리에이터 띠미입니다! (ᵔᗜᵔ*)♥  ▶업로드 : 화 목 토 or 화 목 토 일 오후 4시 30분 ▶생방송 : 유튜브 , 트위치 동시송출! 트위치에 ""띠미"" 팔로우!   *생방송은 잠시 휴방입니다*                  (※ 생방송 & 영상 공지는 네이버 팬카페를 확인해주세요 ※ )  비즈니스 문의 이메일  ▶ddimmi96@gmail.com 띠미 인스타그램  ▶https://www.instagram.com/ddimmi96​ 띠미 팬카페 ▶https://cafe.naver.com/ddimmi",띠미 ddimmi,2022-09-12,PT49S,300048,8204,52,youtube
띠미_ddimmi_20220908,설마 이거 못하는 사람 없지?#NeoSeoulChallenge #NCT127Challenge #광고,,띠미 ddimmi,2022-09-08,PT14S,175931,2367,97,youtube
띠미_ddimmi_20220907,우울한 친구 앞에서 NCT춤을 춰봤더니ㅋㅋㅋㅋ#NeoSeoulChallenge #NCT127Challenge #광고,#NeoSeoulChallenge #NCT127Challenge #광고,띠미 ddimmi,2022-09-07,PT15S,144729,2226,38,youtube
띠미_ddimmi_20220905,세상에서 제일 큰 대왕 푸딩 과연 얼마만에 다 먹을 수 있을까?,"안녕하세요! 하고 싶은거 다 ~ 하고있는 엽기+병맛+발랄 예능 크리에이터 띠미입니다! (ᵔᗜᵔ*)♥  ▶업로드 : 화 목 토 or 화 목 토 일 오후 4시 30분 ▶생방송 : 유튜브 , 트위치 동시송출! 트위치에 ""띠미"" 팔로우!   *생방송은 잠시 휴방입니다*                  (※ 생방송 & 영상 공지는 네이버 팬카페를 확인해주세요 ※ )  비즈니스 문의 이메일  ▶ddimmi96@gmail.com 띠미 인스타그램  ▶https://www.instagram.com/ddimmi96​ 띠미 팬카페 ▶https://cafe.naver.com/ddimmi",띠미 ddimmi,2022-09-05,PT48S,1051023,28924,208,youtube
띠미_ddimmi_20220904,살다 살다 먹는 크레파스가 나오네?,"안녕하세요! 하고 싶은거 다 ~ 하고있는 엽기+병맛+발랄 예능 크리에이터 띠미입니다! (ᵔᗜᵔ*)♥  ▶업로드 : 화 목 토 or 화 목 토 일 오후 4시 30분 ▶생방송 : 유튜브 , 트위치 동시송출! 트위치에 ""띠미"" 팔로우!   *생방송은 잠시 휴방입니다*                  (※ 생방송 & 영상 공지는 네이버 팬카페를 확인해주세요 ※ )  비즈니스 문의 이메일  ▶ddimmi96@gmail.com 띠미 인스타그램  ▶https://www.instagram.com/ddimmi96​ 띠미 팬카페 ▶https://cafe.naver.com/ddimmi",띠미 ddimmi,2022-09-04,PT51S,219734,6065,51,youtube
띠미_ddimmi_20220903,이게 아보카도가 아니래요...,"안녕하세요! 하고 싶은거 다 ~ 하고있는 엽기+병맛+발랄 예능 크리에이터 띠미입니다! (ᵔᗜᵔ*)♥  ▶업로드 : 화 목 토 or 화 목 토 일 오후 4시 30분 ▶생방송 : 유튜브 , 트위치 동시송출! 트위치에 ""띠미"" 팔로우!   *생방송은 잠시 휴방입니다*                  (※ 생방송 & 영상 공지는 네이버 팬카페를 확인해주세요 ※ )  비즈니스 문의 이메일  ▶ddimmi96@gmail.com 띠미 인스타그램  ▶https://www.instagram.com/ddimmi96​ 띠미 팬카페 ▶https://cafe.naver.com/ddimmi",띠미 ddimmi,2022-09-03,PT35S,208687,5328,51,youtube
띠미_ddimmi_20220830,우주인들이 먹는 실제 우주간식 🪐 ASMR,"안녕하세요! 하고 싶은거 다 ~ 하고있는 엽기+병맛+발랄 예능 크리에이터 띠미입니다! (ᵔᗜᵔ*)♥  ▶업로드 : 화 목 토 or 화 목 토 일 오후 4시 30분 ▶생방송 : 유튜브 , 트위치 동시송출! 트위치에 ""띠미"" 팔로우!   *생방송은 잠시 휴방입니다*                  (※ 생방송 & 영상 공지는 네이버 팬카페를 확인해주세요 ※ )  비즈니스 문의 이메일  ▶ddimmi96@gmail.com 띠미 인스타그램  ▶https://www.instagram.com/ddimmi96​ 띠미 팬카페 ▶https://cafe.naver.com/ddimmi",띠미 ddimmi,2022-08-30,PT53S,1284704,33199,257,youtube
띠미_ddimmi_20220829,사과소리가 나는 음료수?,"안녕하세요! 하고 싶은거 다 ~ 하고있는 엽기+병맛+발랄 예능 크리에이터 띠미입니다! (ᵔᗜᵔ*)♥  ▶업로드 : 화 목 토 or 화 목 토 일 오후 4시 30분 ▶생방송 : 유튜브 , 트위치 동시송출! 트위치에 ""띠미"" 팔로우!   *생방송은 잠시 휴방입니다*                  (※ 생방송 & 영상 공지는 네이버 팬카페를 확인해주세요 ※ )  비즈니스 문의 이메일  ▶ddimmi96@gmail.com 띠미 인스타그램  ▶https://www.instagram.com/ddimmi96​ 띠미 팬카페 ▶https://cafe.naver.com/ddimmi",띠미 ddimmi,2022-08-29,PT33S,6375891,132275,640,youtube
띠미_ddimmi_20220828,신기한 날치알 ASMR,"안녕하세요! 하고 싶은거 다 ~ 하고있는 엽기+병맛+발랄 예능 크리에이터 띠미입니다! (ᵔᗜᵔ*)♥  ▶업로드 : 화 목 토 or 화 목 토 일 오후 4시 30분 ▶생방송 : 유튜브 , 트위치 동시송출! 트위치에 ""띠미"" 팔로우!   *생방송은 잠시 휴방입니다*                  (※ 생방송 & 영상 공지는 네이버 팬카페를 확인해주세요 ※ )  비즈니스 문의 이메일  ▶ddimmi96@gmail.com 띠미 인스타그램  ▶https://www.instagram.com/ddimmi96​ 띠미 팬카페 ▶https://cafe.naver.com/ddimmi",띠미 ddimmi,2022-08-28,PT35S,1269571,30478,286,youtube
띠미_ddimmi_20220827,라스굴라를 먹는데 이상한 소리가 나요ㅋㅋㅋㅋ,"안녕하세요! 하고 싶은거 다 ~ 하고있는 엽기+병맛+발랄 예능 크리에이터 띠미입니다! (ᵔᗜᵔ*)♥  ▶업로드 : 화 목 토 or 화 목 토 일 오후 4시 30분 ▶생방송 : 유튜브 , 트위치 동시송출! 트위치에 ""띠미"" 팔로우!   *생방송은 잠시 휴방입니다*                  (※ 생방송 & 영상 공지는 네이버 팬카페를 확인해주세요 ※ )  비즈니스 문의 이메일  ▶ddimmi96@gmail.com 띠미 인스타그램  ▶https://www.instagram.com/ddimmi96​ 띠미 팬카페 ▶https://cafe.naver.com/ddimmi",띠미 ddimmi,2022-08-27,PT46S,469315,10350,98,youtube
띠미_ddimmi_20220826,마라탕에 들어가는 대왕 목이버섯을 튀겼더니 심상치않다.. ㄷㄷ,"안녕하세요! 하고 싶은거 다 ~ 하고있는 엽기+병맛+발랄 예능 크리에이터 띠미입니다! (ᵔᗜᵔ*)♥  ▶업로드 : 화 목 토 or 화 목 토 일 오후 4시 30분 ▶생방송 : 유튜브 , 트위치 동시송출! 트위치에 ""띠미"" 팔로우!   *생방송은 잠시 휴방입니다*                  (※ 생방송 & 영상 공지는 네이버 팬카페를 확인해주세요 ※ )  비즈니스 문의 이메일  ▶ddimmi96@gmail.com 띠미 인스타그램  ▶https://www.instagram.com/ddimmi96​ 띠미 팬카페 ▶https://cafe.naver.com/ddimmi",띠미 ddimmi,2022-08-26,PT42S,478608,11862,126,youtube
띠미_ddimmi_20220824,🍒체리로 화장해보기! 이게되네..?,"안녕하세요! 하고 싶은거 다 ~ 하고있는 엽기+병맛+발랄 예능 크리에이터 띠미입니다! (ᵔᗜᵔ*)♥  ▶업로드 : 화 목 토 or 화 목 토 일 오후 4시 30분 ▶생방송 : 유튜브 , 트위치 동시송출! 트위치에 ""띠미"" 팔로우!   *생방송은 잠시 휴방입니다*                  (※ 생방송 & 영상 공지는 네이버 팬카페를 확인해주세요 ※ )  비즈니스 문의 이메일  ▶ddimmi96@gmail.com 띠미 인스타그램  ▶https://www.instagram.com/ddimmi96​ 띠미 팬카페 ▶https://cafe.naver.com/ddimmi",띠미 ddimmi,2022-08-24,PT18S,885910,16363,121,youtube
띠미_ddimmi_20220823,해외에서 유행하는 손가락 젤리를 먹어봤는데..,"#shorts #쇼츠  안녕하세요! 하고 싶은거 다 ~ 하고있는 엽기+병맛+발랄 예능 크리에이터 띠미입니다! (ᵔᗜᵔ*)♥  ▶업로드 : 화 목 토 or 화 목 토 일 오후 4시 30분 ▶생방송 : 유튜브 , 트위치 동시송출! 트위치에 ""띠미"" 팔로우!   *생방송은 잠시 휴방입니다*                  (※ 생방송 & 영상 공지는 네이버 팬카페를 확인해주세요 ※ )  비즈니스 문의 이메일  ▶ddimmi96@gmail.com 띠미 인스타그램  ▶https://www.instagram.com/ddimmi96​ 띠미 팬카페 ▶https://cafe.naver.com/ddimmi",띠미 ddimmi,2022-08-23,PT30S,1102567,22552,73,youtube
띠미_ddimmi_20220822,이건 진짜다.. 1초만에 과자 만들기,"안녕하세요! 하고 싶은거 다 ~ 하고있는 엽기+병맛+발랄 예능 크리에이터 띠미입니다! (ᵔᗜᵔ*)♥  ▶업로드 : 화 목 토 or 화 목 토 일 오후 4시 30분 ▶생방송 : 유튜브 , 트위치 동시송출! 트위치에 ""띠미"" 팔로우!   *생방송은 잠시 휴방입니다*                  (※ 생방송 & 영상 공지는 네이버 팬카페를 확인해주세요 ※ )  비즈니스 문의 이메일  ▶ddimmi96@gmail.com 띠미 인스타그램  ▶https://www.instagram.com/ddimmi96​ 띠미 팬카페 ▶https://cafe.naver.com/ddimmi",띠미 ddimmi,2022-08-22,PT36S,322593,9282,72,youtube
띠미_ddimmi_20220821,오독바삭?! 바다포도를 튀겨보자,"#shorts #쇼츠 #먹방asmr #asmr  안녕하세요! 하고 싶은거 다 ~ 하고있는 엽기+병맛+발랄 예능 크리에이터 띠미입니다! (ᵔᗜᵔ*)♥  ▶업로드 : 화 목 토 or 화 목 토 일 오후 4시 30분 ▶생방송 : 유튜브 , 트위치 동시송출! 트위치에 ""띠미"" 팔로우!   *생방송은 잠시 휴방입니다*                  (※ 생방송 & 영상 공지는 네이버 팬카페를 확인해주세요 ※ )  비즈니스 문의 이메일  ▶ddimmi96@gmail.com 띠미 인스타그램  ▶https://www.instagram.com/ddimmi96​ 띠미 팬카페 ▶https://cafe.naver.com/ddimmi",띠미 ddimmi,2022-08-21,PT32S,408300,8880,89,youtube
띠미_ddimmi_20220813,마라탕 재료 전부 다~ 추가 하고 먹어보기ㅋㅋㅋㅋㅋ,"안녕하세요! 하고 싶은거 다 ~ 하고있는 엽기+병맛+발랄 예능 크리에이터 띠미입니다! (ᵔᗜᵔ*)♥  ▶업로드 : 화 목 토 or 화 목 토 일 오후 4시 30분 ▶생방송 : 유튜브 , 트위치 동시송출! 트위치에 ""띠미"" 팔로우!   *생방송은 잠시 휴방입니다*                  (※ 생방송 & 영상 공지는 네이버 팬카페를 확인해주세요 ※ )  비즈니스 문의 이메일  ▶ddimmi96@gmail.com 띠미 인스타그램  ▶https://www.instagram.com/ddimmi96​ 띠미 팬카페 ▶https://cafe.naver.com/ddimmi",띠미 ddimmi,2022-08-13,PT40S,508161,11922,126,youtube
띠미_ddimmi_20220812,찐따가 혼자 축제가서 100배 재밌게 노는 법,"#유료광고포함 안녕하세요! 하고 싶은거 다 ~ 하고있는 엽기+병맛+발랄 예능 크리에이터 띠미입니다! (ᵔᗜᵔ*)♥  ▶업로드 : 화 목 토 or 화 목 토 일 오후 4시 30분 ▶생방송 : 유튜브 , 트위치 동시송출! 트위치에 ""띠미"" 팔로우!   *생방송은 잠시 휴방입니다*                  (※ 생방송 & 영상 공지는 네이버 팬카페를 확인해주세요 ※ )  비즈니스 문의 이메일  ▶ddimmi96@gmail.com 띠미 인스타그램  ▶https://www.instagram.com/ddimmi96​ 띠미 팬카페 ▶https://cafe.naver.com/ddimmi",띠미 ddimmi,2022-08-12,PT47S,143022,2927,32,youtube
띠미_ddimmi_20220811,사람들이 말하는 내 리즈시절 머리 화장 똑같이 해보기! ㄷㄷ 누구세요?,"#쇼츠 #shorts  안녕하세요! 하고 싶은거 다 ~ 하고있는 엽기+병맛+발랄 예능 크리에이터 띠미입니다! (ᵔᗜᵔ*)♥  ▶업로드 : 화 목 토 or 화 목 토 일 오후 4시 30분 ▶생방송 : 유튜브 , 트위치 동시송출! 트위치에 ""띠미"" 팔로우!   *생방송은 잠시 휴방입니다*                  (※ 생방송 & 영상 공지는 네이버 팬카페를 확인해주세요 ※ )  비즈니스 문의 이메일  ▶ddimmi96@gmail.com 띠미 인스타그램  ▶https://www.instagram.com/ddimmi96​ 띠미 팬카페 ▶https://cafe.naver.com/ddimmi",띠미 ddimmi,2022-08-11,PT47S,374507,8167,110,youtube
띠미_ddimmi_20220810,찐따가 혼자 놀이공원 가서 100배 재밌게 노는 법,"#2022예천곤충축제 #유료광고포함 #shorts  #쇼츠  안녕하세요! 하고 싶은거 다 ~ 하고있는 엽기+병맛+발랄 예능 크리에이터 띠미입니다! (ᵔᗜᵔ*)♥  ▶업로드 : 화 목 토 or 화 목 토 일 오후 4시 30분 ▶생방송 : 유튜브 , 트위치 동시송출! 트위치에 ""띠미"" 팔로우!   *생방송은 잠시 휴방입니다*                  (※ 생방송 & 영상 공지는 네이버 팬카페를 확인해주세요 ※ )  비즈니스 문의 이메일  ▶ddimmi96@gmail.com 띠미 인스타그램  ▶https://www.instagram.com/ddimmi96​ 띠미 팬카페 ▶https://cafe.naver.com/ddimmi",띠미 ddimmi,2022-08-10,PT49S,85890,2008,25,youtube
띠미_ddimmi_20220805,강남 금수저들만 간다는 1인당 26만원 고급 뷔페 갔다옴ㄷㄷ,"안녕하세요! 하고 싶은거 다 ~ 하고있는 엽기+병맛+발랄 예능 크리에이터 띠미입니다! (ᵔᗜᵔ*)♥  ▶업로드 : 화 목 토 or 화 목 토 일 오후 4시 30분 ▶생방송 : 유튜브 , 트위치 동시송출! 트위치에 ""띠미"" 팔로우!   *생방송은 잠시 휴방입니다*                  (※ 생방송 & 영상 공지는 네이버 팬카페를 확인해주세요 ※ )  비즈니스 문의 이메일  ▶ddimmi96@gmail.com 띠미 인스타그램  ▶https://www.instagram.com/ddimmi96​ 띠미 팬카페 ▶https://cafe.naver.com/ddimmi",띠미 ddimmi,2022-08-05,PT46S,1475848,27320,595,youtube
띠미_ddimmi_20220803,중국먹방에 나오는 돼지귀👂먹어봄,"안녕하세요! 하고 싶은거 다 ~ 하고있는 엽기+병맛+발랄 예능 크리에이터 띠미입니다! (ᵔᗜᵔ*)♥  ▶업로드 : 화 목 토 or 화 목 토 일 오후 4시 30분 ▶생방송 : 유튜브 , 트위치 동시송출! 트위치에 ""띠미"" 팔로우!   *생방송은 잠시 휴방입니다*                  (※ 생방송 & 영상 공지는 네이버 팬카페를 확인해주세요 ※ )  비즈니스 문의 이메일  ▶ddimmi96@gmail.com 띠미 인스타그램  ▶https://www.instagram.com/ddimmi96​ 띠미 팬카페 ▶https://cafe.naver.com/ddimmi",띠미 ddimmi,2022-08-03,PT53S,623841,13812,149,youtube
띠미_ddimmi_20220802,순식간에 눈썹 마비 시키는 법 ㄷㄷ,"안녕하세요! 하고 싶은거 다 ~ 하고있는 엽기+병맛+발랄 예능 크리에이터 띠미입니다! (ᵔᗜᵔ*)♥  ▶업로드 : 화 목 토 or 화 목 토 일 오후 4시 30분 ▶생방송 : 유튜브 , 트위치 동시송출! 트위치에 ""띠미"" 팔로우!   *생방송은 잠시 휴방입니다*                  (※ 생방송 & 영상 공지는 네이버 팬카페를 확인해주세요 ※ )  비즈니스 문의 이메일  ▶ddimmi96@gmail.com 띠미 인스타그램  ▶https://www.instagram.com/ddimmi96​ 띠미 팬카페 ▶https://cafe.naver.com/ddimmi",띠미 ddimmi,2022-08-02,PT16S,2410033,24597,100,youtube
띠미_ddimmi_20220801,이번엔 도넛곱창 중국 링곱창 ASMR! 소리 미쳤다;;;,"안녕하세요! 하고 싶은거 다 ~ 하고있는 엽기+병맛+발랄 예능 크리에이터 띠미입니다! (ᵔᗜᵔ*)♥  ▶업로드 : 화 목 토 or 화 목 토 일 오후 4시 30분 ▶생방송 : 유튜브 , 트위치 동시송출! 트위치에 ""띠미"" 팔로우!   *생방송은 잠시 휴방입니다*                  (※ 생방송 & 영상 공지는 네이버 팬카페를 확인해주세요 ※ )  비즈니스 문의 이메일  ▶ddimmi96@gmail.com 띠미 인스타그램  ▶https://www.instagram.com/ddimmi96​ 띠미 팬카페 ▶https://cafe.naver.com/ddimmi",띠미 ddimmi,2022-08-01,PT34S,1128210,19470,127,youtube
띠미_ddimmi_20220731,입으로 카톡 보내는 방법ㅋㅋㅋㅋㅋㅋㅋㅋ,"안녕하세요! 하고 싶은거 다 ~ 하고있는 엽기+병맛+발랄 예능 크리에이터 띠미입니다! (ᵔᗜᵔ*)♥  ▶업로드 : 화 목 토 or 화 목 토 일 오후 4시 30분 ▶생방송 : 유튜브 , 트위치 동시송출! 트위치에 ""띠미"" 팔로우!   *생방송은 잠시 휴방입니다*                  (※ 생방송 & 영상 공지는 네이버 팬카페를 확인해주세요 ※ )  비즈니스 문의 이메일  ▶ddimmi96@gmail.com 띠미 인스타그램  ▶https://www.instagram.com/ddimmi96​ 띠미 팬카페 ▶https://cafe.naver.com/ddimmi",띠미 ddimmi,2022-07-31,PT16S,194581,2823,56,youtube
띠미_ddimmi_20220730,달고나 커피 10초만에 만드는 법,"안녕하세요! 하고 싶은거 다 ~ 하고있는 엽기+병맛+발랄 예능 크리에이터 띠미입니다! (ᵔᗜᵔ*)♥  ▶업로드 : 화 목 토 or 화 목 토 일 오후 4시 30분 ▶생방송 : 유튜브 , 트위치 동시송출! 트위치에 ""띠미"" 팔로우!   *생방송은 잠시 휴방입니다*                  (※ 생방송 & 영상 공지는 네이버 팬카페를 확인해주세요 ※ )  비즈니스 문의 이메일  ▶ddimmi96@gmail.com 띠미 인스타그램  ▶https://www.instagram.com/ddimmi96​ 띠미 팬카페 ▶https://cafe.naver.com/ddimmi",띠미 ddimmi,2022-07-30,PT23S,1816804,32241,298,youtube
띠미_ddimmi_20220728,요즘 유행하는 도넛모양 링곱창 바로 먹어줄게!,"안녕하세요! 하고 싶은거 다 ~ 하고있는 엽기+병맛+발랄 예능 크리에이터 띠미입니다! (ᵔᗜᵔ*)♥  ▶업로드 : 화 목 토 or 화 목 토 일 오후 4시 30분 ▶생방송 : 유튜브 , 트위치 동시송출! 트위치에 ""띠미"" 팔로우!   *생방송은 잠시 휴방입니다*                  (※ 생방송 & 영상 공지는 네이버 팬카페를 확인해주세요 ※ )  비즈니스 문의 이메일  ▶ddimmi96@gmail.com 띠미 인스타그램  ▶https://www.instagram.com/ddimmi96​ 띠미 팬카페 ▶https://cafe.naver.com/ddimmi",띠미 ddimmi,2022-07-28,PT39S,913363,18374,209,youtube
띠미_ddimmi_20220727,요즘 유행하는 통대창 먹방 ASMR ! 바로 먹어줄게!!!,"안녕하세요! 하고 싶은거 다 ~ 하고있는 엽기+병맛+발랄 예능 크리에이터 띠미입니다! (ᵔᗜᵔ*)♥  비즈니스 문의 이메일  ▶ddimmi96@gmail.com 띠미 인스타그램  ▶https://www.instagram.com/ddimmi96​ 띠미 팬카페 ▶https://cafe.naver.com/ddimmi  ▶업로드 : 화 목 토 or 화 목 토 일 오후 4시 30분 ▶생방송 : 유튜브 , 트위치 동시송출! 트위치에 ""띠미"" 팔로우!   *생방송은 잠시 휴방입니다*                  (※ 생방송 & 영상 공지는 네이버 팬카페를 확인해주세요 ※ )",띠미 ddimmi,2022-07-27,PT26S,4295189,47993,634,youtube
띠미_ddimmi_20220725,한국에는 없는 무지개 돌고래 틱톡젤리🐬 대박!!!!!!,"안녕하세요! 하고 싶은거 다 ~ 하고있는 엽기+병맛+발랄 예능 크리에이터 띠미입니다! (ᵔᗜᵔ*)♥  비즈니스 문의 이메일  ▶ddimmi96@gmail.com 띠미 인스타그램  ▶https://www.instagram.com/ddimmi96​ 띠미 팬카페 ▶https://cafe.naver.com/ddimmi  ▶업로드 : 화 목 토 or 화 목 토 일 오후 4시 30분 ▶생방송 : 유튜브 , 트위치 동시송출! 트위치에 ""띠미"" 팔로우!   *생방송은 잠시 휴방입니다*                  (※ 생방송 & 영상 공지는 네이버 팬카페를 확인해주세요 ※ )",띠미 ddimmi,2022-07-25,PT49S,418295,12085,117,youtube
띠미_ddimmi_20220723,완전 신기한 이모티콘 먹방 3탄!!! (🐖💊🐔🐬),"안녕하세요! 하고 싶은거 다 ~ 하고있는 엽기+병맛+발랄 예능 크리에이터 띠미입니다! (ᵔᗜᵔ*)♥  비즈니스 문의 이메일  ▶ddimmi96@gmail.com 띠미 인스타그램  ▶https://www.instagram.com/ddimmi96​ 띠미 팬카페 ▶https://cafe.naver.com/ddimmi  ▶업로드 : 화 목 토 or 화 목 토 일 오후 4시 30분 ▶생방송 : 유튜브 , 트위치 동시송출! 트위치에 ""띠미"" 팔로우!   *생방송은 잠시 휴방입니다*                  (※ 생방송 & 영상 공지는 네이버 팬카페를 확인해주세요 ※ )",띠미 ddimmi,2022-07-23,PT43S,284993,7867,46,youtube
띠미_ddimmi_20220722,찐득찐득 콧물 빙수?! 와.. 진짜 콧물 같네ㅋㅋㅋㅋㅋ,"안녕하세요! 하고 싶은거 다 ~ 하고있는 엽기+병맛+발랄 예능 크리에이터 띠미입니다! (ᵔᗜᵔ*)♥  ▶업로드 : 화 목 토 or 화 목 토 일 오후 4시 30분 ▶생방송 : 유튜브 , 트위치 동시송출! 트위치에 ""띠미"" 팔로우!   *생방송은 잠시 휴방입니다*                  (※ 생방송 & 영상 공지는 네이버 팬카페를 확인해주세요 ※ )  비즈니스 문의 이메일  ▶ddimmi96@gmail.com 띠미 인스타그램  ▶https://www.instagram.com/ddimmi96​ 띠미 팬카페 ▶https://cafe.naver.com/ddimmi",띠미 ddimmi,2022-07-22,PT27S,204307,3819,38,youtube
띠미_ddimmi_20220721,이게 다 치즈라고?!! 신기한 치즈 먹방ㅋㅋㅋㅋ,"안녕하세요! 하고 싶은거 다 ~ 하고있는 엽기+병맛+발랄 예능 크리에이터 띠미입니다! (ᵔᗜᵔ*)♥  비즈니스 문의 이메일  ▶ddimmi96@gmail.com 띠미 인스타그램  ▶https://www.instagram.com/ddimmi96​ 띠미 팬카페 ▶https://cafe.naver.com/ddimmi  ▶업로드 : 화 목 토 or 화 목 토 일 오후 4시 30분 ▶생방송 : 유튜브 , 트위치 동시송출! 트위치에 ""띠미"" 팔로우!   *생방송은 잠시 휴방입니다*                  (※ 생방송 & 영상 공지는 네이버 팬카페를 확인해주세요 ※ )",띠미 ddimmi,2022-07-21,PT47S,3964572,77057,807,youtube
띠미_ddimmi_20220715,편의점에서 10900원짜리 도시락을 파네ㅋㅋㅋㅋ미.쳤.다❗️,"안녕하세요! 하고 싶은거 다 ~ 하고있는 엽기+병맛+발랄 예능 크리에이터 띠미입니다! (ᵔᗜᵔ*)♥  ▶업로드 : 화 목 토 or 화 목 토 일 오후 4시 30분 ▶생방송 : 유튜브 , 트위치 동시송출! 트위치에 ""띠미"" 팔로우!   *생방송은 잠시 휴방입니다*                  (※ 생방송 & 영상 공지는 네이버 팬카페를 확인해주세요 ※ )  비즈니스 문의 이메일  ▶ddimmi96@gmail.com 띠미 인스타그램  ▶https://www.instagram.com/ddimmi96​ 띠미 팬카페 ▶https://cafe.naver.com/ddimmi",띠미 ddimmi,2022-07-15,PT36S,697944,14982,104,youtube
띠미_ddimmi_20220714,물젤리로 라면을 끓이니 이상한 일이 생겼습니다ㅋㅋㅋㅋㅋ,"안녕하세요! 하고 싶은거 다 ~ 하고있는 엽기+병맛+발랄 예능 크리에이터 띠미입니다! (ᵔᗜᵔ*)♥  ▶업로드 : 화 목 토 or 화 목 토 일 오후 4시 30분 ▶생방송 : 유튜브 , 트위치 동시송출! 트위치에 ""띠미"" 팔로우!   *생방송은 잠시 휴방입니다*                  (※ 생방송 & 영상 공지는 네이버 팬카페를 확인해주세요 ※ )  비즈니스 문의 이메일  ▶ddimmi96@gmail.com 띠미 인스타그램  ▶https://www.instagram.com/ddimmi96​ 띠미 팬카페 ▶https://cafe.naver.com/ddimmi",띠미 ddimmi,2022-07-14,PT35S,440930,10120,73,youtube
띠미_ddimmi_20220713,요즘 유행하는 편의점 물젤리를 샀는데 뭔가가 이상하다..?,"안녕하세요! 하고 싶은거 다 ~ 하고있는 엽기+병맛+발랄 예능 크리에이터 띠미입니다! (ᵔᗜᵔ*)♥  ▶업로드 : 화 목 토 or 화 목 토 일 오후 4시 30분 ▶생방송 : 유튜브 , 트위치 동시송출! 트위치에 ""띠미"" 팔로우!   *생방송은 잠시 휴방입니다*                  (※ 생방송 & 영상 공지는 네이버 팬카페를 확인해주세요 ※ )  비즈니스 문의 이메일  ▶ddimmi96@gmail.com 띠미 인스타그램  ▶https://www.instagram.com/ddimmi96​ 띠미 팬카페 ▶https://cafe.naver.com/ddimmi",띠미 ddimmi,2022-07-13,PT30S,226526,4299,125,youtube
띠미_ddimmi_20220710,한국에는 안파는 환타 먹어보기ㅋㅋㅋㅋ짱 신기하다,"안녕하세요! 하고 싶은거 다 ~ 하고있는 엽기+병맛+발랄 예능 크리에이터 띠미입니다! (ᵔᗜᵔ*)♥  ▶업로드 : 화 목 토 or 화 목 토 일 오후 4시 30분 ▶생방송 : 유튜브 , 트위치 동시송출! 트위치에 ""띠미"" 팔로우!   *생방송은 잠시 휴방입니다*                  (※ 생방송 & 영상 공지는 네이버 팬카페를 확인해주세요 ※ )  비즈니스 문의 이메일  ▶ddimmi96@gmail.com 띠미 인스타그램  ▶https://www.instagram.com/ddimmi96​ 띠미 팬카페 ▶https://cafe.naver.com/ddimmi",띠미 ddimmi,2022-07-10,PT33S,601410,12458,190,youtube
띠미_ddimmi_20220709,태국에서 발견된 스낵당근 대박!!!!,"안녕하세요! 하고 싶은거 다 ~ 하고있는 엽기+병맛+발랄 예능 크리에이터 띠미입니다! (ᵔᗜᵔ*)♥  ▶업로드 : 화 목 토 or 화 목 토 일 오후 4시 30분 ▶생방송 : 유튜브 , 트위치 동시송출! 트위치에 ""띠미"" 팔로우!   *생방송은 잠시 휴방입니다*                  (※ 생방송 & 영상 공지는 네이버 팬카페를 확인해주세요 ※ )  비즈니스 문의 이메일  ▶ddimmi96@gmail.com 띠미 인스타그램  ▶https://www.instagram.com/ddimmi96​ 띠미 팬카페 ▶https://cafe.naver.com/ddimmi",띠미 ddimmi,2022-07-09,PT27S,899252,18713,86,youtube
띠미_ddimmi_20220707,한국에는 안파는 머리카락 간식? 도대체 이게 뭐야ㅋㅋㅋㅋㅋ,"안녕하세요! 하고 싶은거 다 ~ 하고있는 엽기+병맛+발랄 예능 크리에이터 띠미입니다! (ᵔᗜᵔ*)♥  ▶업로드 : 화 목 토 or 화 목 토 일 오후 4시 30분 ▶생방송 : 유튜브 , 트위치 동시송출! 트위치에 ""띠미"" 팔로우!   *생방송은 잠시 휴방입니다*                  (※ 생방송 & 영상 공지는 네이버 팬카페를 확인해주세요 ※ )  비즈니스 문의 이메일  ▶ddimmi96@gmail.com 띠미 인스타그램  ▶https://www.instagram.com/ddimmi96​ 띠미 팬카페 ▶https://cafe.naver.com/ddimmi",띠미 ddimmi,2022-07-07,PT26S,250616,4450,50,youtube
띠미_ddimmi_20220706,대용량 버블티펄로 떡볶이 해먹기 미쳤다ㅋㅋㅋㅋㅋ,"안녕하세요! 하고 싶은거 다 ~ 하고있는 엽기+병맛+발랄 예능 크리에이터 띠미입니다! (ᵔᗜᵔ*)♥  ▶업로드 : 화 목 토 or 화 목 토 일 오후 4시 30분 ▶생방송 : 유튜브 , 트위치 동시송출! 트위치에 ""띠미"" 팔로우!   *생방송은 잠시 휴방입니다*                  (※ 생방송 & 영상 공지는 네이버 팬카페를 확인해주세요 ※ )  비즈니스 문의 이메일  ▶ddimmi96@gmail.com 띠미 인스타그램  ▶https://www.instagram.com/ddimmi96​ 띠미 팬카페 ▶https://cafe.naver.com/ddimmi",띠미 ddimmi,2022-07-06,PT32S,302899,6851,73,youtube
띠미_ddimmi_20220703,태국에서만 판매하는 바삭한 애벌레튀김.. 바로 먹어줄게,"안녕하세요! 하고 싶은거 다 ~ 하고있는 엽기+병맛+발랄 예능 크리에이터 띠미입니다! (ᵔᗜᵔ*)♥  ▶업로드 : 화 목 토 or 화 목 토 일 오후 4시 30분 ▶생방송 : 유튜브 , 트위치 동시송출! 트위치에 ""띠미"" 팔로우!   *생방송은 잠시 휴방입니다*                  (※ 생방송 & 영상 공지는 네이버 팬카페를 확인해주세요 ※ )  비즈니스 문의 이메일  ▶ddimmi96@gmail.com 띠미 인스타그램  ▶https://www.instagram.com/ddimmi96​ 띠미 팬카페 ▶https://cafe.naver.com/ddimmi",띠미 ddimmi,2022-07-03,PT36S,179672,3432,60,youtube
띠미_ddimmi_20220630,찢어먹는 마라맛 통푸주 ㄷㄷ 대박,"안녕하세요! 하고 싶은거 다 ~ 하고있는 엽기+병맛+발랄 예능 크리에이터 띠미입니다! (ᵔᗜᵔ*)♥  ▶업로드 : 화 목 토 or 화 목 토 일 오후 4시 30분 ▶생방송 : 유튜브 , 트위치 동시송출! 트위치에 ""띠미"" 팔로우!   *생방송은 잠시 휴방입니다*                  (※ 생방송 & 영상 공지는 네이버 팬카페를 확인해주세요 ※ )  비즈니스 문의 이메일  ▶ddimmi96@gmail.com 띠미 인스타그램  ▶https://www.instagram.com/ddimmi96​ 띠미 팬카페 ▶https://cafe.naver.com/ddimmi",띠미 ddimmi,2022-06-30,PT44S,585647,14184,67,youtube
띠미_ddimmi_20220629,틱톡에서 유행중인 중국죽순? 이게 뭐야?,"안녕하세요! 하고 싶은거 다 ~ 하고있는 엽기+병맛+발랄 예능 크리에이터 띠미입니다! (ᵔᗜᵔ*)♥  ▶업로드 : 화 목 토 or 화 목 토 일 오후 4시 30분 ▶생방송 : 유튜브 , 트위치 동시송출! 트위치에 ""띠미"" 팔로우!   *생방송은 잠시 휴방입니다*                  (※ 생방송 & 영상 공지는 네이버 팬카페를 확인해주세요 ※ )  비즈니스 문의 이메일  ▶ddimmi96@gmail.com 띠미 인스타그램  ▶https://www.instagram.com/ddimmi96​ 띠미 팬카페 ▶https://cafe.naver.com/ddimmi",띠미 ddimmi,2022-06-29,PT31S,864451,15766,105,youtube
띠미_ddimmi_20220628,오감자 자기리코 치즈범벅? 개맛있다 진짜,"안녕하세요! 하고 싶은거 다 ~ 하고있는 엽기+병맛+발랄 예능 크리에이터 띠미입니다! (ᵔᗜᵔ*)♥  ▶업로드 : 화 목 토 or 화 목 토 일 오후 4시 30분 ▶생방송 : 유튜브 , 트위치 동시송출! 트위치에 ""띠미"" 팔로우!   *생방송은 잠시 휴방입니다*                  (※ 생방송 & 영상 공지는 네이버 팬카페를 확인해주세요 ※ )  비즈니스 문의 이메일  ▶ddimmi96@gmail.com 띠미 인스타그램  ▶https://www.instagram.com/ddimmi96​ 띠미 팬카페 ▶https://cafe.naver.com/ddimmi",띠미 ddimmi,2022-06-28,PT46S,393038,13388,112,youtube
띠미_ddimmi_20220627,스낵당근 100배 더 맛있게 먹는법,"안녕하세요! 하고 싶은거 다 ~ 하고있는 엽기+병맛+발랄 예능 크리에이터 띠미입니다! (ᵔᗜᵔ*)♥  ▶업로드 : 화 목 토 or 화 목 토 일 오후 4시 30분 ▶생방송 : 유튜브 , 트위치 동시송출! 트위치에 ""띠미"" 팔로우!   *생방송은 잠시 휴방입니다*                  (※ 생방송 & 영상 공지는 네이버 팬카페를 확인해주세요 ※ )  비즈니스 문의 이메일  ▶ddimmi96@gmail.com 띠미 인스타그램  ▶https://www.instagram.com/ddimmi96​ 띠미 팬카페 ▶https://cafe.naver.com/ddimmi",띠미 ddimmi,2022-06-27,PT38S,1588723,38768,242,youtube
띠미_ddimmi_20220626,요즘 유행하는 중국간식 2탄 쏸라 무뼈닭발 ASMR,"안녕하세요! 하고 싶은거 다 ~ 하고있는 엽기+병맛+발랄 예능 크리에이터 띠미입니다! (ᵔᗜᵔ*)♥  ▶업로드 : 화 목 토 or 화 목 토 일 오후 4시 30분 ▶생방송 : 유튜브 , 트위치 동시송출! 트위치에 ""띠미"" 팔로우!   *생방송은 잠시 휴방입니다*                  (※ 생방송 & 영상 공지는 네이버 팬카페를 확인해주세요 ※ )  비즈니스 문의 이메일  ▶ddimmi96@gmail.com 띠미 인스타그램  ▶https://www.instagram.com/ddimmi96​ 띠미 팬카페 ▶https://cafe.naver.com/ddimmi",띠미 ddimmi,2022-06-26,PT34S,359907,8079,80,youtube
띠미_ddimmi_20220625,물떡을 얼려봤더니 대박!!!!!,"안녕하세요! 하고 싶은거 다 ~ 하고있는 엽기+병맛+발랄 예능 크리에이터 띠미입니다! (ᵔᗜᵔ*)♥  ▶업로드 : 화 목 토 or 화 목 토 일 오후 4시 30분 ▶생방송 : 유튜브 , 트위치 동시송출! 트위치에 ""띠미"" 팔로우!   *생방송은 잠시 휴방입니다*                  (※ 생방송 & 영상 공지는 네이버 팬카페를 확인해주세요 ※ )  비즈니스 문의 이메일  ▶ddimmi96@gmail.com 띠미 인스타그램  ▶https://www.instagram.com/ddimmi96​ 띠미 팬카페 ▶https://cafe.naver.com/ddimmi",띠미 ddimmi,2022-06-25,PT28S,499651,14342,74,youtube
띠미_ddimmi_20220624,불닭 눈을감자 자가리코 치즈범벅 바로 먹어줄게,"안녕하세요! 하고 싶은거 다 ~ 하고있는 엽기+병맛+발랄 예능 크리에이터 띠미입니다! (ᵔᗜᵔ*)♥  ▶업로드 : 화 목 토 or 화 목 토 일 오후 4시 30분 ▶생방송 : 유튜브 , 트위치 동시송출! 트위치에 ""띠미"" 팔로우!   *생방송은 잠시 휴방입니다*                  (※ 생방송 & 영상 공지는 네이버 팬카페를 확인해주세요 ※ )  비즈니스 문의 이메일  ▶ddimmi96@gmail.com 띠미 인스타그램  ▶https://www.instagram.com/ddimmi96​ 띠미 팬카페 ▶https://cafe.naver.com/ddimmi",띠미 ddimmi,2022-06-24,PT41S,179993,5936,60,youtube
띠미_ddimmi_20220623,이모티콘 먹방 ASMR 2탄 (🍳💍🕷💄),"안녕하세요! 하고 싶은거 다 ~ 하고있는 엽기+병맛+발랄 예능 크리에이터 띠미입니다! (ᵔᗜᵔ*)♥  ▶업로드 : 화 목 토 or 화 목 토 일 오후 4시 30분 ▶생방송 : 유튜브 , 트위치 동시송출! 트위치에 ""띠미"" 팔로우!   *생방송은 잠시 휴방입니다*                  (※ 생방송 & 영상 공지는 네이버 팬카페를 확인해주세요 ※ )  비즈니스 문의 이메일  ▶ddimmi96@gmail.com 띠미 인스타그램  ▶https://www.instagram.com/ddimmi96​ 띠미 팬카페 ▶https://cafe.naver.com/ddimmi",띠미 ddimmi,2022-06-23,PT49S,289564,8079,70,youtube
띠미_ddimmi_20220622,마치 살아있는 것 같은 물떡 와다닥으로 고문시키기,"안녕하세요! 하고 싶은거 다 ~ 하고있는 엽기+병맛+발랄 예능 크리에이터 띠미입니다! (ᵔᗜᵔ*)♥  ▶업로드 : 화 목 토 or 화 목 토 일 오후 4시 30분 ▶생방송 : 유튜브 , 트위치 동시송출! 트위치에 ""띠미"" 팔로우!   *생방송은 잠시 휴방입니다*                  (※ 생방송 & 영상 공지는 네이버 팬카페를 확인해주세요 ※ )  비즈니스 문의 이메일  ▶ddimmi96@gmail.com 띠미 인스타그램  ▶https://www.instagram.com/ddimmi96​ 띠미 팬카페 ▶https://cafe.naver.com/ddimmi",띠미 ddimmi,2022-06-22,PT30S,335603,9880,74,youtube
띠미_ddimmi_20220621,아누누 따라서 나도 틱톡젤리로 찰랑젤리 만들다가..,"안녕하세요! 하고 싶은거 다 ~ 하고있는 엽기+병맛+발랄 예능 크리에이터 띠미입니다! (ᵔᗜᵔ*)♥  ▶업로드 : 화 목 토 or 화 목 토 일 오후 4시 30분 ▶생방송 : 유튜브 , 트위치 동시송출! 트위치에 ""띠미"" 팔로우!   *생방송은 잠시 휴방입니다*                  (※ 생방송 & 영상 공지는 네이버 팬카페를 확인해주세요 ※ )  비즈니스 문의 이메일  ▶ddimmi96@gmail.com 띠미 인스타그램  ▶https://www.instagram.com/ddimmi96​ 띠미 팬카페 ▶https://cafe.naver.com/ddimmi",띠미 ddimmi,2022-06-21,PT37S,421913,11061,100,youtube
띠미_ddimmi_20220620,마치 살아있는것 같은 물떡 먹방ㅋㅋㅋㅋㅋ,"안녕하세요! 하고 싶은거 다 ~ 하고있는 엽기+병맛+발랄 예능 크리에이터 띠미입니다! (ᵔᗜᵔ*)♥  ▶업로드 : 화 목 토 or 화 목 토 일 오후 4시 30분 ▶생방송 : 유튜브 , 트위치 동시송출! 트위치에 ""띠미"" 팔로우!   *생방송은 잠시 휴방입니다*                  (※ 생방송 & 영상 공지는 네이버 팬카페를 확인해주세요 ※ )  비즈니스 문의 이메일  ▶ddimmi96@gmail.com 띠미 인스타그램  ▶https://www.instagram.com/ddimmi96​ 띠미 팬카페 ▶https://cafe.naver.com/ddimmi",띠미 ddimmi,2022-06-20,PT31S,1805602,42478,202,youtube
띠미_ddimmi_20220618,빨간색 이모티콘 먹방 ASMR,"안녕하세요! 하고 싶은거 다 ~ 하고있는 엽기+병맛+발랄 예능 크리에이터 띠미입니다! (ᵔᗜᵔ*)♥  ▶업로드 : 화 목 토 or 화 목 토 일 오후 4시 30분 ▶생방송 : 유튜브 , 트위치 동시송출! 트위치에 ""띠미"" 팔로우!   *생방송은 잠시 휴방입니다*                  (※ 생방송 & 영상 공지는 네이버 팬카페를 확인해주세요 ※ )  비즈니스 문의 이메일  ▶ddimmi96@gmail.com 띠미 인스타그램  ▶https://www.instagram.com/ddimmi96​ 띠미 팬카페 ▶https://cafe.naver.com/ddimmi",띠미 ddimmi,2022-06-18,PT40S,652454,21331,166,youtube
띠미_ddimmi_20220617,요즘 유행하는 🍯허니버터칩🍯으로 자가리코 치즈범벅 만들기! 바로 먹어줄게.,"안녕하세요! 하고 싶은거 다 ~ 하고있는 엽기+병맛+발랄 예능 크리에이터 띠미입니다! (ᵔᗜᵔ*)♥  ▶업로드 : 화 목 토 or 화 목 토 일 오후 4시 30분 ▶생방송 : 유튜브 , 트위치 동시송출! 트위치에 ""띠미"" 팔로우!   *생방송은 잠시 휴방입니다*                  (※ 생방송 & 영상 공지는 네이버 팬카페를 확인해주세요 ※ )  비즈니스 문의 이메일  ▶ddimmi96@gmail.com 띠미 인스타그램  ▶https://www.instagram.com/ddimmi96​ 띠미 팬카페 ▶https://cafe.naver.com/ddimmi",띠미 ddimmi,2022-06-17,PT32S,514658,16579,141,youtube
띠미_ddimmi_20220616,초미니 곰젤리 VS 초대왕 곰젤리 극과극 대결 ASMR,"안녕하세요! 하고 싶은거 다 ~ 하고있는 엽기+병맛+발랄 예능 크리에이터 띠미입니다! (ᵔᗜᵔ*)♥  ▶업로드 : 화 목 토 or 화 목 토 일 오후 4시 30분 ▶생방송 : 유튜브 , 트위치 동시송출! 트위치에 ""띠미"" 팔로우!   *생방송은 잠시 휴방입니다*                  (※ 생방송 & 영상 공지는 네이버 팬카페를 확인해주세요 ※ )  비즈니스 문의 이메일  ▶ddimmi96@gmail.com 띠미 인스타그램  ▶https://www.instagram.com/ddimmi96​ 띠미 팬카페 ▶https://cafe.naver.com/ddimmi",띠미 ddimmi,2022-06-16,PT48S,359593,11093,135,youtube
띠미_ddimmi_20220615,요즘 유행하는 자가리코 치즈범벅 바로 먹어줄게.,"안녕하세요! 하고 싶은거 다 ~ 하고있는 엽기+병맛+발랄 예능 크리에이터 띠미입니다! (ᵔᗜᵔ*)♥  ▶업로드 : 화 목 토 or 화 목 토 일 오후 4시 30분 ▶생방송 : 유튜브 , 트위치 동시송출! 트위치에 ""띠미"" 팔로우!   *생방송은 잠시 휴방입니다*                  (※ 생방송 & 영상 공지는 네이버 팬카페를 확인해주세요 ※ )  비즈니스 문의 이메일  ▶ddimmi96@gmail.com 띠미 인스타그램  ▶https://www.instagram.com/ddimmi96​ 띠미 팬카페 ▶https://cafe.naver.com/ddimmi",띠미 ddimmi,2022-06-15,PT42S,597422,19419,193,youtube
띠미_ddimmi_20220614,하도 눈화장으로 욕 먹어서 눈화장 싹 바꿨다.,"안녕하세요! 하고 싶은거 다 ~ 하고있는 엽기+병맛+발랄 예능 크리에이터 띠미입니다! (ᵔᗜᵔ*)♥  ▶업로드 : 화 목 토 or 화 목 토 일 오후 4시 30분 ▶생방송 : 유튜브 , 트위치 동시송출! 트위치에 ""띠미"" 팔로우!   *생방송은 잠시 휴방입니다*                  (※ 생방송 & 영상 공지는 네이버 팬카페를 확인해주세요 ※ )  비즈니스 문의 이메일  ▶ddimmi96@gmail.com 띠미 인스타그램  ▶https://www.instagram.com/ddimmi96​ 띠미 팬카페 ▶https://cafe.naver.com/ddimmi",띠미 ddimmi,2022-06-14,PT58S,2655958,58269,1017,youtube
띠미_ddimmi_20220613,와.. 진짜 콧물 같네? 찐득 찐득 콧물젤리 먹방 ASMR,"안녕하세요! 하고 싶은거 다 ~ 하고있는 엽기+병맛+발랄 예능 크리에이터 띠미입니다! (ᵔᗜᵔ*)♥  ▶업로드 : 화 목 일 or 화 목 토 일 오후 4시 30분 ▶생방송 : 유튜브 , 트위치 동시송출! 트위치에 ""띠미"" 팔로우!                      매주 수 토 오후 6시 30분 (※ 생방송 & 영상 공지는 네이버 팬카페를 확인해주세요 ※ )  비즈니스 문의 이메일  ▶ddimmi96@gmail.com 띠미 인스타그램  ▶https://www.instagram.com/ddimmi96​ 띠미 팬카페 ▶https://cafe.naver.com/ddimmi",띠미 ddimmi,2022-06-13,PT27S,724300,15907,175,youtube
띠미_ddimmi_20220612,요즘 유행하는 스낵 당근 먹방.. 근데 뭔가 이상하다...,"안녕하세요! 하고 싶은거 다 ~ 하고있는 엽기+병맛+발랄 예능 크리에이터 띠미입니다! (ᵔᗜᵔ*)♥  ▶업로드 : 화 목 일 or 화 목 토 일 오후 4시 30분 ▶생방송 : 유튜브 , 트위치 동시송출! 트위치에 ""띠미"" 팔로우!                      매주 수 토 오후 6시 30분 (※ 생방송 & 영상 공지는 네이버 팬카페를 확인해주세요 ※ )  비즈니스 문의 이메일  ▶ddimmi96@gmail.com 띠미 인스타그램  ▶https://www.instagram.com/ddimmi96​ 띠미 팬카페 ▶https://cafe.naver.com/ddimmi",띠미 ddimmi,2022-06-12,PT30S,632994,15309,193,youtube
띠미_ddimmi_20220611,엽기떡볶이에 치즈 1KG 추가하면 생기는 일,"안녕하세요! 하고 싶은거 다 ~ 하고있는 엽기+병맛+발랄 예능 크리에이터 띠미입니다! (ᵔᗜᵔ*)♥  ▶업로드 : 화 목 일 or 화 목 토 일 오후 4시 30분 ▶생방송 : 유튜브 , 트위치 동시송출! 트위치에 ""띠미"" 팔로우!                      매주 수 토 오후 6시 30분 (※ 생방송 & 영상 공지는 네이버 팬카페를 확인해주세요 ※ )  비즈니스 문의 이메일  ▶ddimmi96@gmail.com 띠미 인스타그램  ▶https://www.instagram.com/ddimmi96​ 띠미 팬카페 ▶https://cafe.naver.com/ddimmi",띠미 ddimmi,2022-06-11,PT50S,545672,16546,234,youtube
띠미_ddimmi_20220610,이모티콘 먹방 ASMRㅋㅋㅋㅋ,"안녕하세요! 하고 싶은거 다 ~ 하고있는 엽기+병맛+발랄 예능 크리에이터 띠미입니다! (ᵔᗜᵔ*)♥  ▶업로드 : 화 목 일 or 화 목 토 일 오후 4시 30분 ▶생방송 : 유튜브 , 트위치 동시송출! 트위치에 ""띠미"" 팔로우!                      매주 수 토 오후 6시 30분 (※ 생방송 & 영상 공지는 네이버 팬카페를 확인해주세요 ※ )  비즈니스 문의 이메일  ▶ddimmi96@gmail.com 띠미 인스타그램  ▶https://www.instagram.com/ddimmi96​ 띠미 팬카페 ▶https://cafe.naver.com/ddimmi",띠미 ddimmi,2022-06-10,PT41S,669063,17950,296,youtube
띠미_ddimmi_20220609,헐 개예쁘다 🌈알록달록 무지개 꿀젤리 먹방 ASMR,"안녕하세요! 하고 싶은거 다 ~ 하고있는 엽기+병맛+발랄 예능 크리에이터 띠미입니다! (ᵔᗜᵔ*)♥  ▶업로드 : 화 목 일 or 화 목 토 일 오후 4시 30분 ▶생방송 : 유튜브 , 트위치 동시송출! 트위치에 ""띠미"" 팔로우!                      매주 수 토 오후 6시 30분 (※ 생방송 & 영상 공지는 네이버 팬카페를 확인해주세요 ※ )  비즈니스 문의 이메일  ▶ddimmi96@gmail.com 띠미 인스타그램  ▶https://www.instagram.com/ddimmi96​ 띠미 팬카페 ▶https://cafe.naver.com/ddimmi",띠미 ddimmi,2022-06-09,PT34S,2063819,40299,688,youtube
띠미_ddimmi_20220608,나보다 꿀젤리 잘 먹는 사람 없을껄? 꿀젤리 ASMR,"안녕하세요! 하고 싶은거 다 ~ 하고있는 엽기+병맛+발랄 예능 크리에이터 띠미입니다! (ᵔᗜᵔ*)♥  ▶업로드 : 화 목 일 or 화 목 토 일 오후 4시 30분 ▶생방송 : 유튜브 , 트위치 동시송출! 트위치에 ""띠미"" 팔로우!   (※ 생방송 & 영상 공지는 네이버 팬카페를 확인해주세요 ※ )  비즈니스 문의 이메일  ▶ddimmi96@gmail.com 띠미 인스타그램  ▶https://www.instagram.com/ddimmi96​ 띠미 팬카페 ▶https://cafe.naver.com/ddimmi",띠미 ddimmi,2022-06-08,PT19S,7540928,104698,2788,youtube
띠미_ddimmi_20220607,아이돌 메이크업샵가서 아이브 장원영 메이크업을 받았더니 진짜 장원형이 됐다.. #shorts,"안녕하세요! 하고 싶은거 다 ~ 하고있는 엽기+병맛+발랄 예능 크리에이터 띠미입니다! (ᵔᗜᵔ*)♥  ▶업로드 : 화 목 일 or 화 목 토 일 오후 4시 30분 ▶생방송 : 유튜브 , 트위치 동시송출! 트위치에 ""띠미"" 팔로우!                      매주 수 토 오후 6시 30분 (※ 생방송 & 영상 공지는 네이버 팬카페를 확인해주세요 ※ )  비즈니스 문의 이메일  ▶ddimmi96@gmail.com 띠미 인스타그램  ▶https://www.instagram.com/ddimmi96​ 띠미 팬카페 ▶https://cafe.naver.com/ddimmi",띠미 ddimmi,2022-06-07,PT47S,1373764,37677,628,youtube
띠미_ddimmi_20220530,신기한 중국 마라 간식 2탄 먹방 ASMR 쫀득 쫀득 라티아오를 먹어보자 #shorts,"안녕하세요! 하고 싶은거 다 ~ 하고있는 엽기+병맛+발랄 예능 크리에이터 띠미입니다! (ᵔᗜᵔ*)♥  ▶업로드 : 화 목 일 or 화 목 토 일 오후 4시 30분 ▶생방송 : 유튜브 , 트위치 동시송출! 트위치에 ""띠미"" 팔로우!                      매주 수 토 오후 6시 30분 (※ 생방송 & 영상 공지는 네이버 팬카페를 확인해주세요 ※ )  비즈니스 문의 이메일  ▶ddimmi96@gmail.com 띠미 인스타그램  ▶https://www.instagram.com/ddimmi96​ 띠미 팬카페 ▶https://cafe.naver.com/ddimmi",띠미 ddimmi,2022-05-30,PT48S,692896,15443,158,youtube
띠미_ddimmi_20220529,요즘 유행중인 중국 마라간식 전메뉴 먹방 ASMRㅋㅋㅋ #shorts,"안녕하세요! 하고 싶은거 다 ~ 하고있는 엽기+병맛+발랄 예능 크리에이터 띠미입니다! (ᵔᗜᵔ*)♥  ▶업로드 : 화 목 일 or 화 목 토 일 오후 4시 30분 ▶생방송 : 유튜브 , 트위치 동시송출! 트위치에 ""띠미"" 팔로우!                      매주 수 토 오후 6시 30분 (※ 생방송 & 영상 공지는 네이버 팬카페를 확인해주세요 ※ )  비즈니스 문의 이메일  ▶ddimmi96@gmail.com 띠미 인스타그램  ▶https://www.instagram.com/ddimmi96​ 띠미 팬카페 ▶https://cafe.naver.com/ddimmi",띠미 ddimmi,2022-05-29,PT55S,401339,10670,106,youtube
띠미_ddimmi_20220524,제품협찬)이번엔 별모양 렌즈를 껴봤다🤩 #shorts,"안녕하세요! 하고 싶은거 다 ~ 하고있는 엽기+병맛+발랄 예능 크리에이터 띠미입니다! (ᵔᗜᵔ*)♥  ▶업로드 : 화 목 일 or 화 목 토 일 오후 4시 30분 ▶생방송 : 유튜브 , 트위치 동시송출! 트위치에 ""띠미"" 팔로우!                      매주 수 토 오후 6시 30분 (※ 생방송 & 영상 공지는 네이버 팬카페를 확인해주세요 ※ )  비즈니스 문의 이메일  ▶ddimmi96@gmail.com 띠미 인스타그램  ▶https://www.instagram.com/ddimmi96​ 띠미 팬카페 ▶https://cafe.naver.com/ddimmi",띠미 ddimmi,2022-05-24,PT36S,328532,7352,67,youtube
띠미_ddimmi_20220523,아이브 장원영 메이크업 했는데 진짜 장원영이랑 똑같아졌다 #shorts,"안녕하세요! 하고 싶은거 다 ~ 하고있는 엽기+병맛+발랄 예능 크리에이터 띠미입니다! (ᵔᗜᵔ*)♥  ▶업로드 : 화 목 일 or 화 목 토 일 오후 4시 30분 ▶생방송 : 유튜브 , 트위치 동시송출! 트위치에 ""띠미"" 팔로우!                      매주 수 토 오후 6시 30분 (※ 생방송 & 영상 공지는 네이버 팬카페를 확인해주세요 ※ )  비즈니스 문의 이메일  ▶ddimmi96@gmail.com 띠미 인스타그램  ▶https://www.instagram.com/ddimmi96​ 띠미 팬카페 ▶https://cafe.naver.com/ddimmi",띠미 ddimmi,2022-05-23,PT27S,1577914,43366,305,youtube
띠미_ddimmi_20220519,제품협찬)이번엔 하트모양 렌즈를 껴봤더니 눈이😍?!ㅋㅋㅋㅋㅋㅋ#shorts,"안녕하세요! 하고 싶은거 다 ~ 하고있는 엽기+병맛+발랄 예능 크리에이터 띠미입니다! (ᵔᗜᵔ*)♥  ▶업로드 : 화 목 일 or 화 목 토 일 오후 4시 30분 ▶생방송 : 유튜브 , 트위치 동시송출! 트위치에 ""띠미"" 팔로우!                      매주 수 토 오후 6시 30분 (※ 생방송 & 영상 공지는 네이버 팬카페를 확인해주세요 ※ )  비즈니스 문의 이메일  ▶ddimmi96@gmail.com 띠미 인스타그램  ▶https://www.instagram.com/ddimmi96​ 띠미 팬카페 ▶https://cafe.naver.com/ddimmi",띠미 ddimmi,2022-05-19,PT27S,924598,21197,142,youtube
띠미_ddimmi_20220518,제품협찬)네모모양 렌즈를 드디어 껴봤는데 내 눈 어떡해ㅋㅋㅋㅋㅋ#shorts,"안녕하세요! 하고 싶은거 다 ~ 하고있는 엽기+병맛+발랄 예능 크리에이터 띠미입니다! (ᵔᗜᵔ*)♥  ▶업로드 : 화 목 일 or 화 목 토 일 오후 4시 30분 ▶생방송 : 유튜브 , 트위치 동시송출! 트위치에 ""띠미"" 팔로우!                      매주 수 토 오후 6시 30분 (※ 생방송 & 영상 공지는 네이버 팬카페를 확인해주세요 ※ )  비즈니스 문의 이메일  ▶ddimmi96@gmail.com 띠미 인스타그램  ▶https://www.instagram.com/ddimmi96​ 띠미 팬카페 ▶https://cafe.naver.com/ddimmi",띠미 ddimmi,2022-05-18,PT28S,398345,9954,127,youtube
띠미_ddimmi_20220506,🐯호랑수월가 가수 탑현 + 띠미 듀엣🐯,"안녕하세요! 하고 싶은거 다 ~ 하고있는 엽기+병맛+발랄 예능 크리에이터 띠미입니다! (ᵔᗜᵔ*)♥  ▶업로드 : 화 목 일 or 화 목 토 일 오후 4시  ▶생방송 : 트위치에 ""띠미"" 팔로우!  매주 수 토 일 오후 6시 (※ 생방송 & 영상 공지는 네이버 팬카페를 확인해주세요 ※ )  비즈니스 문의 이메일  ▶ddimmi96@gmail.com 띠미 인스타그램  ▶https://www.instagram.com/ddimmi96​ 띠미 팬카페 ▶https://cafe.naver.com/ddimmi",띠미 ddimmi,2022-05-06,PT2M2S,58980,1392,127,youtube
띠미_ddimmi_20220422,100% 실제상황 입니다. 저희집에 누가 자꾸 찾아옵니다..,"안녕하세요! 하고 싶은거 다 ~ 하고있는 엽기+병맛+발랄 예능 크리에이터 띠미입니다! (ᵔᗜᵔ*)♥  ▶업로드 : 화 목 일 or 화 목 토 일 오후 4시  ▶생방송 : 트위치에 ""띠미"" 팔로우!  매주 수 토 일 오후 6시 (※ 생방송 & 영상 공지는 네이버 팬카페를 확인해주세요 ※ )  비즈니스 문의 이메일  ▶ddimmi96@gmail.com 띠미 인스타그램  ▶https://www.instagram.com/ddimmi96​ 띠미 팬카페 ▶https://cafe.naver.com/ddimmi",띠미 ddimmi,2022-04-22,PT2M37S,163657,3254,289,youtube
띠미_ddimmi_20220220,🔥요즘 핫한 노래🔥호랑수월가 - 탑현 cover by 띠미,"●협찬: 비밀의 정원 스튜디오●  안녕하세요! 하고 싶은거 다 ~ 하고있는 엽기+병맛+발랄 예능 크리에이터 띠미입니다! (ᵔᗜᵔ*)♥  ▶업로드 : 화 목 일 or 화 목 토 일 오후 4시  ▶생방송 : 트위치에 ""띠미"" 팔로우!  매주 수 토 일 오후 6시 (※ 생방송 & 영상 공지는 네이버 팬카페를 확인해주세요 ※ )  비즈니스 문의 이메일  ▶ddimmi96@gmail.com 띠미 인스타그램  ▶https://www.instagram.com/ddimmi96​ 띠미 팬카페 ▶https://cafe.naver.com/ddimmi",띠미 ddimmi,2022-02-20,PT1M43S,97968,2572,293,youtube
띠미_ddimmi_20220206,떡기계에 지구젤리를 잔뜩 넣고 돌리면 어떻게 될까!? #shorts,"안녕하세요! 하고 싶은거 다 ~ 하고있는 엽기+병맛+발랄 예능 크리에이터 띠미입니다! (ᵔᗜᵔ*)♥  ▶업로드 : 화 목 일 or 화 수 목 일 오후 4시  ▶생방송 : 트위치에 ""띠미"" 팔로우!  매주 화 수 토 일 오후 6시 (※ 사정에 의해 하루가 밀리거나 고정 업로드날에 업로드 안될 수 있는 점 양해 부탁드립니다.)  띠미 인스타그램  ▶https://www.instagram.com/ddimmi96​ 비즈니스 문의 이메일  ▶ddimmi96@gmail.com (※ 사정에 의해 하루가 밀리거나 고정 업로드날에 업로드 안될 수 있는 점 양해 부탁드립니다.)  띠미 인스타그램  ▶https://www.instagram.com/ddimmi96​ 비즈니스 문의 이메일  ▶ddimmi96@gmail.com",띠미 ddimmi,2022-02-06,PT54S,331268,8245,53,youtube
띠미_ddimmi_20220106,은우 앞에서 에스파 춤 추다가....#DreamsComeTrue #youtubeshorts #드컴챌,#DreamsComeTrue #YouTubeShorts #드컴챌,띠미 ddimmi,2022-01-06,PT15S,903548,18799,368,youtube
띠미_ddimmi_20211217,이제 이런 세상이 오네요.. 대박..,#유료광고포함 #gs25 #shorts  안녕하세요! 하고 싶은거 다 ~ 하고있는 엽기+병맛+발랄 예능 크리에이터 띠미입니다! (ᵔᗜᵔ*)♥  ▶업로드 : 화 목 일 or 월 화 목 일 오후 4시40분 ~ 5시  ▶유튜브 생방송 : 매주 토요일 6시 ~ 6시 30분 (※ 사정에 의해 하루가 밀리거나 고정 업로드날에 업로드 안될 수 있는 점 양해 부탁드립니다.)  띠미 인스타그램  ▶https://www.instagram.com/ddimmi96​ 비즈니스 문의 이메일  ▶ddimmi96@gmail.com,띠미 ddimmi,2021-12-17,PT1M,125311,3111,41,youtube
띠미_ddimmi_20211021,알록달록 쫀득쫀득 하리보 곰젤리 케이크 만드는 법 #shorts,안녕하세요! 하고 싶은거 다 ~ 하고있는 엽기+병맛+발랄 예능 크리에이터 띠미입니다! (ᵔᗜᵔ*)♥  ▶업로드 : 화 목 일 or 월 화 목 일 오후 4시40분 ~ 5시  ▶유튜브 생방송 : 매주 토요일 6시 ~ 6시 30분 (※ 사정에 의해 하루가 밀리거나 고정 업로드날에 업로드 안될 수 있는 점 양해 부탁드립니다.)  띠미 인스타그램  ▶https://www.instagram.com/ddimmi96​ 비즈니스 문의 이메일  ▶ddimmi96@gmail.com,띠미 ddimmi,2021-10-21,PT59S,451345,13677,127,youtube
띠미_ddimmi_20210914,내 얼굴보다 큰 초대왕 떡볶이 만드는 방법  #shorts,안녕하세요! 하고 싶은거 다 ~ 하고있는 엽기+병맛+발랄 예능 크리에이터 띠미입니다! (ᵔᗜᵔ*)♥  ▶업로드 : 화 목 일 or 월 화 목 일 오후 4시40분 ~ 5시  ▶유튜브 생방송 : 매주 토요일 6시 ~ 6시 30분 (※ 사정에 의해 하루가 밀리거나 고정 업로드날에 업로드 안될 수 있는 점 양해 부탁드립니다.)  띠미 인스타그램  ▶https://www.instagram.com/ddimmi96​ 비즈니스 문의 이메일  ▶ddimmi96@gmail.com,띠미 ddimmi,2021-09-14,PT46S,1357034,33409,335,youtube
띠미_ddimmi_20210803,나이대별 다른 올림픽 응원 유형 Best 3 부모님 진짜 공감ㅋㅋㅋㅋㅋ#shorts,#shorts #유료광고포함 #유료광고 #TeamVisa #Visa #제페토 제페토 다운로드 하기 👉🏻https://zepeto.onelink.me/pmCQ/1c23ac0b 안녕하세요! 하고 싶은거 다 ~ 하고있는 엽기+병맛+발랄 예능 크리에이터 띠미입니다! (ᵔᗜᵔ*)♥  ▶업로드 : 화 목 일 or 월 화 목 일 오후 4시40분 ~ 5시  ▶유튜브 생방송 : 매주 토요일 6시 ~ 6시 30분 (※ 사정에 의해 하루가 밀리거나 고정 업로드날에 업로드 안될 수 있는 점 양해 부탁드립니다.)  띠미 인스타그램  ▶https://www.instagram.com/ddimmi96​ 비즈니스 문의 이메일  ▶ddimmi96@gmail.com,띠미 ddimmi,2021-08-03,PT59S,249187,7552,106,youtube
띠미_ddimmi_20210731,게임에서 띠미 안티팬으로 위장하고 띠미 안티팬으로 돌아다녔더니 생긴일 #shorts,#무료제공 #제페토X잔망루피 제페토 다운로드 하기 👉🏻https://zepeto.onelink.me/pmCQ/1c23ac0b   안녕하세요! 하고 싶은거 다 ~ 하고있는 엽기+병맛+발랄 예능 크리에이터 띠미입니다! (ᵔᗜᵔ*)♥  ▶업로드 : 화 목 일 or 월 화 목 일 오후 4시40분 ~ 5시  ▶유튜브 생방송 : 매주 토요일 6시 ~ 6시 30분 (※ 사정에 의해 하루가 밀리거나 고정 업로드날에 업로드 안될 수 있는 점 양해 부탁드립니다.)  띠미 인스타그램  ▶https://www.instagram.com/ddimmi96​ 비즈니스 문의 이메일  ▶ddimmi96@gmail.com,띠미 ddimmi,2021-07-31,PT55S,900328,38420,484,youtube
띠미_ddimmi_20210727,틱톡에서 유행중인 얼음담배 도전해보기 #shorts,안녕하세요! 하고 싶은거 다 ~ 하고있는 엽기+병맛+발랄 예능 크리에이터 띠미입니다! (ᵔᗜᵔ*)♥  ▶업로드 : 화 목 일 or 월 화 목 일 오후 4시40분 ~ 5시  ▶유튜브 생방송 : 매주 토요일 6시 ~ 6시 30분 (※ 사정에 의해 하루가 밀리거나 고정 업로드날에 업로드 안될 수 있는 점 양해 부탁드립니다.)  띠미 인스타그램  ▶https://www.instagram.com/ddimmi96​ 비즈니스 문의 이메일  ▶ddimmi96@gmail.com,띠미 ddimmi,2021-07-27,PT35S,369242,7931,304,youtube
띠미_ddimmi_20210723,선 넘은 화제의 민트초코 소주를 마셔봤는데 #shorts,안녕하세요! 하고 싶은거 다 ~ 하고있는 엽기+병맛+발랄 예능 크리에이터 띠미입니다! (ᵔᗜᵔ*)♥  ▶업로드 : 화 목 일 or 월 화 목 일 오후 4시40분 ~ 5시  ▶유튜브 생방송 : 매주 토요일 6시 ~ 6시 30분 (※ 사정에 의해 하루가 밀리거나 고정 업로드날에 업로드 안될 수 있는 점 양해 부탁드립니다.)  띠미 인스타그램  ▶https://www.instagram.com/ddimmi96​ 비즈니스 문의 이메일  ▶ddimmi96@gmail.com,띠미 ddimmi,2021-07-23,PT49S,243112,6913,157,youtube
띠미_ddimmi_20210714,팝잇 먹방ㅋㅋㅋㅋ #shorts,안녕하세요! 하고 싶은거 다 ~ 하고있는 엽기+병맛+발랄 예능 크리에이터 띠미입니다! (ᵔᗜᵔ*)♥  ▶업로드 : 화 목 일 or 월 화 목 일 오후 4시40분 ~ 5시  ▶유튜브 생방송 : 매주 토요일 6시 ~ 6시 30분 (※ 사정에 의해 하루가 밀리거나 고정 업로드날에 업로드 안될 수 있는 점 양해 부탁드립니다.)  띠미 인스타그램  ▶https://www.instagram.com/ddimmi96​ 비즈니스 문의 이메일  ▶ddimmi96@gmail.com,띠미 ddimmi,2021-07-14,PT55S,804324,21397,556,youtube
띠미_ddimmi_20210619,🌟안예은 X 띠미 - 문어의꿈🐙 듀엣 최초공개🌟,안녕하세요! 하고 싶은거 다 ~ 하고있는 엽기+병맛+발랄 예능 크리에이터 띠미입니다! (ᵔᗜᵔ*)♥  ▶업로드 : 화 목 일 or 월 화 목 일 오후 4시40분 ~ 5시  ▶유튜브 생방송 : 매주 토요일 6시 ~ 6시 30분 (※ 사정에 의해 하루가 밀리거나 고정 업로드날에 업로드 안될 수 있는 점 양해 부탁드립니다.)  띠미 인스타그램  ▶https://www.instagram.com/ddimmi96​ 비즈니스 문의 이메일  ▶ddimmi96@gmail.com,띠미 ddimmi,2021-06-19,PT2M6S,872114,14725,1022,youtube
띠미_ddimmi_20210116,내가 제일 좋아하는 곡! 🐙문어의 꿈🐙안예은 노래 커버해봄 [띠미],"[구독] [좋아요] [댓글]은 저에게 큰 힘이 됩니다 ^-^♥ 인스타그램:ddimmi96 비즈니스 문의 이메일 : ddimmi96@gmail.com",띠미 ddimmi,2021-01-16,PT2M27S,677033,15324,3290,youtube
띠미_ddimmi_20200521,웃음기 싹 빼고 아이유 분장 한 뒤 아이유 - 에잇 노래 커버 (IU - Eight Cover by 띠미),"[구독] [좋아요] [댓글]은 저에게 큰 힘이 됩니다 ^-^♥ 인스타그램:ddimmi96 비즈니스 문의 이메일 : ddimmi96@gmail.com",띠미 ddimmi,2020-05-21,PT1M41S,160599,5133,1089,youtube
띠미_ddimmi_20200408,(저작권 수익 포기영상) 트로트 신인가수(?) 띠미 무대영상 봉선화연정 [띠미],"[구독] [좋아요] [댓글]은 저에게 큰 힘이 됩니다 ^-^♥ 인스타그램:ddimmi96 비즈니스 문의 이메일 : ddimmi96@gmail.com",띠미 ddimmi,2020-04-08,PT1M17S,63616,1853,298,youtube
띠미_ddimmi_20181119,역대급 방송사고?! 생방송중 집에 남자친구가 있는걸 시청자에게 걸렸다... [띠미],[구독] [좋아요] [댓글]은 저에게 큰 힘이 됩니다 ^-^♥ 인스타그램:ddimmi96 팬 이메일: ddimmi96@gmail.com 비즈니스 문의 이메일 : contact@sandboxnetwork.net ▶ 선물 주소가 또 또 바뀌었어요!!!!!! 서울 강남구 테헤란로 507 4층 (WeWork 빌딩)(우편번호:06168) 받는 사람 명 - 띠미  ※ 선물은 강요가 아니에요! 꼭 보내고싶으신분들만 보내시면 됩니다! 헤헤 그럼 감사히 잘 받겠습니당 ♡꒰( ˵¯͒ꇴ¯͒˵ )꒱,띠미 ddimmi,2018-11-19,PT3M19S,542252,7556,1407,youtube
띠미_ddimmi_20181024,끝까지 시청할 자신 있는 사람만.. [띠미],[구독] [좋아요] [댓글]은 저에게 큰 힘이 됩니다 ^-^♥ 인스타그램:ddimmi96 팬 이메일: ddimmi96@gmail.com 비즈니스 문의 이메일 : contact@sandboxnetwork.net ▶ 선물 주소가 또 또 바뀌었어요!!!!!! 서울 강남구 테헤란로 507 4층 (WeWork 빌딩)(우편번호:06168) 받는 사람 명 - 띠미  ※ 선물은 강요가 아니에요! 꼭 보내고싶으신분들만 보내시면 됩니다! 헤헤 그럼 감사히 잘 받겠습니당 ♡꒰( ˵¯͒ꇴ¯͒˵ )꒱,띠미 ddimmi,2018-10-24,PT3M13S,57746,1637,239,youtube
띠미_ddimmi_20181022,조회수 20만나오면 고백하러가겠습니다..[띠미],[구독] [좋아요] [댓글]은 저에게 큰 힘이 됩니다 ^-^♥ 인스타그램:ddimmi96 팬 이메일: ddimmi96@gmail.com 비즈니스 문의 이메일 : contact@sandboxnetwork.net ▶ 선물 주소가 또 또 바뀌었어요!!!!!! 서울 강남구 테헤란로 507 4층 (WeWork 빌딩)(우편번호:06168) 받는 사람 명 - 띠미  ※ 선물은 강요가 아니에요! 꼭 보내고싶으신분들만 보내시면 됩니다! 헤헤 그럼 감사히 잘 받겠습니당 ♡꒰( ˵¯͒ꇴ¯͒˵ )꒱,띠미 ddimmi,2018-10-22,PT3M13S,141769,4321,567,youtube
띠미_ddimmi_20180815,※초대박 인싸템※ 여러분 이것이 요즘 우산이랍니다..!초신박템 연꽃잎 우산☔️ [띠미],[구독] [좋아요] [댓글]은 저에게 큰 힘이 됩니다 ^-^♥ 인스타그램:ddimmi96 팬 이메일: ddimmi96@gmail.com 비즈니스 문의 이메일 : contact@sandboxnetwork.net ▶ 선물 주소가 또 또 바뀌었어요!!!!!! 서울 강남구 테헤란로 507 4층 (WeWork 빌딩)(우편번호:06168) 받는 사람 명 - 띠미  ※ 선물은 강요가 아니에요! 꼭 보내고싶으신분들만 보내시면 됩니다! 헤헤 그럼 감사히 잘 받겠습니당 ♡꒰( ˵¯͒ꇴ¯͒˵ )꒱,띠미 ddimmi,2018-08-15,PT3M6S,151884,2896,806,youtube
띠미_ddimmi_20180730,칼없이 수박 자른다고?!! 개그우먼 김숙의 치실로 수박자르는 법을 그대로 따라해봤습니다ㅋㅋㅋ[띠미],[구독] [좋아요] [댓글]은 저에게 큰 힘이 됩니다 ^-^♥ 인스타그램:ddimmi96 팬 이메일: ddimmi96@gmail.com 비즈니스 문의 이메일 : contact@sandboxnetwork.net ▶ 선물 주소가 또 또 바뀌었어요!!!!!! 서울 강남구 테헤란로 507 4층 (WeWork 빌딩)(우편번호:06168) 받는 사람 명 - 띠미  ※ 선물은 강요가 아니에요! 꼭 보내고싶으신분들만 보내시면 됩니다! 헤헤 그럼 감사히 잘 받겠습니당 ♡꒰( ˵¯͒ꇴ¯͒˵ )꒱,띠미 ddimmi,2018-07-30,PT3M12S,259279,3110,464,youtube
띠미_ddimmi_20180618,아이스버킷챌린지 2018 (Ice Bucket Challenge) [띠미],[구독] [좋아요] [댓글]은 저에게 큰 힘이 됩니다 ^-^♥ 인스타그램:ddimmi96 팬 이메일: ddimmi96@gmail.com 비즈니스 문의 이메일 : contact@sandboxnetwork.net  ▶ 샌드박스가 이사를 하게 되서 선물주소가 또!! 바뀌었어요! 서울 강남구 삼성로 554 예성빌딩 1층 샌드박스 네트워크 (우편번호: 06165) 받는 사람 명 - 띠미  ※ 선물은 강요가 아니에요! 꼭 보내고싶으신분들만 보내시면 됩니다! 헤헤 그럼 감사히 잘 받겠습니당 ♡꒰( ˵¯͒ꇴ¯͒˵ )꒱,띠미 ddimmi,2018-06-18,PT1M18S,172606,4921,559,youtube
띠미_ddimmi_20180606,띠미 가수 되다..? 재넌X작비 '봄이오든말든' Cover by 띠미 MV,커버하고 당첨 되면 컴퓨터 준다해서 절대 한거 맞음❗️ㅎㅅㅎ!!헠헠!! 👉🏻멜론에 ‘봄이 오든 말든’ 검색 ㄱㄱ!! 노래: 띠미 믹싱: 큐티가희 https://www.youtube.com/channel/UCS1gfbR0XwdBq84swTnkJkA 원본: 재넌x작비 ‘봄이 오든 말든’ https://youtu.be/nt3RVILm3g4  [구독] [좋아요] [댓글]은 저에게 큰 힘이 됩니다 ^-^♥ 인스타그램:ddimmi96 팬 이메일: ddimmi96@gmail.com 비즈니스 문의 이메일 : contact@sandboxnetwork.net  ▶ 샌드박스가 이사를 하게 되서 선물주소가 또!! 바뀌었어요! 서울 강남구 삼성로 554 예성빌딩 1층 샌드박스 네트워크 (우편번호: 06165) 받는 사람 명 - 띠미  ※ 선물은 강요가 아니에요! 꼭 보내고싶으신분들만 보내시면 됩니다! 헤헤 그럼 감사히 잘 받겠습니당 ♡꒰( ˵¯͒ꇴ¯͒˵ )꒱,띠미 ddimmi,2018-06-06,PT3M8S,287579,7338,1429,youtube
띠미_ddimmi_20180605,몰래 pc방 가서 게임중독인 친구 컴퓨터를 꺼버렸더니 반응 충격적ㅋㅋㅋㅋㅋ [띠미],[구독] [좋아요] [댓글]은 저에게 큰 힘이 됩니다 ^-^♥ 인스타그램:ddimmi96 팬 이메일: ddimmi96@gmail.com 비즈니스 문의 이메일 : contact@sandboxnetwork.net  ▶ 샌드박스가 이사를 하게 되서 선물주소가 또!! 바뀌었어요! 서울 강남구 삼성로 554 예성빌딩 1층 샌드박스 네트워크 (우편번호: 06165) 받는 사람 명 - 띠미  ※ 선물은 강요가 아니에요! 꼭 보내고싶으신분들만 보내시면 됩니다! 헤헤 그럼 감사히 잘 받겠습니당 ♡꒰( ˵¯͒ꇴ¯͒˵ )꒱,띠미 ddimmi,2018-06-05,PT2M36S,68850,1276,254,youtube
띠미_ddimmi_20180514,이 옷은 파랑색이 아닙니다. 1%만 볼 수 있는 진짜 색깔! [띠미],[구독] [좋아요] [댓글]은 저에게 큰 힘이 됩니다 ^-^♥ 인스타그램:ddimmi96 팬 이메일: ddimmi96@gmail.com 비즈니스 문의 이메일 : contact@sandboxnetwork.net  ▶ 샌드박스가 이사를 하게 되서 선물주소가 또!! 바뀌었어요! 서울 강남구 삼성로 554 예성빌딩 1층 샌드박스 네트워크 (우편번호: 06165) 받는 사람 명 - 띠미  ※ 선물은 강요가 아니에요! 꼭 보내고싶으신분들만 보내시면 됩니다! 헤헤 그럼 감사히 잘 받겠습니당 ♡꒰( ˵¯͒ꇴ¯͒˵ )꒱,띠미 ddimmi,2018-05-14,PT2M51S,571882,5743,1666,youtube
띠미_ddimmi_20180405,안보면 100% 후회할 영상,,띠미 ddimmi,2018-04-05,PT2M2S,240784,4373,1237,youtube
띠미_ddimmi_20180101,난 말했다! 이거 정말 안보면 진짜.. 안됨! 꼭 봐야합니다! [띠미],[구독] [좋아요] [댓글]은 저에게 큰 힘이 됩니다 ^-^♥ 인스타그램:ddimmi96 팬 이메일: ddimmi96@gmail.com 비즈니스 문의 이메일 : contact@sandboxnetwork.net  ▶ 샌드박스가 이사를 하게 되서 선물주소가 또!! 바뀌었어요! 서울 강남구 삼성로 554 예성빌딩 1층 샌드박스 네트워크 (우편번호: 06165) 받는 사람 명 - 띠미  ※ 선물은 강요가 아니에요! 꼭 보내고싶으신분들만 보내시면 됩니다! 헤헤 그럼 감사히 잘 받겠습니당 ♡꒰( ˵¯͒ꇴ¯͒˵ )꒱,띠미 ddimmi,2018-01-01,PT2M41S,201865,6455,2623,youtube
띠미_ddimmi_20171126,잠시만 쉬다오겠습니다. [띠미],[구독] [좋아요] [댓글]은 저에게 큰 힘이 됩니다 ^-^♥ 인스타그램:ddimmi96 팬 이메일: ddimmi96@gmail.com 비즈니스 문의 이메일 : contact@sandboxnetwork.net  ▶ 샌드박스가 이사를 하게 되서 선물주소가 또!! 바뀌었어요! 서울 강남구 삼성로 554 예성빌딩 1층 샌드박스 네트워크 (우편번호: 06165) 받는 사람 명 - 띠미  ※ 선물은 강요가 아니에요! 꼭 보내고싶으신분들만 보내시면 됩니다! 헤헤 그럼 감사히 잘 받겠습니당 ♡꒰( ˵¯͒ꇴ¯͒˵ )꒱,띠미 ddimmi,2017-11-26,PT1M50S,199378,6182,2899,youtube
띠미_ddimmi_20171118,길리슈트를 입고 풀 인척 몰래카메라를 해봤다!(feat. 예씨) 리얼꿀잼ㅋㅋㅋ [띠미],[구독] [좋아요] [댓글]은 저에게 큰 힘이 됩니다 ^-^♥ 인스타그램:ddimmi96 팬 이메일: ddimmi96@gmail.com 비즈니스 문의 이메일 : contact@sandboxnetwork.net  ▶ 샌드박스가 이사를 하게 되서 선물주소가 또!! 바뀌었어요! 서울 강남구 삼성로 554 예성빌딩 1층 샌드박스 네트워크 (우편번호: 06165) 받는 사람 명 - 띠미  ※ 선물은 강요가 아니에요! 꼭 보내고싶으신분들만 보내시면 됩니다! 헤헤 그럼 감사히 잘 받겠습니당 ♡꒰( ˵¯͒ꇴ¯͒˵ )꒱,띠미 ddimmi,2017-11-18,PT2M54S,283977,3798,968,youtube
띠미_ddimmi_20171101,초코파이에 치즈가 들어간다고?! 초코파이 신상 치즈맛 겁나 솔직한 리뷰! 띠미],[구독] [좋아요] [댓글]은 저에게 큰 힘이 됩니다 ^-^♥ 인스타그램:ddimmi96 팬 이메일: ddimmi96@gmail.com 비즈니스 문의 이메일 : contact@sandboxnetwork.net  ▶ 샌드박스가 이사를 하게 되서 선물주소가 또!! 바뀌었어요! 서울 강남구 삼성로 554 예성빌딩 1층 샌드박스 네트워크 (우편번호: 06165) 받는 사람 명 - 띠미  ※ 선물은 강요가 아니에요! 꼭 보내고싶으신분들만 보내시면 됩니다! 헤헤 그럼 감사히 잘 받겠습니당 ♡꒰( ˵¯͒ꇴ¯͒˵ )꒱,띠미 ddimmi,2017-11-01,PT2M52S,143217,2808,947,youtube
띠미_ddimmi_20171030,요즘 대세어플! 연예인들이 하는 더빙어플 나도 해봤다!! 싱크로율 100%ㅋㅋㅋ [띠미],[구독] [좋아요] [댓글]은 저에게 큰 힘이 됩니다 ^-^♥ 인스타그램:ddimmi96 팬 이메일: ddimmi96@gmail.com 비즈니스 문의 이메일 : contact@sandboxnetwork.net  ▶ 샌드박스가 이사를 하게 되서 선물주소가 또!! 바뀌었어요! 서울 강남구 삼성로 554 예성빌딩 1층 샌드박스 네트워크 (우편번호: 06165) 받는 사람 명 - 띠미  ※ 선물은 강요가 아니에요! 꼭 보내고싶으신분들만 보내시면 됩니다! 헤헤 그럼 감사히 잘 받겠습니당 ♡꒰( ˵¯͒ꇴ¯͒˵ )꒱,띠미 ddimmi,2017-10-30,PT1M55S,309268,5896,1621,youtube
띠미_ddimmi_20171029,아빠에게 급식체로 전화해봤다!ㅋㅋㅋ꿀잼 ㅇㅈ? 어ㅇㅈ [띠미],[구독] [좋아요] [댓글]은 저에게 큰 힘이 됩니다 ^-^♥ 인스타그램:ddimmi96 팬 이메일: ddimmi96@gmail.com 비즈니스 문의 이메일 : contact@sandboxnetwork.net  ▶ 샌드박스가 이사를 하게 되서 선물주소가 또!! 바뀌었어요! 서울 강남구 삼성로 554 예성빌딩 1층 샌드박스 네트워크 (우편번호: 06165) 받는 사람 명 - 띠미  ※ 선물은 강요가 아니에요! 꼭 보내고싶으신분들만 보내시면 됩니다! 헤헤 그럼 감사히 잘 받겠습니당 ♡꒰( ˵¯͒ꇴ¯͒˵ )꒱,띠미 ddimmi,2017-10-29,PT2M56S,632688,9141,1637,youtube
띠미_ddimmi_20171018,실제 루돌프 고기를 먹어보았다! 핀란드 순록 먹방!! [띠미],"[구독] [좋아요] [댓글]은 저에게 큰 힘이 됩니다 ^-^♥ 인스타그램:ddimmi96 팬 이메일: ddimmi96@gmail.com 비즈니스 문의 이메일 : contact@sandboxnetwork.net  *선물주소가 바뀌었어요! 혹시나 선물 보내고싶은 띰띰이들을 위한 주소! 서울특별시 강남구 삼성로 553, 7층(삼성동, 오로라빌딩) 으로 보내주시면 감사히 잘 받겠습니다!!   ꒰( ˵¯͒ꇴ¯͒˵ )꒱",띠미 ddimmi,2017-10-18,PT3M12S,204478,3827,1191,youtube
띠미_ddimmi_20171017,들어는 봤는가? 참치마요맛 소세지! 치즈맛 소세지! 천하장사 신상 소세지 겁나 솔직한 리뷰! [띠미],"[구독] [좋아요] [댓글]은 저에게 큰 힘이 됩니다 ^-^♥ 인스타그램:ddimmi96 팬 이메일: ddimmi96@gmail.com 비즈니스 문의 이메일 : contact@sandboxnetwork.net  *선물주소가 바뀌었어요! 혹시나 선물 보내고싶은 띰띰이들을 위한 주소! 서울특별시 강남구 삼성로 553, 7층(삼성동, 오로라빌딩) 으로 보내주시면 감사히 잘 받겠습니다!!   ꒰( ˵¯͒ꇴ¯͒˵ )꒱",띠미 ddimmi,2017-10-17,PT3M18S,112449,2659,1058,youtube
띠미_ddimmi_20171016,정말 미친 노래! 고음주역테스트를 불러보았다!ㅋㅋㅋ목 다 쉼 [띠미],"[구독] [좋아요] [댓글]은 저에게 큰 힘이 됩니다 ^-^♥ 인스타그램:ddimmi96 팬 이메일: ddimmi96@gmail.com 비즈니스 문의 이메일 : contact@sandboxnetwork.net  *선물주소가 바뀌었어요! 혹시나 선물 보내고싶은 띰띰이들을 위한 주소! 서울특별시 강남구 삼성로 553, 7층(삼성동, 오로라빌딩) 으로 보내주시면 감사히 잘 받겠습니다!!   ꒰( ˵¯͒ꇴ¯͒˵ )꒱",띠미 ddimmi,2017-10-16,PT2M38S,285729,4719,1123,youtube
띠미_ddimmi_20170912,띠미님 쌍수 전 사진 보여주세요! 과거사진 공개?! 경악하게 만든 방송 채팅읽기 [띠미],"[구독] [좋아요] [댓글]은 저에게 큰 힘이 됩니다 ^-^♥ 인스타그램:ddimmi96 팬 이메일: ddimmi96@gmail.com 비즈니스 문의 이메일 : contact@sandboxnetwork.net  *선물주소가 바뀌었어요! 혹시나 선물 보내고싶은 띰띰이들을 위한 주소! 서울특별시 강남구 삼성로 553, 7층(삼성동, 오로라빌딩) 으로 보내주시면 감사히 잘 받겠습니다!!   ꒰( ˵¯͒ꇴ¯͒˵ )꒱",띠미 ddimmi,2017-09-12,PT2M56S,805067,6963,1209,youtube
띠미_ddimmi_20170910,무지개 치즈라면을 만들어보았다! 과연 그맛은?! [띠미],"[구독] [좋아요] [댓글]은 저에게 큰 힘이 됩니다 ^-^♥ 인스타그램:ddimmi96 팬 이메일: ddimmi96@gmail.com 비즈니스 문의 이메일 : contact@sandboxnetwork.net  *선물주소가 바뀌었어요! 혹시나 선물 보내고싶은 띰띰이들을 위한 주소! 서울특별시 강남구 삼성로 553, 7층(삼성동, 오로라빌딩) 으로 보내주시면 감사히 잘 받겠습니다!!   ꒰( ˵¯͒ꇴ¯͒˵ )꒱",띠미 ddimmi,2017-09-10,PT3M8S,270417,3339,822,youtube
띠미_ddimmi_20170905,수박바의 변신은 어디까지? 신상 노란 수박바 아이스크림 솔직리뷰! [띠미],"[구독] [좋아요] [댓글]은 저에게 큰 힘이 됩니다 ^-^♥ 인스타그램:ddimmi96 팬 이메일: ddimmi96@gmail.com 비즈니스 문의 이메일 : contact@sandboxnetwork.net  *선물주소가 바뀌었어요! 혹시나 선물 보내고싶은 띰띰이들을 위한 주소! 서울특별시 강남구 삼성로 553, 7층(삼성동, 오로라빌딩) 으로 보내주시면 감사히 잘 받겠습니다!!   ꒰( ˵¯͒ꇴ¯͒˵ )꒱",띠미 ddimmi,2017-09-05,PT2M13S,171675,3106,944,youtube
띠미_ddimmi_20170903,남사친에게 사랑한다고 해봤다ㅋㅋㅋ진짜 반응 꿀잼! [주변인들에게 사랑한다고 말하기 챌린지] [띠미],"출처: https://www.youtube.com/watch?v=y4d3ckO8Xyk&t=7s 이분 영상을보고 저도 해보게됐습니당ㅎㅎㅎ [구독] [좋아요] [댓글]은 저에게 큰 힘이 됩니다 ^-^♥ 인스타그램:ddimmi96 팬 이메일: ddimmi96@gmail.com 비즈니스 문의 이메일 : contact@sandboxnetwork.net  *선물주소가 바뀌었어요! 혹시나 선물 보내고싶은 띰띰이들을 위한 주소! 서울특별시 강남구 삼성로 553, 7층(삼성동, 오로라빌딩) 으로 보내주시면 감사히 잘 받겠습니다!!   ꒰( ˵¯͒ꇴ¯͒˵ )꒱",띠미 ddimmi,2017-09-03,PT2M33S,123803,2633,521,youtube
띠미_ddimmi_20170831,엄청 거대한! 대왕 연어초밥 만들어 먹어봤다! [띠미],"[구독] [좋아요] [댓글]은 저에게 큰 힘이 됩니다 ^-^♥ 인스타그램:ddimmi96 팬 이메일: ddimmi96@gmail.com 비즈니스 문의 이메일 : contact@sandboxnetwork.net  *선물주소가 바뀌었어요! 혹시나 선물 보내고싶은 띰띰이들을 위한 주소! 서울특별시 강남구 삼성로 553, 7층(삼성동, 오로라빌딩) 으로 보내주시면 감사히 잘 받겠습니다!!   ꒰( ˵¯͒ꇴ¯͒˵ )꒱",띠미 ddimmi,2017-08-31,PT3M6S,372227,4332,939,youtube
띠미_ddimmi_20170830,엄청난 인기 ASMR 호요소리 내는법! 지금 알려드립니다! [띠미],"[구독] [좋아요] [댓글]은 저에게 큰 힘이 됩니다 ^-^♥ 인스타그램:ddimmi96 팬 이메일: ddimmi96@gmail.com 비즈니스 문의 이메일 : contact@sandboxnetwork.net  *선물주소가 바꼈어요! 혹시나 선물 보내고싶은 띰띰이들을 위한 주소! 서울특별시 강남구 삼성로 553, 7층(삼성동, 오로라빌딩) 으로 보내주시면 감사히 잘 받겠습니다!!   ꒰( ˵¯͒ꇴ¯͒˵ )꒱",띠미 ddimmi,2017-08-30,PT2M44S,194326,3126,751,youtube
띠미_ddimmi_20170824,띠미 생방송 도중에 ASMR? 실시간으로 호요소리?! [띠미],"[구독] [좋아요] [댓글]은 저에게 큰 힘이 됩니다 ^-^♥ 인스타그램:ddimmi96 팬 이메일: ddimmi96@gmail.com 비즈니스 문의 이메일 : contact@sandboxnetwork.net  *선물주소가 바꼈어요! 혹시나 선물 보내고싶은 띰띰이들을 위한 주소! 서울특별시 강남구 삼성로 553, 7층(삼성동, 오로라빌딩) 으로 보내주시면 감사히 잘 받겠습니다!!   ꒰( ˵¯͒ꇴ¯͒˵ )꒱",띠미 ddimmi,2017-08-24,PT2M35S,59326,1049,279,youtube
띠미_ddimmi_20170823,마요네즈를 머리에 바르면 머릿결이 좋아진다? 과연?! [띠미],"[구독] [좋아요] [댓글]은 저에게 큰 힘이 됩니다 ^-^♥ 인스타그램:ddimmi96 팬 이메일: ddimmi96@gmail.com 비즈니스 문의 이메일 : contact@sandboxnetwork.net  *선물주소가 바꼈어요! 혹시나 선물 보내고싶은 띰띰이들을 위한 주소! 서울특별시 강남구 삼성로 553, 7층(삼성동, 오로라빌딩) 으로 보내주시면 감사히 잘 받겠습니다!!   ꒰( ˵¯͒ꇴ¯͒˵ )꒱",띠미 ddimmi,2017-08-23,PT2M57S,181515,2997,891,youtube
띠미_ddimmi_20170715,[마감]여러분이 꼭 봐야할 구독자 10만 기념 이벤트 공지 영상! 푸짐한 선물 받아가세요!!,[구독] [좋아요] [댓글]은 저에게 큰 힘이 됩니다 ^-^♥ 인스타그램:ddimmi96 이메일:ddimmi96@gmail.com  *혹시나 선물 보내고싶은 띰띰이들을 위한 주소 ..~_~♥ 서울특별시 영등포구 문래동3가 55-16.  영등포에스케이리더스뷰 제3층 이(E) ㅡ 303호.   (주) 엘엔비파트너스 이응교 대표   ※보내실때 꼭 이메일이나 인스타메세지로 알려주세요!,띠미 ddimmi,2017-07-15,PT2M9S,53989,2057,706,youtube
띠미_ddimmi_20170707,이래도 내가 남자 같아? 본격 귀여운척 예쁜척 해보기! [띠미],[구독] [좋아요] [댓글]은 저에게 큰 힘이 됩니다 ^-^♥ 인스타그램:ddimmi96 이메일:ddimmi96@gmail.com  *혹시나 선물 보내고싶은 띰띰이들을 위한 주소 ..~_~♥ 서울특별시 영등포구 문래동3가 55-16.  영등포에스케이리더스뷰 제3층 이(E) ㅡ 303호.   (주) 엘엔비파트너스 이응교 대표   ※보내실때 꼭 이메일이나 인스타메세지로 알려주세요!,띠미 ddimmi,2017-07-07,PT2M26S,47057,846,254,youtube
띠미_ddimmi_20170614,탄산이 5배인 초강력 사이다를 이겨라! 10번흔들고 마셔라? 용트림참기?! 스트롱사이다 챌린지 [띠미],[구독] [좋아요] [댓글]은 저에게 큰 힘이 됩니다 ^-^♥ 인스타그램:ddimmi96 이메일:ddimmi96@gmail.com,띠미 ddimmi,2017-06-14,PT2M50S,178022,2104,429,youtube
띠미_ddimmi_20170522,콜라 1.8L 마시고 노래 부르기! 용트림 발사? 이미지 내숭 따윈 없다!!! [띠미],난 용이다..  [구독] [좋아요] [댓글]은 저에게 큰 힘이 됩니다 ^-^♥ 인스타그램:ddimmi96 이메일:ddimmi96@gmail.com,띠미 ddimmi,2017-05-22,PT2M36S,242679,2798,518,youtube
띠미_ddimmi_20170520,엄청 커다란 대왕 통치즈를 먹어보았다! [띠미],[구독] [좋아요] [댓글]은 저에게 큰 힘이 됩니다 ^-^♥ 인스타그램:ddimmi96 이메일:ddimmi96@gmail.com,띠미 ddimmi,2017-05-20,PT1M23S,223758,2147,393,youtube
띠미_ddimmi_20170516,새벽에 잠든 할머니 몰래 라면 끓여먹어라!!! 챌린지! [띠미],새로운 채널 첫 영상! 두근두근 ꒰( ˵¯͒ꇴ¯͒˵ )꒱  [구독] [좋아요] [댓글]은 저에게 큰 힘이 됩니다 ^-^♥ 인스타그램:ddimmi96 이메일:ddimmi96@gmail.com,띠미 ddimmi,2017-05-16,PT2M57S,725877,7625,1545,youtube
