keywordid,keywordname,type,priority
1,가츠동,NNG,9999
2,계란빵,NNG,9999
3,고추바사삭,NNG,9999
4,교촌치킨,NNG,9999
5,군고구마,NNG,9999
6,군밤,NNG,9999
7,굽네치킨,NNG,9999
8,규동,NNG,9999
9,그린커리,NNG,9999
10,까르보불닭,NNG,9999
11,깐풍기,NNG,9999
12,꼬치,NNG,9999
13,네네치킨,NNG,9999
14,녹차라떼,NNG,9999
15,달고나,NNG,9999
16,달고나커피,NNG,9999
17,달고나크로플,NNG,9999
18,대왕컵떡볶이,NNG,9999
19,대왕쿠키,NNG,9999
20,대추차,NNG,9999
21,던킨도너츠,NNG,9999
22,도미노피자,NNG,9999
23,돈카츠,NNG,9999
24,돈키호테떡볶이,NNG,9999
25,동결건조,NNG,9999
26,두바이초콜릿,NNG,9999
27,두찜,NNG,9999
28,둥굴레차,NNG,9999
29,디카페인,NNG,9999
30,딸기,NNG,9999
31,딸기케이크,NNG,9999
32,떡볶이밀키트,NNG,9999
33,똠양꿍,NNG,9999
34,뚜레쥬르,NNG,9999
35,라라스윗,NNG,9999
36,라멘,NNG,9999
37,레드커리,NNG,9999
38,레시피,NNG,9999
39,롤케이크,NNG,9999
40,롯데리아,NNG,9999
41,루이보스,NNG,9999
42,마늘빵,NNG,9999
43,마들렌,NNG,9999
44,마라샹궈,NNG,9999
45,마라탕,NNG,9999
46,마시멜로,NNG,9999
47,마오쥔젤,NNG,9999
48,마오진젤,NNG,9999
49,마카롱,NNG,9999
50,마카롱쿠키,NNG,9999
51,마키아또,NNG,9999
52,마파두부,NNG,9999
53,막걸리,NNG,9999
54,말차,NNG,9999
55,맘스터치,NNG,9999
56,망고,NNG,9999
57,매실차,NNG,9999
58,맥도날드,NNG,9999
59,맥주,NNG,9999
60,머랭쿠키,NNG,9999
61,먹방,NNG,9999
62,먹스타그램,NNG,9999
63,메가커피,NNG,9999
64,메로나,NNG,9999
65,메론빵,NNG,9999
66,메론킥,NNG,9999
67,멜론,NNG,9999
68,민트초코,NNG,9999
69,밀크셰이크,NNG,9999
70,바나나,NNG,9999
71,바나나빵,NNG,9999
72,바나나킥,NNG,9999
73,바스크치즈케이크,NNG,9999
74,버거킹,NNG,9999
75,버블티,NNG,9999
76,버터쿠키,NNG,9999
77,베스킨라빈스,NNG,9999
78,베이컨버거,NNG,9999
79,베이킹,NNG,9999
80,벤앤제리스,NNG,9999
81,보리차,NNG,9999
82,불고기버거,NNG,9999
83,불닭,NNG,9999
84,불닭볶음면,NNG,9999
85,붕어빵,NNG,9999
86,브랜디,NNG,9999
87,브륄레,NNG,9999
88,빙산롱옌,NNG,9999
89,뻥튀기,NNG,9999
90,사과,NNG,9999
91,사시미,NNG,9999
92,새우버거,NNG,9999
93,생강차,NNG,9999
94,생크림케이크,NNG,9999
95,샤인머스캣,NNG,9999
96,샴페인,NNG,9999
97,서브웨이,NNG,9999
98,설빙,NNG,9999
99,성심당,NNG,9999
100,성심당무화과,NNG,9999
101,성심당시루케이크,NNG,9999
102,성심당케익부띠끄,NNG,9999
103,성심당케익부티크,NNG,9999
104,소금빵,NNG,9999
105,소바,NNG,9999
106,소주,NNG,9999
107,수건케이크,NNG,9999
108,수건케익,NNG,9999
109,수박,NNG,9999
110,수정과,NNG,9999
111,수제젤리,NNG,9999
112,순대,NNG,9999
113,슈크림,NNG,9999
114,스무디,NNG,9999
115,스시,NNG,9999
116,스위즐스,NNG,9999
117,식혜,NNG,9999
118,쌀국수,NNG,9999
119,아메리카노,NNG,9999
120,아이스아메리카노,NNG,9999
121,안성재하이볼,NNG,9999
122,야끼소바,NNG,9999
123,약과,NNG,9999
124,양꼬치,NNG,9999
125,어묵,NNG,9999
126,얼그레이,NNG,9999
127,에스프레소,NNG,9999
128,에클레어,NNG,9999
129,연어깍두기,NNG,9999
130,엽기떡볶이,NNG,9999
131,오므라이스,NNG,9999
132,오야코동,NNG,9999
133,와라비모찌,NNG,9999
134,와인,NNG,9999
135,요리,NNG,9999
136,요아정,NNG,9999
137,우동,NNG,9999
138,위스키,NNG,9999
139,유자차,NNG,9999
140,이자카야,NNG,9999
141,중국식빵,NNG,9999
142,짜장면,NNG,9999
143,짬뽕,NNG,9999
144,쫀득쿠키,NNG,9999
145,처갓집양념치킨,NNG,9999
146,초코라떼,NNG,9999
147,초코젤라또녹차라떼,NNG,9999
148,초콜릿,NNG,9999
149,초콜릿케이크,NNG,9999
150,초콜릿쿠키,NNG,9999
151,츄러스,NNG,9999
152,치즈버거,NNG,9999
153,치즈케이크,NNG,9999
154,치킨버거,NNG,9999
155,카다이프,NNG,9999
156,카스테라,NNG,9999
157,카페라떼,NNG,9999
158,카푸치노,NNG,9999
159,칼디,NNG,9999
160,캐모마일,NNG,9999
161,컵빙,NNG,9999
162,콜드브루,NNG,9999
163,쿠키,NNG,9999
164,쿡방,NNG,9999
165,크레페,NNG,9999
166,크로플,NNG,9999
167,크루아상,NNG,9999
168,크리스피크림,NNG,9999
169,크림치즈케이크,NNG,9999
170,킨조젤리,NNG,9999
171,킨조젤지,NNG,9999
172,타코야끼,NNG,9999
173,타피오카,NNG,9999
174,탕수육,NNG,9999
175,탕후루,NNG,9999
176,티라미수케이크,NNG,9999
177,파리바게뜨,NNG,9999
178,파삭,NNG,9999
179,파파존스,NNG,9999
180,팟타이,NNG,9999
181,팬케이크,NNG,9999
182,펄밀크티,NNG,9999
183,페퍼민트,NNG,9999
184,포켓몬빵,NNG,9999
185,풋롱쿠키,NNG,9999
186,프라푸치노,NNG,9999
187,피스타치오,NNG,9999
188,피자헛,NNG,9999
189,하겐다즈,NNG,9999
190,하리보,NNG,9999
191,하이디라오,NNG,9999
192,한과,NNG,9999
193,핫뿌링클,NNG,9999
194,핫치즈빅싸이,NNG,9999
195,허니브레드,NNG,9999
196,호떡,NNG,9999
197,홍차라떼,NNG,9999
198,훠궈,NNG,9999
199,휘낭시에,NNG,9999
200,히비스커스,NNG,9999
201,가나슈,NNG,5000
202,가래떡,NNG,5000
203,가루쿡,NNG,5000
204,가마솥,NNG,5000
205,가위바위보,NNG,5000
206,가지,NNG,5000
207,간식,NNG,5000
208,간장,NNG,5000
209,갈비,NNG,5000
210,갈비찜,NNG,5000
211,갈비탕,NNG,5000
212,갈치,NNG,5000
213,감귤,NNG,5000
214,감자,NNG,5000
215,감자빵,NNG,5000
216,감자전,NNG,5000
217,감자칩,NNG,5000
218,감자튀김,NNG,5000
219,감초,NNG,5000
220,개구리,NNG,5000
221,갤런,NNG,5000
222,건빵,NNG,5000
223,겉절이,NNG,5000
224,게라,NNG,5000
225,게장,NNG,5000
226,겟하쇼,NNG,5000
227,견과,NNG,5000
228,경동나비엔,NNG,5000
229,계란,NNG,5000
230,계란말이,NNG,5000
231,고간,NNG,5000
232,고구마,NNG,5000
233,고기,NNG,5000
234,고등어,NNG,5000
235,고디바,NNG,5000
236,고래,NNG,5000
237,고래밥,NNG,5000
238,고로케,NNG,5000
239,고메,NNG,5000
240,고추,NNG,5000
241,고추바사삭에,NNG,5000
242,고추장,NNG,5000
243,곤약,NNG,5000
244,곰탕,NNG,5000
245,곱도리탕,NNG,5000
246,곱창,NNG,5000
247,공짜,NNG,5000
248,곶감,NNG,5000
249,과일,NNG,5000
250,과자,NNG,5000
251,과점,NNG,5000
252,과즙,NNG,5000
253,구룡포,NNG,5000
254,구르망,NNG,5000
255,구매,NNG,5000
256,구미첼,NNG,5000
257,구움과,NNG,5000
258,구움과자,NNG,5000
259,구이,NNG,5000
260,구황,NNG,5000
261,국물,NNG,5000
262,국밥,NNG,5000
263,국수,NNG,5000
264,궁채,NNG,5000
265,그래놀라,NNG,5000
266,글리터,NNG,5000
267,금귤,NNG,5000
268,급식,NNG,5000
269,기름,NNG,5000
270,기프,NNG,5000
271,김밥,NNG,5000
272,김장,NNG,5000
273,김치,NNG,5000
274,김치라면,NNG,5000
275,김치볶음밥,NNG,5000
276,김치전,NNG,5000
277,김치찌개,NNG,5000
278,까르보불,NNG,5000
279,깍두기,NNG,5000
280,깨찰,NNG,5000
281,깻잎,NNG,5000
282,꼬다리,NNG,5000
283,꼬치구이,NNG,5000
284,꽈리,NNG,5000
285,꽈자,NNG,5000
286,꾸덕,NNG,5000
287,꾸우우우덕,NNG,5000
288,꿀맛,NNG,5000
289,꿀젤리모나카,NNG,5000
290,꿔바로우,NNG,5000
291,끌레도르,NNG,5000
292,나물,NNG,5000
293,나쵸치즈,NNG,5000
294,낙타,NNG,5000
295,날치,NNG,5000
296,낭시,NNG,5000
297,냉국,NNG,5000
298,냉면,NNG,5000
299,냉모밀,NNG,5000
300,냠사친,NNG,5000
301,네루,NNG,5000
302,녹차,NNG,5000
303,농심,NNG,5000
304,누가바,NNG,5000
305,누가쿠키,NNG,5000
306,누데이크,NNG,5000
307,누들핏카구리맛,NNG,5000
308,누룽지,NNG,5000
309,누텔라,NNG,5000
310,니시무라,NNG,5000
311,다식,NNG,5000
312,다이소,NNG,5000
313,다이어터,NNG,5000
314,다코야키,NNG,5000
315,다크초코맛,NNG,5000
316,단맛,NNG,5000
317,단백,NNG,5000
318,단호박,NNG,5000
319,달걀,NNG,5000
320,닭강정,NNG,5000
321,닭꼬치,NNG,5000
322,닭다리,NNG,5000
323,닭발,NNG,5000
324,닭볶음탕,NNG,5000
325,당고,NNG,5000
326,당파,NNG,5000
327,대게,NNG,5000
328,대왕메로나,NNG,5000
329,대추씨,NNG,5000
330,대추야자,NNG,5000
331,대파,NNG,5000
332,대파감자라떼,NNG,5000
333,댑악,NNG,5000
334,더멜론오브프라푸치노,NNG,5000
335,더미,NNG,5000
336,던킨,NNG,5000
337,던킨에,NNG,5000
338,덮밥,NNG,5000
339,데카포,NNG,5000
340,도너츠,NNG,5000
341,도넛,NNG,5000
342,도시락,NNG,5000
343,도플갱어,NNG,5000
344,독버섯,NNG,5000
345,돈가스,NNG,5000
346,돈키호테,NNG,5000
347,동파육,NNG,5000
348,돼지,NNG,5000
349,돼지고기,NNG,5000
350,돼지국밥,NNG,5000
351,두릅,NNG,5000
352,두마,NNG,5000
353,두바이모찌뿌요,NNG,5000
354,두바이쫀득쿠키,NNG,5000
355,두바이초코,NNG,5000
356,두부,NNG,5000
357,드럼,NNG,5000
358,드링크,NNG,5000
359,등갈비,NNG,5000
360,디저트,NNG,5000
361,딸기우유,NNG,5000
362,딸기초코,NNG,5000
363,딸래미,NNG,5000
364,땅콩,NNG,5000
365,떡국,NNG,5000
366,떡볶이,NNG,5000
367,뚜론,NNG,5000
368,띠미,NNG,5000
369,띠뽀끼,NNG,5000
370,라가,NNG,5000
371,라구,NNG,5000
372,라떼,NNG,5000
373,라라스윗저당크림콘,NNG,5000
374,라면,NNG,5000
375,라미,NNG,5000
376,라바,NNG,5000
377,라바샥,NNG,5000
378,라보,NNG,5000
379,라볶이,NNG,5000
380,라부부,NNG,5000
381,라비,NNG,5000
382,라신,NNG,5000
383,라에,NNG,5000
384,라이,NNG,5000
385,라이드,NNG,5000
386,라이크,NNG,5000
387,라즈베리,NNG,5000
388,라핑탕,NNG,5000
389,람보,NNG,5000
390,랍스타,NNG,5000
391,럭히밥,NNG,5000
392,레몬,NNG,5000
393,레몬무뼈,NNG,5000
394,레스토랑,NNG,5000
395,레시,NNG,5000
396,로스,NNG,5000
397,로스트,NNG,5000
398,로제찜,NNG,5000
399,로투스비스코프도넛,NNG,5000
400,롯데마트,NNG,5000
401,롯데칠성음료,NNG,5000
402,루바브,NNG,5000
403,루피,NNG,5000
404,룸메랑,NNG,5000
405,리스,NNG,5000
406,리프레쉬,NNG,5000
407,리피,NNG,5000
408,립싱크,NNG,5000
409,링고아메,NNG,5000
410,마늘,NNG,5000
411,마라로제,NNG,5000
412,마라짜파게티,NNG,5000
413,마롱,NNG,5000
414,마쉬멜로우,NNG,5000
415,마쉿서,NNG,5000
416,마시,NNG,5000
417,마오,NNG,5000
418,마카,NNG,5000
419,마키키와,NNG,5000
420,마트,NNG,5000
421,막대,NNG,5000
422,만당,NNG,5000
423,만두,NNG,5000
424,만두전골,NNG,5000
425,만둣국,NNG,5000
426,말랑,NNG,5000
427,맘모스,NNG,5000
428,맛동산,NNG,5000
429,맛스타,NNG,5000
430,맛집,NNG,5000
431,망고스티키라이스,NNG,5000
432,망고초코,NNG,5000
433,망루,NNG,5000
434,매실,NNG,5000
435,매운맛,NNG,5000
436,매운탕,NNG,5000
437,매콤,NNG,5000
438,맵찔이,NNG,5000
439,머랭,NNG,5000
440,먹성,NNG,5000
441,먹태,NNG,5000
442,먼치킨,NNG,5000
443,메뉴,NNG,5000
444,메론케이크,NNG,5000
445,메밀,NNG,5000
446,메이트,NNG,5000
447,멸치,NNG,5000
448,명란,NNG,5000
449,명랑,NNG,5000
450,모로,NNG,5000
451,모메,NNG,5000
452,모짜렐라,NNG,5000
453,모찌,NNG,5000
454,모찌뿌요,NNG,5000
455,몰드,NNG,5000
456,몽블랑,NNG,5000
457,무디브레드,NNG,5000
458,무뼈,NNG,5000
459,무제,NNG,5000
460,무침,NNG,5000
461,무화과,NNG,5000
462,문어,NNG,5000
463,물라,NNG,5000
464,물탕,NNG,5000
465,미끼,NNG,5000
466,미슐랭,NNG,5000
467,미식,NNG,5000
468,미아리,NNG,5000
469,미역,NNG,5000
470,미역국,NNG,5000
471,미우,NNG,5000
472,밀카,NNG,5000
473,밀크,NNG,5000
474,밀크티,NNG,5000
475,바게트,NNG,5000
476,바나,NNG,5000
477,바닐라,NNG,5000
478,바바,NNG,5000
479,바사,NNG,5000
480,바스크,NNG,5000
481,바쓰,NNG,5000
482,바오밥,NNG,5000
483,바치,NNG,5000
484,바치케,NNG,5000
485,바클라바,NNG,5000
486,반상,NNG,5000
487,반찬,NNG,5000
488,발산,NNG,5000
489,발채,NNG,5000
490,밥도둑,NNG,5000
491,밥맛,NNG,5000
492,밥버거,NNG,5000
493,밥솥,NNG,5000
494,밥통,NNG,5000
495,밥투정,NNG,5000
496,배라,NNG,5000
497,배라에,NNG,5000
498,배미,NNG,5000
499,배스킨라빈스,NNG,5000
500,배추,NNG,5000
501,배홍동,NNG,5000
502,배홍동칼빔면,NNG,5000
503,배홍동칼빔면에,NNG,5000
504,백숙,NNG,5000
505,백종원,NNG,5000
506,버거,NNG,5000
507,버블,NNG,5000
508,버섯,NNG,5000
509,버터,NNG,5000
510,베라,NNG,5000
511,베리,NNG,5000
512,베어스,NNG,5000
513,베이,NNG,5000
514,베이글,NNG,5000
515,베이커리,NNG,5000
516,베이커블,NNG,5000
517,베이컨,NNG,5000
518,베크,NNG,5000
519,보로,NNG,5000
520,보쌈,NNG,5000
521,보쌈김치,NNG,5000
522,보양식,NNG,5000
523,복숭아,NNG,5000
524,복태,NNG,5000
525,볶음,NNG,5000
526,볶음밥,NNG,5000
527,부대찌개,NNG,5000
528,부라보,NNG,5000
529,부추,NNG,5000
530,부페,NNG,5000
531,분식,NNG,5000
532,분식집,NNG,5000
533,분안,NNG,5000
534,불고기,NNG,5000
535,뷔페,NNG,5000
536,브라우니,NNG,5000
537,브레드,NNG,5000
538,브레빌,NNG,5000
539,블린더,NNG,5000
540,비라,NNG,5000
541,비비고,NNG,5000
542,비빔,NNG,5000
543,비빔면,NNG,5000
544,비빔밥,NNG,5000
545,비요뜨,NNG,5000
546,빅찰깨크림빵솔티밀크,NNG,5000
547,빙산롱옌과,NNG,5000
548,빙수,NNG,5000
549,빠다크랩,NNG,5000
550,빵지,NNG,5000
551,빵집,NNG,5000
552,빼빼로,NNG,5000
553,뿌링뿌링,NNG,5000
554,뿌링치즈볼,NNG,5000
555,사골,NNG,5000
556,사리,NNG,5000
557,사발,NNG,5000
558,사비,NNG,5000
559,사온,NNG,5000
560,사우어코코,NNG,5000
561,사쿠란보,NNG,5000
562,사탕,NNG,5000
563,사후르,NNG,5000
564,산낙지,NNG,5000
565,살얼음,NNG,5000
566,삼겹살,NNG,5000
567,삼계탕,NNG,5000
568,삼립호떡꿀호떡샌드,NNG,5000
569,삼미,NNG,5000
570,삼부,NNG,5000
571,삼시세끼,NNG,5000
572,삼양,NNG,5000
573,상추,NNG,5000
574,상품,NNG,5000
575,새우,NNG,5000
576,새우깡,NNG,5000
577,새우스리라차마요,NNG,5000
578,샌드,NNG,5000
579,샌드위치,NNG,5000
580,샐러드,NNG,5000
581,생선,NNG,5000
582,생선회,NNG,5000
583,생채,NNG,5000
584,샤베트,NNG,5000
585,샤브,NNG,5000
586,샤브샤브,NNG,5000
587,석류,NNG,5000
588,설렁탕,NNG,5000
589,설탕,NNG,5000
590,세대쫀득쿠키,NNG,5000
591,셰프,NNG,5000
592,소고기,NNG,5000
593,소다,NNG,5000
594,소라빵,NNG,5000
595,소보로빵,NNG,5000
596,소세지,NNG,5000
597,소스,NNG,5000
598,소시지,NNG,5000
599,손맛,NNG,5000
600,솜사탕,NNG,5000
601,송이,NNG,5000
602,송이버섯,NNG,5000
603,쇼콜라,NNG,5000
604,수달,NNG,5000
605,수박화채,NNG,5000
606,수세미,NNG,5000
607,수육,NNG,5000
608,수저,NNG,5000
609,수제딕만스,NNG,5000
610,수제버거,NNG,5000
611,수확,NNG,5000
612,순대국,NNG,5000
613,순두부,NNG,5000
614,순두부찌개,NNG,5000
615,순이,NNG,5000
616,술집,NNG,5000
617,쉬라즈,NNG,5000
618,슈가,NNG,5000
619,슈톨렌,NNG,5000
620,스낵,NNG,5000
621,스네이크,NNG,5000
622,스니커즈,NNG,5000
623,스모크,NNG,5000
624,스벅,NNG,5000
625,스시도넛,NNG,5000
626,스윗믹스젤리,NNG,5000
627,스콘,NNG,5000
628,스크림,NNG,5000
629,스타벅스,NNG,5000
630,스테이,NNG,5000
631,스테이크,NNG,5000
632,스트코,NNG,5000
633,스티키마차,NNG,5000
634,스티키초코,NNG,5000
635,스티키코코넛,NNG,5000
636,스파게티,NNG,5000
637,스포,NNG,5000
638,스푼,NNG,5000
639,스프,NNG,5000
640,스프레드,NNG,5000
641,슬라,NNG,5000
642,슬러시,NNG,5000
643,시드,NNG,5000
644,시럽,NNG,5000
645,시루,NNG,5000
646,시리얼,NNG,5000
647,시미,NNG,5000
648,시식,NNG,5000
649,시카노코,NNG,5000
650,시호,NNG,5000
651,식감,NNG,5000
652,식단,NNG,5000
653,식당,NNG,5000
654,식량,NNG,5000
655,식빵,NNG,5000
656,식솔,NNG,5000
657,식용,NNG,5000
658,식초,NNG,5000
659,식탐,NNG,5000
660,식품,NNG,5000
661,신라면,NNG,5000
662,신맛,NNG,5000
663,실키젬,NNG,5000
664,쌀밥,NNG,5000
665,쌈장,NNG,5000
666,쏘가리,NNG,5000
667,쑥떡,NNG,5000
668,씨리얼,NNG,5000
669,아구찜,NNG,5000
670,아람,NNG,5000
671,아롬베이크,NNG,5000
672,아망추,NNG,5000
673,아메모나카,NNG,5000
674,아몬드,NNG,5000
675,아박,NNG,5000
676,아슈크림케이쿠,NNG,5000
677,아이스,NNG,5000
678,아이스박스,NNG,5000
679,아이스크림,NNG,5000
680,아이싱,NNG,5000
681,안주,NNG,5000
682,알밤,NNG,5000
683,애사비,NNG,5000
684,애슐리,NNG,5000
685,야매피자,NNG,5000
686,야식,NNG,5000
687,야자나무,NNG,5000
688,야자수,NNG,5000
689,야쿠르트,NNG,5000
690,양갱,NNG,5000
691,양과자,NNG,5000
692,양념,NNG,5000
693,양념치킨,NNG,5000
694,양동이,NNG,5000
695,양주,NNG,5000
696,양파,NNG,5000
697,양푼,NNG,5000
698,얼먹,NNG,5000
699,얼음,NNG,5000
700,얼음물,NNG,5000
701,에그마요피자,NNG,5000
702,에그타르트,NNG,5000
703,에바,NNG,5000
704,에바임,NNG,5000
705,에이드,NNG,5000
706,에이프릴,NNG,5000
707,연세우유메,NNG,5000
708,연세우유스키피피넛버터생크림떡,NNG,5000
709,연세우유피넛버터생크림빵,NNG,5000
710,연어,NNG,5000
711,연어알,NNG,5000
712,열라면,NNG,5000
713,엽닭,NNG,5000
714,오뎅,NNG,5000
715,오뚜기,NNG,5000
716,오리,NNG,5000
717,오리고기,NNG,5000
718,오리로,NNG,5000
719,오리온,NNG,5000
720,오리진,NNG,5000
721,오믈렛,NNG,5000
722,오븐,NNG,5000
723,오이,NNG,5000
724,오이도,NNG,5000
725,오일,NNG,5000
726,오징어,NNG,5000
727,오징어초빔면,NNG,5000
728,옥수수,NNG,5000
729,옥춘뻥,NNG,5000
730,올리브,NNG,5000
731,와퍼,NNG,5000
732,와플,NNG,5000
733,왕새우,NNG,5000
734,외식,NNG,5000
735,요거,NNG,5000
736,요거트,NNG,5000
737,요구르트,NNG,5000
738,요리사,NNG,5000
739,요아정꿀그래놀라그릭요거트,NNG,5000
740,요아정딸기초코쉘요거트바,NNG,5000
741,요아정허니요거트초코볼파르페,NNG,5000
742,용량,NNG,5000
743,우럭,NNG,5000
744,우생,NNG,5000
745,우유,NNG,5000
746,우유말먹,NNG,5000
747,우지,NNG,5000
748,우프,NNG,5000
749,울산쫀드기에,NNG,5000
750,워터,NNG,5000
751,원츄,NNG,5000
752,웨지감자,NNG,5000
753,유바리,NNG,5000
754,유부초밥,NNG,5000
755,유비,NNG,5000
756,육식,NNG,5000
757,육즙,NNG,5000
758,육포,NNG,5000
759,윤기,NNG,5000
760,음료,NNG,5000
761,음료수,NNG,5000
762,음식,NNG,5000
763,이게찐,NNG,5000
764,이마트,NNG,5000
765,이징,NNG,5000
766,인절미,NNG,5000
767,일식,NNG,5000
768,입맛,NNG,5000
769,입욕,NNG,5000
770,자두,NNG,5000
771,자몽,NNG,5000
772,작물,NNG,5000
773,잔망루피,NNG,5000
774,잠봉뵈르,NNG,5000
775,잡채,NNG,5000
776,장국,NNG,5000
777,장아찌,NNG,5000
778,장어,NNG,5000
779,재료,NNG,5000
780,저녁,NNG,5000
781,전골,NNG,5000
782,전문점,NNG,5000
783,전복,NNG,5000
784,전자렌지,NNG,5000
785,절임,NNG,5000
786,정식,NNG,5000
787,정초,NNG,5000
788,젖병,NNG,5000
789,제공,NNG,5000
790,제맛,NNG,5000
791,제육,NNG,5000
792,제육볶음,NNG,5000
793,제주흑돼지,NNG,5000
794,제품,NNG,5000
795,젤라,NNG,5000
796,젤라또,NNG,5000
797,젤라틴,NNG,5000
798,젤리,NNG,5000
799,젤리블리,NNG,5000
800,조개,NNG,5000
801,조림,NNG,5000
802,족발,NNG,5000
803,존맛돌희,NNG,5000
804,죠스떡볶이,NNG,5000
805,주스,NNG,5000
806,중국식,NNG,5000
807,중국쫀드기,NNG,5000
808,중식,NNG,5000
809,지채,NNG,5000
810,지코,NNG,5000
811,집밥,NNG,5000
812,짜슐랭,NNG,5000
813,짜요짜요,NNG,5000
814,짜장,NNG,5000
815,짜장펄볶이,NNG,5000
816,짜파게티,NNG,5000
817,짱구,NNG,5000
818,쪽파,NNG,5000
819,쫀득,NNG,5000
820,쫀득빵,NNG,5000
821,쫀득쿠,NNG,5000
822,쫀득쿠키로,NNG,5000
823,쫀득파삭,NNG,5000
824,쫄면,NNG,5000
825,쫜득쿠키,NNG,5000
826,쭈롱,NNG,5000
827,찐따,NNG,5000
828,찐빵,NNG,5000
829,찐찌,NNG,5000
830,찐찐찐,NNG,5000
831,차신,NNG,5000
832,찰밥,NNG,5000
833,찰밥버전,NNG,5000
834,참깨,NNG,5000
835,참외,NNG,5000
836,참치,NNG,5000
837,찹쌀,NNG,5000
838,찹쌀떡,NNG,5000
839,채소,NNG,5000
840,청양고추,NNG,5000
841,청포도,NNG,5000
842,체리,NNG,5000
843,초가,NNG,5000
844,초밥,NNG,5000
845,초코,NNG,5000
846,초코룹스,NNG,5000
847,초코링,NNG,5000
848,초코바나나,NNG,5000
849,초코빵,NNG,5000
850,초코쉘,NNG,5000
851,초코초,NNG,5000
852,초코초꾸,NNG,5000
853,초코초꾸떡,NNG,5000
854,초코칩,NNG,5000
855,초코칩쿠키,NNG,5000
856,초코케,NNG,5000
857,초코쿠키,NNG,5000
858,초코파이,NNG,5000
859,초코퐁,NNG,5000
860,초코퐁당,NNG,5000
861,초코퐁당요거꿀떡,NNG,5000
862,초코피스마니에팡,NNG,5000
863,초콜렛,NNG,5000
864,추르치헬라,NNG,5000
865,취사,NNG,5000
866,츄파춥스,NNG,5000
867,치로스,NNG,5000
868,치마,NNG,5000
869,치민,NNG,5000
870,치즈,NNG,5000
871,치즈볼,NNG,5000
872,치즈스틱,NNG,5000
873,치치,NNG,5000
874,치킨,NNG,5000
875,치킨집,NNG,5000
876,치토스,NNG,5000
877,치프,NNG,5000
878,카구,NNG,5000
879,카다이프앤,NNG,5000
880,카라멜,NNG,5000
881,카레,NNG,5000
882,카스,NNG,5000
883,카스타드,NNG,5000
884,카오,NNG,5000
885,카오스,NNG,5000
886,카페,NNG,5000
887,칼국수,NNG,5000
888,칼로리,NNG,5000
889,칼빔면,NNG,5000
890,캔디,NNG,5000
891,커피,NNG,5000
892,컵라면,NNG,5000
893,컵케이크,NNG,5000
894,케비어,NNG,5000
895,케이,NNG,5000
896,케이크,NNG,5000
897,케익,NNG,5000
898,케첩,NNG,5000
899,코바,NNG,5000
900,코스,NNG,5000
901,코스트코,NNG,5000
902,코야,NNG,5000
903,코카콜라,NNG,5000
904,코코넛,NNG,5000
905,코코아,NNG,5000
906,코하쿠토,NNG,5000
907,콜라,NNG,5000
908,콩나물,NNG,5000
909,콩피,NNG,5000
910,콰트로치즈와퍼에,NNG,5000
911,쿠나파,NNG,5000
912,쿠우,NNG,5000
913,쿨리,NNG,5000
914,쿨리쉬,NNG,5000
915,크라운,NNG,5000
916,크래커,NNG,5000
917,크랜베리,NNG,5000
918,크런치,NNG,5000
919,크럼블쿠키,NNG,5000
920,크레이프,NNG,5000
921,크레파스,NNG,5000
922,크렌베리,NNG,5000
923,크로,NNG,5000
924,크록스,NNG,5000
925,크리미,NNG,5000
926,크림,NNG,5000
927,크림브륄레,NNG,5000
928,크림브륄레볼,NNG,5000
929,크림치즈,NNG,5000
930,큰사발,NNG,5000
931,키라,NNG,5000
932,키리,NNG,5000
933,키위,NNG,5000
934,키친,NNG,5000
935,킨조,NNG,5000
936,킬바사,NNG,5000
937,킷캣,NNG,5000
938,타르트,NNG,5000
939,타마,NNG,5000
940,타오,NNG,5000
941,타코,NNG,5000
942,타코야키,NNG,5000
943,탄산,NNG,5000
944,탄산수,NNG,5000
945,탄타,NNG,5000
946,탄탄면,NNG,5000
947,태피,NNG,5000
948,터키쉬딜,NNG,5000
949,테무,NNG,5000
950,토마토,NNG,5000
951,토스트,NNG,5000
952,토종닭,NNG,5000
953,통귤모찌,NNG,5000
954,통김치,NNG,5000
955,통닭,NNG,5000
956,통조림,NNG,5000
957,투게더,NNG,5000
958,투썸,NNG,5000
959,투움바,NNG,5000
960,툼바,NNG,5000
961,튀김,NNG,5000
962,튀김우동,NNG,5000
963,튀르,NNG,5000
964,트루프루,NNG,5000
965,특산품,NNG,5000
966,티라미수,NNG,5000
967,티아,NNG,5000
968,티코,NNG,5000
969,파김치,NNG,5000
970,파니포포,NNG,5000
971,파로,NNG,5000
972,파르페,NNG,5000
973,파베,NNG,5000
974,파베크림콘,NNG,5000
975,파사삭,NNG,5000
976,파삭쿠키,NNG,5000
977,파스타,NNG,5000
978,파이,NNG,5000
979,파인애플,NNG,5000
980,판나코타,NNG,5000
981,판다,NNG,5000
982,팔도,NNG,5000
983,팝콘,NNG,5000
984,팥빙수,NNG,5000
985,팥빙젤라또파르페,NNG,5000
986,팥빙프라페까지,NNG,5000
987,팥죽,NNG,5000
988,패스트푸드,NNG,5000
989,팽이,NNG,5000
990,팽이버섯,NNG,5000
991,퍼지,NNG,5000
992,퍼지캔디,NNG,5000
993,펀페티,NNG,5000
994,페리카나,NNG,5000
995,페스,NNG,5000
996,페스츄리,NNG,5000
997,페타,NNG,5000
998,편의점,NNG,5000
999,포도,NNG,5000
1000,포레스트,NNG,5000
1001,포만,NNG,5000
1002,포슬,NNG,5000
1003,포식,NNG,5000
1004,포카,NNG,5000
1005,포키,NNG,5000
1006,포텐,NNG,5000
1007,폭식,NNG,5000
1008,폴라레티,NNG,5000
1009,폴레,NNG,5000
1010,푸드,NNG,5000
1011,푸딩,NNG,5000
1012,푸라,NNG,5000
1013,푸라닭,NNG,5000
1014,푸투,NNG,5000
1015,푸팟퐁커리,NNG,5000
1016,푸팟퐁커리에,NNG,5000
1017,프레첼,NNG,5000
1018,프로즌,NNG,5000
1019,프롬,NNG,5000
1020,프리마,NNG,5000
1021,프리츠,NNG,5000
1022,프리트,NNG,5000
1023,프림,NNG,5000
1024,프링글스,NNG,5000
1025,플래터,NNG,5000
1026,플러프잼,NNG,5000
1027,플레이트,NNG,5000
1028,피스,NNG,5000
1029,피스타치오두바이쫀득빵,NNG,5000
1030,피자,NNG,5000
1031,피자스쿨,NNG,5000
1032,피자인,NNG,5000
1033,피즈,NNG,5000
1034,핑구,NNG,5000
1035,핑키,NNG,5000
1036,하리보코하쿠토,NNG,5000
1037,하림,NNG,5000
1038,하이디,NNG,5000
1039,한밤,NNG,5000
1040,한식,NNG,5000
1041,한우,NNG,5000
1042,한탕,NNG,5000
1043,함흥냉면,NNG,5000
1044,핫도그,NNG,5000
1045,핫뿌링클에,NNG,5000
1046,핫치즈빅싸이순살,NNG,5000
1047,핫치즈빅싸이순살로,NNG,5000
1048,핫치즈싸,NNG,5000
1049,핫치즈싸이,NNG,5000
1050,핫치즈싸이순살에,NNG,5000
1051,해먹,NNG,5000
1052,해물,NNG,5000
1053,해산물,NNG,5000
1054,해장,NNG,5000
1055,해장국,NNG,5000
1056,해태제과,NNG,5000
1057,해피니스,NNG,5000
1058,햄버거,NNG,5000
1059,햄부기햄,NNG,5000
1060,허니,NNG,5000
1061,허니버터칩,NNG,5000
1062,허니콤,NNG,5000
1063,헬로키티,NNG,5000
1064,현타오,NNG,5000
1065,호두과자,NNG,5000
1066,호박,NNG,5000
1067,호빵,NNG,5000
1068,혼밥,NNG,5000
1069,홈파티,NNG,5000
1070,홈플러스,NNG,5000
1071,홍게,NNG,5000
1072,홍어,NNG,5000
1073,화과자,NNG,5000
1074,후라이,NNG,5000
1075,후라이드,NNG,5000
1076,후르트텔라,NNG,5000
1077,후추,NNG,5000
1078,후쿠오카,NNG,5000
1079,훈제,NNG,5000
1080,해초,NNG,5000
